record_id,age_group,postcode_group,income_range,occupation_group
1,50-65,20**,120k-140k,Technology
2,30-49,20**,60k-80k,Finance
3,50-65,20**,140k-160k,Management
4,30-49,20**,80k-100k,Technology
5,30-49,21**,80k-100k,Finance
6,18-29,20**,80k-100k,Management
7,30-49,21**,80k-100k,Finance
8,30-49,20**,80k-100k,Technology
9,30-49,20**,80k-100k,Finance
10,30-49,20**,100k-120k,Technology
11,18-29,21**,80k-100k,Education
12,30-49,22**,80k-100k,Technology
13,50-65,21**,100k-120k,Technology
14,50-65,22**,100k-120k,Finance
15,50-65,22**,80k-100k,Finance
16,18-29,20**,60k-80k,Finance
17,30-49,21**,80k-100k,Technology
18,30-49,20**,80k-100k,Education
19,30-49,22**,80k-100k,Finance
20,50-65,21**,120k-140k,Technology
21,50-65,20**,100k-120k,Finance
22,30-49,22**,100k-120k,Finance
23,30-49,20**,60k-80k,Education
24,18-29,21**,60k-80k,Education
25,18-29,21**,60k-80k,Finance
26,30-49,21**,60k-80k,Business
27,18-29,20**,60k-80k,Finance
28,50-65,21**,120k-140k,Management
29,50-65,21**,100k-120k,Business
30,30-49,20**,80k-100k,Education
31,50-65,20**,80k-100k,Business
32,18-29,22**,80k-100k,Technology
33,50-65,21**,100k-120k,Healthcare
34,30-49,21**,100k-120k,Healthcare
35,50-65,21**,80k-100k,Finance
36,50-65,22**,140k-160k,Technology
37,30-49,20**,80k-100k,Education
38,30-49,21**,100k-120k,Technology
39,50-65,21**,100k-120k,Finance
40,50-65,22**,100k-120k,Technology
41,50-65,21**,120k-140k,Management
42,18-29,20**,80k-100k,Education
43,50-65,21**,80k-100k,Technology
44,30-49,20**,80k-100k,Technology
45,30-49,20**,60k-80k,Finance
46,50-65,20**,120k-140k,Technology
47,18-29,20**,80k-100k,Management
48,50-65,21**,100k-120k,Business
49,30-49,21**,100k-120k,Management
50,30-49,22**,80k-100k,Management
51,50-65,21**,100k-120k,Finance
52,30-49,21**,100k-120k,Management
53,30-49,20**,60k-80k,Finance
54,18-29,21**,40k-60k,Business
55,50-65,20**,80k-100k,Finance
56,50-65,20**,100k-120k,Technology
57,18-29,20**,60k-80k,Education
58,30-49,22**,80k-100k,Finance
59,30-49,20**,100k-120k,Management
60,50-65,20**,100k-120k,Business
61,30-49,20**,80k-100k,Finance
62,50-65,21**,100k-120k,Healthcare
63,30-49,22**,60k-80k,Business
64,50-65,20**,120k-140k,Technology
65,50-65,20**,100k-120k,Education
66,30-49,21**,60k-80k,Finance
67,18-29,20**,60k-80k,Healthcare
68,30-49,20**,80k-100k,Finance
69,50-65,20**,120k-140k,Technology
70,18-29,20**,60k-80k,Technology
71,30-49,21**,80k-100k,Business
72,30-49,20**,80k-100k,Technology
73,18-29,20**,60k-80k,Healthcare
74,30-49,22**,80k-100k,Healthcare
75,50-65,20**,100k-120k,Business
76,30-49,20**,80k-100k,Finance
77,50-65,20**,140k-160k,Management
78,18-29,21**,60k-80k,Technology
79,50-65,20**,100k-120k,Management
80,50-65,20**,100k-120k,Technology
81,50-65,22**,120k-140k,Technology
82,30-49,21**,100k-120k,Technology
83,50-65,20**,80k-100k,Business
84,30-49,21**,80k-100k,Business
85,30-49,20**,80k-100k,Finance
86,30-49,21**,60k-80k,Finance
87,50-65,21**,100k-120k,Finance
88,18-29,21**,60k-80k,Technology
89,18-29,21**,80k-100k,Technology
90,50-65,20**,100k-120k,Finance
91,18-29,21**,60k-80k,Finance
92,18-29,21**,60k-80k,Business
93,50-65,20**,120k-140k,Management
94,30-49,20**,80k-100k,Technology
95,18-29,22**,80k-100k,Technology
96,18-29,20**,80k-100k,Finance
97,30-49,20**,60k-80k,Education
98,50-65,20**,80k-100k,Business
99,18-29,20**,60k-80k,Healthcare
100,18-29,20**,60k-80k,Education
101,18-29,21**,60k-80k,Business
102,50-65,20**,80k-100k,Technology
103,50-65,21**,120k-140k,Technology
104,30-49,21**,60k-80k,Business
105,30-49,20**,100k-120k,Technology
106,30-49,21**,80k-100k,Technology
107,50-65,22**,80k-100k,Finance
108,30-49,21**,100k-120k,Management
109,30-49,20**,100k-120k,Technology
110,18-29,22**,80k-100k,Technology
111,30-49,20**,80k-100k,Finance
112,50-65,21**,120k-140k,Technology
113,30-49,20**,80k-100k,Finance
114,30-49,20**,80k-100k,Finance
115,18-29,21**,60k-80k,Finance
116,30-49,20**,100k-120k,Technology
117,50-65,21**,120k-140k,Management
118,30-49,20**,80k-100k,Technology
119,18-29,20**,40k-60k,Business
120,18-29,21**,60k-80k,Business
121,50-65,21**,100k-120k,Education
122,50-65,21**,120k-140k,Technology
123,30-49,20**,80k-100k,Finance
124,18-29,21**,80k-100k,Management
125,30-49,20**,80k-100k,Healthcare
126,50-65,22**,100k-120k,Education
127,50-65,21**,100k-120k,Finance
128,50-65,20**,100k-120k,Healthcare
129,50-65,21**,100k-120k,Finance
130,30-49,22**,80k-100k,Healthcare
131,50-65,21**,140k-160k,Technology
132,30-49,21**,80k-100k,Healthcare
133,30-49,20**,80k-100k,Finance
134,50-65,22**,80k-100k,Business
135,30-49,21**,80k-100k,Business
136,50-65,22**,80k-100k,Business
137,50-65,20**,120k-140k,Technology
138,50-65,20**,80k-100k,Business
139,30-49,20**,60k-80k,Finance
140,18-29,20**,60k-80k,Technology
141,30-49,20**,80k-100k,Business
142,30-49,20**,80k-100k,Business
143,30-49,20**,80k-100k,Healthcare
144,50-65,20**,100k-120k,Technology
145,30-49,22**,100k-120k,Technology
146,30-49,21**,80k-100k,Technology
147,18-29,20**,60k-80k,Business
148,50-65,21**,140k-160k,Management
149,30-49,21**,80k-100k,Business
150,30-49,21**,100k-120k,Management
151,50-65,21**,100k-120k,Business
152,30-49,21**,80k-100k,Finance
153,50-65,20**,100k-120k,Finance
154,18-29,20**,60k-80k,Finance
155,30-49,21**,60k-80k,Education
156,18-29,20**,80k-100k,Technology
157,50-65,22**,120k-140k,Technology
158,18-29,21**,60k-80k,Healthcare
159,50-65,21**,80k-100k,Business
160,30-49,21**,80k-100k,Healthcare
161,50-65,21**,100k-120k,Technology
162,30-49,21**,80k-100k,Technology
163,30-49,21**,100k-120k,Healthcare
164,50-65,21**,80k-100k,Finance
165,30-49,21**,60k-80k,Healthcare
166,30-49,22**,80k-100k,Education
167,50-65,21**,120k-140k,Technology
168,50-65,20**,120k-140k,Management
169,50-65,22**,80k-100k,Business
170,18-29,20**,80k-100k,Healthcare
171,18-29,20**,60k-80k,Technology
172,30-49,21**,80k-100k,Finance
173,30-49,20**,80k-100k,Healthcare
174,30-49,21**,80k-100k,Technology
175,50-65,20**,140k-160k,Management
176,30-49,22**,80k-100k,Technology
177,18-29,20**,60k-80k,Finance
178,50-65,20**,120k-140k,Technology
179,30-49,21**,100k-120k,Technology
180,30-49,21**,80k-100k,Finance
181,50-65,22**,80k-100k,Business
182,18-29,20**,80k-100k,Finance
183,18-29,21**,60k-80k,Finance
184,30-49,20**,80k-100k,Finance
185,50-65,20**,100k-120k,Finance
186,50-65,20**,100k-120k,Business
187,18-29,21**,60k-80k,Education
188,50-65,20**,100k-120k,Education
189,50-65,20**,100k-120k,Education
190,30-49,21**,100k-120k,Technology
191,50-65,22**,80k-100k,Business
192,30-49,22**,120k-140k,Technology
193,50-65,21**,120k-140k,Finance
194,30-49,21**,100k-120k,Business
195,30-49,20**,60k-80k,Education
196,30-49,20**,80k-100k,Business
197,50-65,22**,80k-100k,Business
198,30-49,21**,80k-100k,Technology
199,18-29,20**,60k-80k,Business
200,30-49,20**,80k-100k,Education
201,50-65,21**,100k-120k,Finance
202,50-65,20**,80k-100k,Finance
203,50-65,21**,120k-140k,Healthcare
204,30-49,22**,80k-100k,Business
205,30-49,20**,80k-100k,Technology
206,30-49,22**,80k-100k,Healthcare
207,30-49,21**,80k-100k,Business
208,50-65,21**,120k-140k,Management
209,50-65,20**,140k-160k,Management
210,50-65,20**,100k-120k,Business
211,30-49,20**,60k-80k,Finance
212,30-49,22**,100k-120k,Technology
213,50-65,20**,120k-140k,Technology
214,50-65,20**,100k-120k,Business
215,50-65,20**,80k-100k,Business
216,30-49,20**,80k-100k,Finance
217,18-29,20**,80k-100k,Finance
218,18-29,20**,60k-80k,Finance
219,50-65,22**,100k-120k,Finance
220,50-65,20**,80k-100k,Business
221,50-65,21**,100k-120k,Finance
222,30-49,20**,80k-100k,Education
223,30-49,20**,60k-80k,Business
224,30-49,20**,80k-100k,Business
225,50-65,20**,80k-100k,Technology
226,50-65,20**,100k-120k,Finance
227,18-29,21**,80k-100k,Management
228,50-65,20**,100k-120k,Business
229,30-49,21**,80k-100k,Business
230,50-65,20**,100k-120k,Healthcare
231,50-65,21**,80k-100k,Technology
232,30-49,20**,60k-80k,Finance
233,18-29,20**,60k-80k,Finance
234,18-29,20**,80k-100k,Technology
235,30-49,21**,80k-100k,Business
236,18-29,20**,60k-80k,Finance
237,50-65,20**,100k-120k,Business
238,30-49,22**,60k-80k,Business
239,30-49,21**,100k-120k,Technology
240,50-65,20**,120k-140k,Technology
241,18-29,20**,60k-80k,Technology
242,50-65,20**,100k-120k,Business
243,18-29,22**,60k-80k,Business
244,50-65,20**,120k-140k,Healthcare
245,50-65,21**,80k-100k,Business
246,50-65,21**,100k-120k,Technology
247,50-65,20**,100k-120k,Finance
248,30-49,21**,60k-80k,Business
249,50-65,21**,100k-120k,Finance
250,18-29,21**,60k-80k,Business
251,30-49,21**,100k-120k,Technology
252,50-65,20**,100k-120k,Business
253,30-49,20**,80k-100k,Healthcare
254,50-65,20**,120k-140k,Technology
255,30-49,20**,80k-100k,Business
256,50-65,21**,80k-100k,Technology
257,30-49,20**,80k-100k,Finance
258,30-49,20**,100k-120k,Management
259,30-49,20**,80k-100k,Healthcare
260,50-65,21**,100k-120k,Education
261,50-65,20**,80k-100k,Business
262,30-49,20**,100k-120k,Management
263,30-49,20**,80k-100k,Business
264,50-65,20**,80k-100k,Business
265,30-49,20**,100k-120k,Management
266,30-49,20**,100k-120k,Technology
267,30-49,22**,100k-120k,Technology
268,30-49,21**,100k-120k,Finance
269,30-49,21**,80k-100k,Business
270,30-49,20**,100k-120k,Management
271,30-49,21**,60k-80k,Business
272,18-29,21**,60k-80k,Finance
273,50-65,20**,100k-120k,Finance
274,50-65,21**,120k-140k,Finance
275,50-65,20**,100k-120k,Business
276,50-65,21**,80k-100k,Business
277,50-65,21**,120k-140k,Management
278,30-49,22**,60k-80k,Finance
279,50-65,20**,100k-120k,Healthcare
280,18-29,22**,60k-80k,Education
281,50-65,21**,100k-120k,Healthcare
282,30-49,20**,100k-120k,Technology
283,50-65,20**,100k-120k,Education
284,18-29,21**,80k-100k,Management
285,50-65,21**,120k-140k,Technology
286,18-29,20**,60k-80k,Business
287,50-65,22**,100k-120k,Healthcare
288,30-49,21**,100k-120k,Management
289,50-65,21**,80k-100k,Business
290,50-65,20**,120k-140k,Technology
291,30-49,21**,80k-100k,Technology
292,50-65,21**,120k-140k,Technology
293,50-65,20**,100k-120k,Finance
294,30-49,20**,80k-100k,Technology
295,30-49,20**,80k-100k,Healthcare
296,50-65,21**,100k-120k,Healthcare
297,18-29,20**,100k-120k,Technology
298,30-49,22**,80k-100k,Business
299,30-49,20**,80k-100k,Business
300,30-49,21**,80k-100k,Finance
301,50-65,21**,100k-120k,Technology
302,50-65,20**,120k-140k,Management
303,30-49,21**,80k-100k,Education
304,50-65,22**,100k-120k,Healthcare
305,30-49,20**,100k-120k,Finance
306,30-49,20**,100k-120k,Technology
307,50-65,21**,100k-120k,Education
308,50-65,20**,100k-120k,Finance
309,30-49,21**,60k-80k,Technology
310,50-65,20**,80k-100k,Business
311,50-65,20**,100k-120k,Education
312,50-65,22**,100k-120k,Finance
313,50-65,22**,120k-140k,Technology
314,30-49,20**,80k-100k,Business
315,30-49,20**,100k-120k,Technology
316,30-49,20**,80k-100k,Healthcare
317,18-29,21**,80k-100k,Management
318,50-65,20**,100k-120k,Finance
319,30-49,22**,100k-120k,Finance
320,18-29,20**,60k-80k,Business
321,30-49,21**,80k-100k,Healthcare
322,18-29,20**,60k-80k,Healthcare
323,50-65,21**,120k-140k,Technology
324,50-65,21**,100k-120k,Finance
325,50-65,20**,100k-120k,Education
326,30-49,21**,100k-120k,Technology
327,30-49,20**,60k-80k,Business
328,50-65,22**,100k-120k,Business
329,50-65,20**,100k-120k,Healthcare
330,18-29,20**,60k-80k,Technology
331,18-29,20**,80k-100k,Technology
332,18-29,21**,80k-100k,Healthcare
333,50-65,21**,140k-160k,Management
334,50-65,21**,120k-140k,Technology
335,30-49,21**,80k-100k,Business
336,18-29,20**,60k-80k,Education
337,30-49,21**,80k-100k,Finance
338,50-65,21**,100k-120k,Education
339,18-29,20**,60k-80k,Healthcare
340,18-29,20**,60k-80k,Business
341,50-65,20**,80k-100k,Business
342,30-49,20**,80k-100k,Finance
343,30-49,21**,80k-100k,Technology
344,50-65,20**,100k-120k,Finance
345,18-29,20**,60k-80k,Business
346,18-29,21**,80k-100k,Technology
347,18-29,22**,80k-100k,Technology
348,18-29,21**,60k-80k,Technology
349,50-65,20**,100k-120k,Education
350,30-49,20**,80k-100k,Technology
351,50-65,22**,100k-120k,Technology
352,30-49,21**,80k-100k,Business
353,50-65,21**,120k-140k,Technology
354,30-49,20**,60k-80k,Business
355,30-49,22**,60k-80k,Business
356,18-29,21**,60k-80k,Business
357,50-65,21**,120k-140k,Technology
358,18-29,20**,80k-100k,Technology
359,18-29,20**,80k-100k,Technology
360,50-65,21**,100k-120k,Business
361,30-49,21**,80k-100k,Business
362,30-49,21**,120k-140k,Management
363,18-29,22**,80k-100k,Technology
364,50-65,21**,100k-120k,Finance
365,30-49,20**,80k-100k,Healthcare
366,30-49,22**,80k-100k,Healthcare
367,30-49,20**,80k-100k,Healthcare
368,30-49,22**,100k-120k,Technology
369,18-29,20**,60k-80k,Technology
370,30-49,22**,100k-120k,Technology
371,18-29,20**,80k-100k,Management
372,50-65,20**,100k-120k,Management
373,30-49,22**,80k-100k,Education
374,50-65,20**,100k-120k,Technology
375,30-49,20**,80k-100k,Education
376,50-65,20**,80k-100k,Finance
377,30-49,21**,100k-120k,Technology
378,30-49,20**,100k-120k,Technology
379,30-49,21**,80k-100k,Healthcare
380,18-29,22**,40k-60k,Business
381,18-29,20**,80k-100k,Technology
382,30-49,20**,80k-100k,Education
383,18-29,22**,60k-80k,Business
384,18-29,22**,80k-100k,Technology
385,18-29,20**,80k-100k,Management
386,30-49,20**,80k-100k,Business
387,30-49,22**,80k-100k,Finance
388,50-65,20**,80k-100k,Business
389,18-29,21**,80k-100k,Technology
390,50-65,20**,120k-140k,Technology
391,50-65,21**,120k-140k,Healthcare
392,30-49,20**,80k-100k,Healthcare
393,50-65,21**,120k-140k,Technology
394,18-29,22**,80k-100k,Finance
395,30-49,22**,100k-120k,Management
396,18-29,21**,60k-80k,Finance
397,18-29,20**,60k-80k,Technology
398,30-49,20**,80k-100k,Technology
399,30-49,20**,100k-120k,Technology
400,50-65,20**,100k-120k,Healthcare
401,30-49,22**,100k-120k,Management
402,50-65,22**,120k-140k,Management
403,18-29,22**,60k-80k,Healthcare
404,30-49,21**,80k-100k,Technology
405,30-49,21**,80k-100k,Business
406,30-49,20**,80k-100k,Healthcare
407,30-49,20**,80k-100k,Technology
408,50-65,22**,100k-120k,Business
409,18-29,20**,60k-80k,Healthcare
410,30-49,21**,80k-100k,Business
411,18-29,20**,60k-80k,Healthcare
412,30-49,20**,60k-80k,Education
413,50-65,21**,120k-140k,Technology
414,30-49,21**,60k-80k,Education
415,30-49,20**,80k-100k,Technology
416,30-49,21**,80k-100k,Technology
417,50-65,20**,120k-140k,Technology
418,30-49,21**,80k-100k,Business
419,50-65,22**,100k-120k,Business
420,50-65,20**,100k-120k,Education
421,18-29,21**,60k-80k,Business
422,30-49,20**,60k-80k,Business
423,50-65,20**,120k-140k,Technology
424,30-49,20**,80k-100k,Technology
425,30-49,22**,80k-100k,Technology
426,50-65,21**,100k-120k,Business
427,30-49,21**,80k-100k,Business
428,30-49,22**,80k-100k,Business
429,30-49,21**,80k-100k,Business
430,18-29,21**,60k-80k,Technology
431,30-49,21**,80k-100k,Technology
432,18-29,22**,60k-80k,Finance
433,30-49,21**,120k-140k,Management
434,18-29,21**,60k-80k,Education
435,30-49,20**,100k-120k,Healthcare
436,18-29,20**,60k-80k,Education
437,18-29,22**,80k-100k,Management
438,30-49,22**,80k-100k,Finance
439,18-29,20**,80k-100k,Education
440,50-65,21**,120k-140k,Technology
441,50-65,20**,120k-140k,Healthcare
442,50-65,20**,140k-160k,Technology
443,30-49,20**,80k-100k,Education
444,18-29,21**,60k-80k,Healthcare
445,18-29,20**,60k-80k,Education
446,30-49,21**,60k-80k,Education
447,30-49,20**,80k-100k,Technology
448,30-49,21**,100k-120k,Technology
449,50-65,20**,140k-160k,Management
450,50-65,21**,120k-140k,Technology
451,18-29,20**,80k-100k,Technology
452,50-65,20**,100k-120k,Business
453,30-49,21**,80k-100k,Finance
454,50-65,20**,100k-120k,Business
455,30-49,21**,60k-80k,Finance
456,30-49,21**,80k-100k,Business
457,30-49,21**,80k-100k,Healthcare
458,30-49,20**,120k-140k,Technology
459,18-29,20**,80k-100k,Finance
460,30-49,20**,100k-120k,Management
461,18-29,20**,60k-80k,Finance
462,30-49,21**,60k-80k,Business
463,30-49,20**,100k-120k,Technology
464,30-49,21**,60k-80k,Technology
465,30-49,21**,100k-120k,Management
466,30-49,21**,100k-120k,Technology
467,18-29,20**,60k-80k,Education
468,18-29,20**,80k-100k,Technology
469,30-49,22**,120k-140k,Technology
470,30-49,20**,80k-100k,Business
471,18-29,20**,60k-80k,Finance
472,50-65,21**,80k-100k,Business
473,18-29,20**,60k-80k,Finance
474,18-29,20**,60k-80k,Technology
475,50-65,21**,80k-100k,Business
476,18-29,21**,60k-80k,Business
477,18-29,21**,80k-100k,Management
478,50-65,20**,140k-160k,Technology
479,18-29,21**,40k-60k,Business
480,50-65,20**,100k-120k,Healthcare
481,50-65,20**,100k-120k,Education
482,50-65,21**,120k-140k,Management
483,18-29,21**,60k-80k,Healthcare
484,50-65,21**,100k-120k,Healthcare
485,50-65,21**,100k-120k,Technology
486,30-49,22**,60k-80k,Finance
487,50-65,20**,80k-100k,Education
488,30-49,20**,100k-120k,Management
489,50-65,22**,100k-120k,Business
490,50-65,20**,120k-140k,Technology
491,50-65,20**,100k-120k,Business
492,30-49,20**,60k-80k,Technology
493,30-49,21**,80k-100k,Finance
494,50-65,20**,80k-100k,Business
495,50-65,20**,100k-120k,Finance
496,18-29,20**,60k-80k,Education
497,30-49,21**,80k-100k,Healthcare
498,30-49,20**,80k-100k,Education
499,50-65,21**,100k-120k,Business
500,30-49,22**,100k-120k,Technology
501,18-29,21**,60k-80k,Healthcare
502,50-65,20**,80k-100k,Finance
503,18-29,22**,60k-80k,Education
504,30-49,21**,80k-100k,Business
505,18-29,21**,60k-80k,Business
506,18-29,21**,60k-80k,Education
507,30-49,20**,80k-100k,Technology
508,30-49,22**,100k-120k,Management
509,18-29,21**,80k-100k,Technology
510,18-29,20**,80k-100k,Technology
511,50-65,21**,100k-120k,Education
512,50-65,21**,80k-100k,Technology
513,50-65,21**,100k-120k,Business
514,30-49,21**,100k-120k,Technology
515,50-65,21**,100k-120k,Education
516,50-65,20**,100k-120k,Finance
517,18-29,21**,80k-100k,Technology
518,30-49,20**,100k-120k,Management
519,30-49,20**,60k-80k,Business
520,50-65,20**,100k-120k,Business
521,18-29,21**,80k-100k,Technology
522,50-65,20**,100k-120k,Business
523,50-65,22**,100k-120k,Education
524,50-65,20**,120k-140k,Management
525,18-29,21**,100k-120k,Technology
526,30-49,20**,80k-100k,Technology
527,30-49,20**,60k-80k,Business
528,50-65,21**,100k-120k,Business
529,50-65,21**,120k-140k,Technology
530,18-29,21**,60k-80k,Finance
531,50-65,21**,100k-120k,Healthcare
532,18-29,20**,80k-100k,Technology
533,30-49,22**,80k-100k,Business
534,30-49,21**,100k-120k,Technology
535,18-29,21**,100k-120k,Technology
536,18-29,21**,60k-80k,Technology
537,30-49,20**,100k-120k,Technology
538,50-65,21**,100k-120k,Finance
539,30-49,20**,80k-100k,Technology
540,50-65,20**,120k-140k,Management
541,50-65,21**,100k-120k,Finance
542,18-29,22**,80k-100k,Management
543,50-65,20**,80k-100k,Business
544,50-65,22**,100k-120k,Business
545,30-49,20**,60k-80k,Business
546,18-29,22**,60k-80k,Technology
547,30-49,21**,80k-100k,Finance
548,50-65,21**,100k-120k,Technology
549,30-49,21**,80k-100k,Finance
550,50-65,20**,120k-140k,Healthcare
551,18-29,20**,60k-80k,Technology
552,30-49,21**,80k-100k,Business
553,30-49,20**,60k-80k,Business
554,50-65,22**,100k-120k,Education
555,30-49,21**,120k-140k,Technology
556,50-65,20**,120k-140k,Technology
557,30-49,20**,100k-120k,Technology
558,30-49,20**,80k-100k,Technology
559,30-49,21**,80k-100k,Healthcare
560,30-49,20**,100k-120k,Technology
561,50-65,20**,100k-120k,Education
562,30-49,21**,120k-140k,Management
563,30-49,20**,60k-80k,Business
564,30-49,21**,100k-120k,Management
565,30-49,21**,60k-80k,Business
566,18-29,21**,60k-80k,Finance
567,50-65,20**,100k-120k,Business
568,18-29,21**,60k-80k,Technology
569,30-49,21**,80k-100k,Education
570,18-29,20**,80k-100k,Healthcare
571,50-65,21**,100k-120k,Finance
572,30-49,21**,100k-120k,Technology
573,30-49,20**,100k-120k,Management
574,18-29,21**,80k-100k,Technology
575,30-49,21**,100k-120k,Management
576,30-49,21**,60k-80k,Business
577,50-65,20**,80k-100k,Technology
578,18-29,21**,80k-100k,Education
579,30-49,21**,120k-140k,Technology
580,18-29,21**,60k-80k,Education
581,18-29,21**,80k-100k,Healthcare
582,50-65,21**,100k-120k,Education
583,50-65,22**,100k-120k,Business
584,30-49,20**,80k-100k,Business
585,30-49,21**,100k-120k,Technology
586,30-49,21**,80k-100k,Technology
587,30-49,21**,60k-80k,Business
588,50-65,21**,100k-120k,Technology
589,18-29,22**,80k-100k,Management
590,18-29,20**,60k-80k,Finance
591,50-65,20**,120k-140k,Technology
592,30-49,21**,80k-100k,Education
593,30-49,21**,80k-100k,Finance
594,50-65,22**,80k-100k,Business
595,50-65,21**,120k-140k,Technology
596,50-65,22**,100k-120k,Education
597,50-65,20**,100k-120k,Healthcare
598,30-49,20**,120k-140k,Management
599,30-49,21**,80k-100k,Finance
600,30-49,20**,80k-100k,Finance
601,30-49,20**,60k-80k,Finance
602,50-65,22**,100k-120k,Finance
603,30-49,21**,80k-100k,Business
604,50-65,20**,100k-120k,Finance
605,50-65,21**,120k-140k,Management
606,30-49,20**,100k-120k,Technology
607,30-49,21**,100k-120k,Technology
608,50-65,22**,100k-120k,Finance
609,30-49,21**,60k-80k,Finance
610,50-65,20**,80k-100k,Finance
611,50-65,20**,80k-100k,Business
612,18-29,20**,80k-100k,Management
613,18-29,21**,60k-80k,Technology
614,50-65,20**,100k-120k,Business
615,18-29,20**,80k-100k,Management
616,50-65,21**,100k-120k,Business
617,30-49,20**,60k-80k,Education
618,18-29,20**,60k-80k,Business
619,50-65,20**,100k-120k,Technology
620,18-29,21**,80k-100k,Technology
621,18-29,20**,60k-80k,Finance
622,30-49,21**,60k-80k,Business
623,30-49,21**,80k-100k,Finance
624,50-65,20**,100k-120k,Business
625,30-49,20**,80k-100k,Finance
626,30-49,22**,100k-120k,Technology
627,50-65,22**,100k-120k,Finance
628,18-29,20**,60k-80k,Education
629,50-65,20**,100k-120k,Finance
630,30-49,20**,100k-120k,Management
631,30-49,20**,100k-120k,Technology
632,30-49,20**,80k-100k,Education
633,30-49,20**,80k-100k,Healthcare
634,30-49,20**,80k-100k,Education
635,50-65,20**,100k-120k,Business
636,50-65,22**,100k-120k,Education
637,18-29,21**,60k-80k,Technology
638,18-29,22**,80k-100k,Healthcare
639,50-65,22**,100k-120k,Finance
640,50-65,21**,100k-120k,Finance
641,30-49,21**,80k-100k,Technology
642,30-49,21**,80k-100k,Business
643,50-65,21**,140k-160k,Management
644,50-65,20**,100k-120k,Finance
645,18-29,21**,80k-100k,Management
646,50-65,20**,100k-120k,Education
647,18-29,21**,60k-80k,Technology
648,30-49,21**,60k-80k,Business
649,18-29,21**,80k-100k,Education
650,18-29,22**,60k-80k,Finance
651,30-49,21**,120k-140k,Technology
652,18-29,20**,60k-80k,Business
653,30-49,21**,60k-80k,Business
654,50-65,22**,80k-100k,Business
655,50-65,21**,100k-120k,Technology
656,18-29,21**,60k-80k,Finance
657,18-29,21**,60k-80k,Healthcare
658,50-65,20**,100k-120k,Technology
659,18-29,21**,60k-80k,Finance
660,18-29,21**,80k-100k,Healthcare
661,30-49,21**,80k-100k,Healthcare
662,50-65,20**,120k-140k,Management
663,18-29,21**,80k-100k,Technology
664,50-65,22**,120k-140k,Technology
665,18-29,20**,60k-80k,Technology
666,50-65,21**,140k-160k,Management
667,30-49,20**,80k-100k,Finance
668,30-49,20**,100k-120k,Technology
669,50-65,20**,140k-160k,Technology
670,50-65,20**,80k-100k,Technology
671,18-29,21**,60k-80k,Technology
672,30-49,22**,60k-80k,Business
673,30-49,21**,80k-100k,Technology
674,30-49,20**,80k-100k,Management
675,18-29,20**,80k-100k,Management
676,50-65,20**,100k-120k,Business
677,50-65,20**,100k-120k,Education
678,18-29,20**,80k-100k,Management
679,30-49,20**,80k-100k,Finance
680,50-65,22**,120k-140k,Technology
681,50-65,20**,80k-100k,Business
682,50-65,21**,100k-120k,Healthcare
683,50-65,21**,100k-120k,Healthcare
684,30-49,20**,80k-100k,Healthcare
685,30-49,20**,80k-100k,Finance
686,50-65,21**,120k-140k,Technology
687,50-65,21**,100k-120k,Healthcare
688,50-65,21**,120k-140k,Technology
689,30-49,20**,60k-80k,Finance
690,30-49,20**,100k-120k,Education
691,50-65,20**,100k-120k,Finance
692,30-49,21**,60k-80k,Business
693,18-29,21**,60k-80k,Finance
694,30-49,20**,60k-80k,Business
695,30-49,20**,60k-80k,Technology
696,50-65,22**,140k-160k,Technology
697,30-49,22**,60k-80k,Business
698,30-49,21**,80k-100k,Finance
699,30-49,21**,80k-100k,Healthcare
700,50-65,20**,100k-120k,Education
701,30-49,21**,100k-120k,Management
702,18-29,20**,60k-80k,Business
703,30-49,21**,80k-100k,Education
704,50-65,22**,80k-100k,Finance
705,18-29,21**,60k-80k,Finance
706,50-65,20**,100k-120k,Healthcare
707,30-49,20**,80k-100k,Education
708,50-65,21**,100k-120k,Finance
709,50-65,20**,100k-120k,Education
710,50-65,21**,100k-120k,Business
711,50-65,20**,100k-120k,Education
712,50-65,21**,120k-140k,Management
713,50-65,21**,80k-100k,Technology
714,18-29,20**,60k-80k,Technology
715,18-29,20**,60k-80k,Finance
716,18-29,21**,60k-80k,Finance
717,30-49,21**,80k-100k,Technology
718,50-65,20**,80k-100k,Business
719,50-65,21**,100k-120k,Management
720,18-29,22**,80k-100k,Management
721,50-65,20**,100k-120k,Finance
722,50-65,20**,100k-120k,Healthcare
723,18-29,20**,80k-100k,Management
724,30-49,21**,60k-80k,Business
725,30-49,21**,80k-100k,Finance
726,30-49,21**,100k-120k,Healthcare
727,30-49,20**,60k-80k,Finance
728,50-65,20**,100k-120k,Technology
729,30-49,21**,100k-120k,Healthcare
730,18-29,22**,60k-80k,Technology
731,18-29,21**,60k-80k,Business
732,50-65,21**,100k-120k,Technology
733,30-49,22**,80k-100k,Finance
734,30-49,20**,80k-100k,Finance
735,50-65,21**,120k-140k,Finance
736,50-65,20**,100k-120k,Technology
737,18-29,21**,60k-80k,Finance
738,50-65,20**,100k-120k,Healthcare
739,18-29,20**,60k-80k,Business
740,30-49,20**,100k-120k,Management
741,50-65,22**,120k-140k,Technology
742,50-65,20**,80k-100k,Education
743,30-49,20**,80k-100k,Finance
744,50-65,21**,100k-120k,Business
745,30-49,22**,80k-100k,Technology
746,30-49,20**,80k-100k,Business
747,50-65,21**,100k-120k,Healthcare
748,50-65,22**,100k-120k,Business
749,18-29,20**,40k-60k,Business
750,50-65,20**,120k-140k,Technology
751,18-29,22**,60k-80k,Healthcare
752,50-65,20**,120k-140k,Healthcare
753,18-29,20**,80k-100k,Technology
754,30-49,20**,80k-100k,Education
755,18-29,20**,80k-100k,Technology
756,30-49,21**,120k-140k,Management
757,30-49,20**,100k-120k,Technology
758,30-49,20**,100k-120k,Management
759,50-65,21**,80k-100k,Education
760,30-49,21**,80k-100k,Healthcare
761,50-65,20**,140k-160k,Management
762,50-65,22**,120k-140k,Technology
763,18-29,20**,80k-100k,Technology
764,30-49,20**,60k-80k,Business
765,18-29,20**,80k-100k,Healthcare
766,30-49,20**,80k-100k,Business
767,30-49,22**,80k-100k,Finance
768,50-65,20**,100k-120k,Business
769,18-29,20**,80k-100k,Technology
770,30-49,21**,80k-100k,Education
771,30-49,20**,80k-100k,Business
772,50-65,20**,100k-120k,Business
773,30-49,22**,60k-80k,Business
774,30-49,20**,80k-100k,Education
775,30-49,22**,80k-100k,Finance
776,50-65,20**,100k-120k,Finance
777,30-49,21**,80k-100k,Healthcare
778,50-65,21**,100k-120k,Finance
779,18-29,20**,80k-100k,Management
780,50-65,21**,100k-120k,Finance
781,50-65,21**,140k-160k,Technology
782,18-29,20**,60k-80k,Finance
783,50-65,22**,140k-160k,Technology
784,30-49,21**,100k-120k,Technology
785,30-49,21**,80k-100k,Business
786,50-65,21**,80k-100k,Healthcare
787,30-49,21**,100k-120k,Management
788,18-29,22**,60k-80k,Finance
789,18-29,20**,60k-80k,Business
790,50-65,20**,100k-120k,Healthcare
791,18-29,20**,60k-80k,Technology
792,30-49,22**,100k-120k,Management
793,50-65,22**,100k-120k,Business
794,30-49,21**,60k-80k,Business
795,30-49,22**,80k-100k,Business
796,18-29,20**,80k-100k,Education
797,18-29,21**,60k-80k,Finance
798,18-29,21**,80k-100k,Technology
799,30-49,20**,80k-100k,Business
800,30-49,21**,80k-100k,Education
801,30-49,20**,80k-100k,Business
802,30-49,22**,60k-80k,Technology
803,18-29,22**,60k-80k,Education
804,50-65,22**,120k-140k,Technology
805,50-65,21**,120k-140k,Technology
806,30-49,21**,100k-120k,Management
807,30-49,22**,80k-100k,Healthcare
808,18-29,21**,60k-80k,Healthcare
809,50-65,20**,100k-120k,Business
810,50-65,21**,80k-100k,Healthcare
811,50-65,20**,100k-120k,Finance
812,50-65,21**,120k-140k,Technology
813,50-65,21**,120k-140k,Technology
814,30-49,20**,60k-80k,Business
815,50-65,21**,100k-120k,Business
816,50-65,21**,100k-120k,Healthcare
817,50-65,21**,120k-140k,Technology
818,30-49,20**,80k-100k,Business
819,50-65,20**,80k-100k,Business
820,30-49,20**,100k-120k,Technology
821,18-29,21**,80k-100k,Technology
822,50-65,21**,100k-120k,Healthcare
823,18-29,21**,60k-80k,Business
824,18-29,22**,60k-80k,Business
825,50-65,21**,120k-140k,Technology
826,30-49,20**,80k-100k,Finance
827,30-49,21**,60k-80k,Business
828,30-49,21**,80k-100k,Technology
829,30-49,21**,80k-100k,Healthcare
830,50-65,21**,100k-120k,Business
831,30-49,21**,80k-100k,Business
832,18-29,20**,40k-60k,Business
833,30-49,20**,60k-80k,Technology
834,50-65,20**,100k-120k,Finance
835,50-65,21**,100k-120k,Business
836,18-29,20**,60k-80k,Business
837,50-65,21**,80k-100k,Education
838,50-65,21**,100k-120k,Business
839,30-49,22**,100k-120k,Technology
840,30-49,21**,80k-100k,Technology
841,30-49,21**,80k-100k,Technology
842,30-49,22**,80k-100k,Finance
843,50-65,22**,100k-120k,Education
844,50-65,20**,100k-120k,Healthcare
845,30-49,20**,80k-100k,Finance
846,30-49,20**,100k-120k,Management
847,50-65,20**,120k-140k,Technology
848,30-49,20**,80k-100k,Business
849,50-65,20**,120k-140k,Technology
850,18-29,22**,60k-80k,Finance
851,50-65,20**,120k-140k,Technology
852,50-65,20**,100k-120k,Education
853,30-49,21**,120k-140k,Technology
854,50-65,21**,100k-120k,Healthcare
855,18-29,21**,80k-100k,Technology
856,50-65,22**,120k-140k,Finance
857,30-49,20**,80k-100k,Business
858,18-29,22**,80k-100k,Technology
859,50-65,20**,100k-120k,Education
860,30-49,21**,80k-100k,Finance
861,30-49,20**,100k-120k,Finance
862,30-49,21**,100k-120k,Management
863,50-65,20**,80k-100k,Business
864,18-29,22**,80k-100k,Technology
865,18-29,20**,80k-100k,Technology
866,30-49,21**,80k-100k,Technology
867,50-65,22**,140k-160k,Technology
868,18-29,20**,60k-80k,Finance
869,30-49,21**,80k-100k,Technology
870,18-29,22**,60k-80k,Healthcare
871,50-65,21**,100k-120k,Finance
872,50-65,20**,120k-140k,Technology
873,30-49,20**,120k-140k,Technology
874,30-49,22**,100k-120k,Management
875,18-29,22**,60k-80k,Technology
876,18-29,22**,60k-80k,Healthcare
877,30-49,20**,100k-120k,Technology
878,18-29,20**,80k-100k,Technology
879,30-49,20**,80k-100k,Finance
880,18-29,20**,80k-100k,Technology
881,50-65,21**,80k-100k,Technology
882,30-49,22**,80k-100k,Education
883,50-65,21**,120k-140k,Technology
884,30-49,20**,80k-100k,Technology
885,18-29,22**,60k-80k,Business
886,30-49,20**,80k-100k,Healthcare
887,30-49,22**,60k-80k,Finance
888,30-49,21**,100k-120k,Management
889,50-65,20**,80k-100k,Business
890,50-65,20**,120k-140k,Finance
891,50-65,20**,120k-140k,Management
892,30-49,20**,80k-100k,Technology
893,30-49,20**,100k-120k,Technology
894,50-65,20**,100k-120k,Business
895,18-29,20**,60k-80k,Education
896,30-49,21**,80k-100k,Business
897,50-65,21**,100k-120k,Technology
898,18-29,20**,40k-60k,Business
899,30-49,20**,60k-80k,Finance
900,30-49,20**,100k-120k,Management
901,30-49,22**,100k-120k,Healthcare
902,18-29,21**,80k-100k,Management
903,30-49,20**,80k-100k,Technology
904,50-65,20**,100k-120k,Finance
905,30-49,21**,80k-100k,Healthcare
906,30-49,22**,80k-100k,Healthcare
907,18-29,20**,60k-80k,Finance
908,18-29,21**,60k-80k,Business
909,18-29,22**,60k-80k,Finance
910,18-29,22**,60k-80k,Technology
911,50-65,20**,100k-120k,Technology
912,30-49,21**,100k-120k,Management
913,18-29,20**,60k-80k,Education
914,50-65,20**,120k-140k,Technology
915,30-49,21**,80k-100k,Finance
916,30-49,22**,60k-80k,Business
917,30-49,21**,80k-100k,Business
918,18-29,21**,60k-80k,Business
919,30-49,20**,100k-120k,Technology
920,50-65,20**,120k-140k,Technology
921,18-29,20**,60k-80k,Technology
922,18-29,21**,60k-80k,Business
923,18-29,20**,100k-120k,Technology
924,50-65,20**,100k-120k,Healthcare
925,30-49,22**,80k-100k,Healthcare
926,30-49,21**,100k-120k,Technology
927,18-29,22**,80k-100k,Management
928,18-29,21**,60k-80k,Finance
929,30-49,21**,100k-120k,Technology
930,30-49,20**,80k-100k,Education
931,30-49,21**,80k-100k,Technology
932,30-49,20**,60k-80k,Business
933,30-49,21**,100k-120k,Education
934,30-49,20**,80k-100k,Management
935,18-29,20**,60k-80k,Healthcare
936,50-65,22**,80k-100k,Education
937,30-49,22**,80k-100k,Technology
938,50-65,20**,100k-120k,Finance
939,50-65,21**,100k-120k,Finance
940,18-29,22**,80k-100k,Technology
941,18-29,20**,60k-80k,Technology
942,30-49,21**,80k-100k,Education
943,50-65,21**,120k-140k,Technology
944,50-65,20**,120k-140k,Healthcare
945,50-65,21**,80k-100k,Technology
946,30-49,20**,80k-100k,Finance
947,30-49,20**,80k-100k,Education
948,30-49,20**,60k-80k,Finance
949,18-29,20**,40k-60k,Business
950,18-29,21**,80k-100k,Technology
951,30-49,20**,80k-100k,Healthcare
952,30-49,21**,80k-100k,Finance
953,30-49,20**,80k-100k,Finance
954,18-29,22**,80k-100k,Finance
955,18-29,20**,60k-80k,Finance
956,18-29,21**,60k-80k,Finance
957,50-65,22**,80k-100k,Technology
958,30-49,20**,100k-120k,Technology
959,30-49,22**,120k-140k,Management
960,30-49,21**,80k-100k,Technology
961,18-29,20**,60k-80k,Technology
962,30-49,20**,100k-120k,Technology
963,30-49,21**,100k-120k,Technology
964,30-49,20**,80k-100k,Technology
965,30-49,20**,60k-80k,Business
966,30-49,20**,100k-120k,Technology
967,18-29,21**,80k-100k,Technology
968,50-65,21**,100k-120k,Healthcare
969,30-49,20**,80k-100k,Healthcare
970,30-49,20**,80k-100k,Technology
971,30-49,20**,100k-120k,Technology
972,50-65,21**,100k-120k,Finance
973,50-65,20**,80k-100k,Business
974,30-49,20**,80k-100k,Healthcare
975,30-49,20**,100k-120k,Management
976,18-29,22**,60k-80k,Healthcare
977,30-49,21**,100k-120k,Management
978,50-65,20**,120k-140k,Management
979,30-49,20**,100k-120k,Technology
980,50-65,20**,80k-100k,Finance
981,18-29,21**,60k-80k,Business
982,50-65,20**,80k-100k,Finance
983,30-49,20**,80k-100k,Finance
984,50-65,20**,100k-120k,Technology
985,30-49,20**,80k-100k,Education
986,30-49,20**,60k-80k,Business
987,50-65,22**,100k-120k,Technology
988,50-65,20**,100k-120k,Business
989,30-49,21**,60k-80k,Business
990,18-29,20**,60k-80k,Business
991,18-29,21**,60k-80k,Finance
992,18-29,21**,80k-100k,Management
993,30-49,20**,60k-80k,Business
994,30-49,20**,100k-120k,Technology
995,18-29,21**,80k-100k,Technology
996,18-29,21**,80k-100k,Management
997,30-49,21**,80k-100k,Healthcare
998,30-49,20**,80k-100k,Finance
999,18-29,22**,80k-100k,Healthcare
1000,50-65,20**,100k-120k,Education
1001,50-65,21**,100k-120k,Business
1002,50-65,20**,100k-120k,Business
1003,30-49,20**,80k-100k,Finance
1004,50-65,22**,100k-120k,Technology
1005,30-49,20**,80k-100k,Business
1006,50-65,21**,100k-120k,Education
1007,50-65,20**,100k-120k,Business
1008,18-29,22**,60k-80k,Education
1009,30-49,20**,60k-80k,Education
1010,50-65,22**,120k-140k,Technology
1011,30-49,20**,80k-100k,Technology
1012,30-49,21**,80k-100k,Technology
1013,18-29,20**,60k-80k,Technology
1014,30-49,20**,100k-120k,Healthcare
1015,30-49,21**,100k-120k,Healthcare
1016,30-49,21**,100k-120k,Technology
1017,50-65,20**,100k-120k,Finance
1018,18-29,20**,60k-80k,Technology
1019,30-49,20**,80k-100k,Finance
1020,30-49,21**,100k-120k,Technology
1021,50-65,21**,120k-140k,Technology
1022,30-49,21**,80k-100k,Business
1023,50-65,21**,100k-120k,Technology
1024,50-65,20**,100k-120k,Healthcare
1025,18-29,20**,60k-80k,Education
1026,30-49,22**,120k-140k,Management
1027,30-49,20**,80k-100k,Finance
1028,18-29,21**,60k-80k,Technology
1029,50-65,20**,80k-100k,Business
1030,30-49,21**,60k-80k,Technology
1031,30-49,21**,60k-80k,Business
1032,18-29,20**,60k-80k,Technology
1033,50-65,20**,100k-120k,Finance
1034,18-29,21**,60k-80k,Finance
1035,30-49,20**,100k-120k,Finance
1036,30-49,21**,100k-120k,Technology
1037,30-49,21**,100k-120k,Technology
1038,30-49,21**,60k-80k,Business
1039,30-49,21**,60k-80k,Finance
1040,18-29,20**,80k-100k,Technology
1041,50-65,21**,100k-120k,Healthcare
1042,50-65,21**,100k-120k,Technology
1043,30-49,22**,100k-120k,Management
1044,50-65,21**,80k-100k,Finance
1045,18-29,22**,60k-80k,Healthcare
1046,50-65,21**,100k-120k,Business
1047,50-65,20**,80k-100k,Business
1048,30-49,20**,100k-120k,Technology
1049,30-49,20**,100k-120k,Technology
1050,18-29,20**,60k-80k,Healthcare
1051,50-65,20**,100k-120k,Finance
1052,18-29,21**,60k-80k,Healthcare
1053,50-65,20**,100k-120k,Education
1054,30-49,22**,100k-120k,Technology
1055,50-65,20**,100k-120k,Healthcare
1056,18-29,21**,100k-120k,Technology
1057,50-65,20**,120k-140k,Technology
1058,18-29,21**,60k-80k,Finance
1059,30-49,21**,100k-120k,Finance
1060,50-65,21**,80k-100k,Business
1061,18-29,21**,60k-80k,Finance
1062,50-65,22**,100k-120k,Business
1063,18-29,20**,60k-80k,Healthcare
1064,18-29,20**,60k-80k,Business
1065,18-29,20**,60k-80k,Education
1066,30-49,22**,60k-80k,Business
1067,30-49,20**,100k-120k,Technology
1068,30-49,22**,80k-100k,Finance
1069,50-65,20**,120k-140k,Technology
1070,30-49,22**,80k-100k,Healthcare
1071,50-65,20**,100k-120k,Education
1072,18-29,20**,80k-100k,Technology
1073,30-49,21**,120k-140k,Technology
1074,18-29,20**,80k-100k,Technology
1075,18-29,20**,60k-80k,Finance
1076,18-29,22**,60k-80k,Education
1077,30-49,21**,80k-100k,Education
1078,30-49,22**,100k-120k,Technology
1079,30-49,21**,80k-100k,Education
1080,30-49,21**,120k-140k,Technology
1081,50-65,21**,80k-100k,Education
1082,30-49,20**,80k-100k,Technology
1083,30-49,20**,80k-100k,Technology
1084,30-49,22**,60k-80k,Finance
1085,50-65,20**,100k-120k,Finance
1086,50-65,22**,80k-100k,Technology
1087,30-49,22**,100k-120k,Technology
1088,50-65,20**,80k-100k,Technology
1089,50-65,22**,100k-120k,Finance
1090,30-49,21**,100k-120k,Healthcare
1091,30-49,21**,60k-80k,Finance
1092,50-65,21**,120k-140k,Management
1093,50-65,20**,120k-140k,Technology
1094,50-65,21**,100k-120k,Education
1095,50-65,20**,100k-120k,Finance
1096,30-49,20**,100k-120k,Technology
1097,50-65,20**,100k-120k,Education
1098,50-65,20**,100k-120k,Finance
1099,50-65,20**,100k-120k,Finance
1100,30-49,22**,80k-100k,Education
1101,50-65,22**,100k-120k,Technology
1102,30-49,21**,80k-100k,Finance
1103,30-49,21**,80k-100k,Technology
1104,30-49,22**,60k-80k,Education
1105,50-65,22**,140k-160k,Management
1106,50-65,21**,100k-120k,Education
1107,18-29,20**,80k-100k,Management
1108,18-29,20**,60k-80k,Business
1109,50-65,20**,120k-140k,Management
1110,50-65,20**,120k-140k,Technology
1111,30-49,21**,80k-100k,Finance
1112,30-49,21**,80k-100k,Finance
1113,30-49,21**,100k-120k,Technology
1114,50-65,21**,80k-100k,Business
1115,30-49,21**,80k-100k,Finance
1116,50-65,21**,100k-120k,Healthcare
1117,30-49,20**,80k-100k,Technology
1118,30-49,21**,80k-100k,Education
1119,30-49,20**,100k-120k,Technology
1120,18-29,20**,60k-80k,Business
1121,30-49,20**,80k-100k,Technology
1122,30-49,20**,80k-100k,Finance
1123,18-29,20**,60k-80k,Business
1124,50-65,22**,100k-120k,Healthcare
1125,30-49,21**,80k-100k,Healthcare
1126,18-29,21**,60k-80k,Technology
1127,50-65,20**,100k-120k,Education
1128,50-65,20**,80k-100k,Finance
1129,50-65,20**,100k-120k,Finance
1130,30-49,20**,100k-120k,Technology
1131,50-65,20**,80k-100k,Business
1132,18-29,20**,60k-80k,Technology
1133,30-49,21**,120k-140k,Management
1134,30-49,22**,80k-100k,Healthcare
1135,30-49,21**,60k-80k,Business
1136,18-29,20**,60k-80k,Healthcare
1137,30-49,20**,80k-100k,Technology
1138,50-65,20**,120k-140k,Management
1139,30-49,21**,80k-100k,Technology
1140,50-65,20**,100k-120k,Business
1141,18-29,22**,60k-80k,Technology
1142,18-29,21**,80k-100k,Technology
1143,30-49,21**,100k-120k,Technology
1144,30-49,20**,100k-120k,Technology
1145,30-49,22**,80k-100k,Healthcare
1146,50-65,20**,140k-160k,Management
1147,50-65,21**,120k-140k,Technology
1148,50-65,20**,80k-100k,Business
1149,18-29,21**,80k-100k,Technology
1150,50-65,20**,100k-120k,Finance
1151,30-49,22**,80k-100k,Education
1152,30-49,20**,100k-120k,Technology
1153,30-49,22**,80k-100k,Finance
1154,30-49,20**,60k-80k,Finance
1155,50-65,20**,140k-160k,Technology
1156,50-65,20**,80k-100k,Business
1157,50-65,22**,100k-120k,Technology
1158,30-49,21**,60k-80k,Finance
1159,30-49,20**,60k-80k,Business
1160,18-29,20**,60k-80k,Technology
1161,50-65,21**,100k-120k,Education
1162,18-29,20**,60k-80k,Technology
1163,50-65,20**,120k-140k,Technology
1164,30-49,20**,80k-100k,Business
1165,30-49,20**,80k-100k,Education
1166,30-49,21**,80k-100k,Healthcare
1167,30-49,21**,80k-100k,Business
1168,18-29,22**,80k-100k,Technology
1169,18-29,21**,80k-100k,Technology
1170,30-49,22**,80k-100k,Business
1171,18-29,21**,60k-80k,Business
1172,50-65,22**,80k-100k,Technology
1173,30-49,20**,80k-100k,Business
1174,30-49,20**,80k-100k,Technology
1175,50-65,20**,100k-120k,Education
1176,50-65,22**,100k-120k,Business
1177,30-49,21**,80k-100k,Education
1178,50-65,20**,100k-120k,Business
1179,50-65,21**,100k-120k,Finance
1180,50-65,20**,120k-140k,Healthcare
1181,50-65,20**,80k-100k,Technology
1182,50-65,21**,80k-100k,Business
1183,18-29,20**,60k-80k,Business
1184,30-49,20**,80k-100k,Finance
1185,30-49,22**,100k-120k,Management
1186,30-49,20**,80k-100k,Finance
1187,30-49,21**,80k-100k,Business
1188,30-49,20**,80k-100k,Business
1189,30-49,20**,80k-100k,Technology
1190,30-49,21**,80k-100k,Technology
1191,18-29,21**,60k-80k,Technology
1192,50-65,20**,120k-140k,Management
1193,30-49,20**,80k-100k,Education
1194,30-49,21**,100k-120k,Education
1195,30-49,22**,100k-120k,Education
1196,18-29,22**,80k-100k,Technology
1197,18-29,21**,60k-80k,Education
1198,50-65,21**,100k-120k,Management
1199,18-29,21**,80k-100k,Technology
1200,50-65,20**,100k-120k,Healthcare
1201,50-65,20**,80k-100k,Finance
1202,30-49,21**,80k-100k,Finance
1203,50-65,20**,100k-120k,Education
1204,18-29,20**,60k-80k,Business
1205,30-49,21**,80k-100k,Business
1206,30-49,21**,80k-100k,Technology
1207,50-65,21**,100k-120k,Healthcare
1208,50-65,22**,120k-140k,Technology
1209,18-29,20**,80k-100k,Technology
1210,50-65,21**,100k-120k,Business
1211,50-65,21**,100k-120k,Healthcare
1212,50-65,20**,100k-120k,Finance
1213,30-49,21**,80k-100k,Finance
1214,18-29,21**,80k-100k,Healthcare
1215,30-49,20**,100k-120k,Management
1216,50-65,20**,80k-100k,Finance
1217,50-65,22**,100k-120k,Finance
1218,50-65,22**,120k-140k,Technology
1219,50-65,22**,120k-140k,Management
1220,50-65,21**,140k-160k,Technology
1221,30-49,21**,80k-100k,Business
1222,50-65,20**,120k-140k,Management
1223,18-29,20**,80k-100k,Management
1224,30-49,20**,100k-120k,Technology
1225,30-49,20**,60k-80k,Finance
1226,50-65,20**,100k-120k,Finance
1227,50-65,20**,120k-140k,Finance
1228,18-29,21**,60k-80k,Education
1229,50-65,20**,120k-140k,Management
1230,30-49,21**,80k-100k,Finance
1231,50-65,21**,100k-120k,Technology
1232,30-49,21**,80k-100k,Education
1233,18-29,20**,60k-80k,Finance
1234,30-49,21**,80k-100k,Education
1235,50-65,20**,100k-120k,Business
1236,30-49,20**,60k-80k,Business
1237,18-29,22**,100k-120k,Technology
1238,18-29,20**,80k-100k,Healthcare
1239,30-49,20**,80k-100k,Management
1240,18-29,20**,40k-60k,Business
1241,30-49,22**,60k-80k,Business
1242,18-29,20**,80k-100k,Technology
1243,18-29,22**,40k-60k,Business
1244,30-49,21**,80k-100k,Business
1245,18-29,21**,60k-80k,Education
1246,18-29,20**,100k-120k,Management
1247,18-29,21**,80k-100k,Healthcare
1248,30-49,21**,100k-120k,Technology
1249,30-49,20**,80k-100k,Education
1250,30-49,21**,80k-100k,Finance
1251,30-49,22**,100k-120k,Management
1252,18-29,21**,60k-80k,Education
1253,50-65,21**,100k-120k,Business
1254,18-29,21**,60k-80k,Education
1255,30-49,21**,80k-100k,Finance
1256,18-29,21**,80k-100k,Management
1257,50-65,21**,80k-100k,Business
1258,30-49,20**,80k-100k,Finance
1259,18-29,20**,80k-100k,Technology
1260,50-65,22**,80k-100k,Technology
1261,30-49,22**,60k-80k,Finance
1262,18-29,21**,60k-80k,Finance
1263,50-65,22**,120k-140k,Technology
1264,18-29,22**,60k-80k,Business
1265,18-29,20**,60k-80k,Technology
1266,18-29,21**,60k-80k,Finance
1267,50-65,20**,100k-120k,Finance
1268,30-49,22**,80k-100k,Business
1269,30-49,20**,80k-100k,Education
1270,50-65,21**,120k-140k,Technology
1271,50-65,20**,100k-120k,Business
1272,18-29,21**,80k-100k,Technology
1273,18-29,22**,60k-80k,Finance
1274,50-65,20**,120k-140k,Technology
1275,30-49,22**,80k-100k,Healthcare
1276,30-49,21**,100k-120k,Technology
1277,18-29,21**,60k-80k,Healthcare
1278,50-65,20**,120k-140k,Technology
1279,18-29,21**,80k-100k,Management
1280,18-29,20**,80k-100k,Technology
1281,50-65,21**,100k-120k,Healthcare
1282,18-29,20**,60k-80k,Finance
1283,30-49,22**,80k-100k,Healthcare
1284,18-29,20**,80k-100k,Technology
1285,50-65,20**,100k-120k,Finance
1286,18-29,20**,60k-80k,Business
1287,30-49,20**,100k-120k,Management
1288,50-65,20**,120k-140k,Technology
1289,30-49,21**,60k-80k,Business
1290,30-49,22**,100k-120k,Technology
1291,18-29,21**,60k-80k,Finance
1292,30-49,21**,80k-100k,Education
1293,30-49,22**,60k-80k,Business
1294,50-65,20**,100k-120k,Business
1295,50-65,20**,100k-120k,Education
1296,18-29,20**,60k-80k,Technology
1297,30-49,20**,80k-100k,Healthcare
1298,18-29,21**,60k-80k,Education
1299,30-49,20**,100k-120k,Education
1300,50-65,20**,120k-140k,Technology
1301,18-29,20**,60k-80k,Finance
1302,30-49,22**,60k-80k,Finance
1303,50-65,20**,140k-160k,Technology
1304,50-65,21**,100k-120k,Technology
1305,30-49,20**,60k-80k,Business
1306,50-65,21**,100k-120k,Finance
1307,30-49,21**,120k-140k,Technology
1308,30-49,22**,60k-80k,Business
1309,18-29,21**,60k-80k,Business
1310,18-29,21**,80k-100k,Healthcare
1311,18-29,21**,60k-80k,Finance
1312,50-65,21**,100k-120k,Technology
1313,18-29,21**,60k-80k,Business
1314,50-65,21**,100k-120k,Business
1315,30-49,20**,60k-80k,Business
1316,30-49,20**,60k-80k,Education
1317,50-65,21**,100k-120k,Finance
1318,30-49,21**,60k-80k,Business
1319,18-29,20**,60k-80k,Education
1320,50-65,22**,100k-120k,Finance
1321,50-65,21**,120k-140k,Management
1322,30-49,21**,100k-120k,Healthcare
1323,50-65,21**,120k-140k,Technology
1324,30-49,21**,80k-100k,Finance
1325,30-49,21**,80k-100k,Education
1326,50-65,21**,80k-100k,Technology
1327,30-49,20**,100k-120k,Technology
1328,50-65,20**,80k-100k,Finance
1329,18-29,21**,100k-120k,Technology
1330,50-65,22**,120k-140k,Technology
1331,30-49,22**,80k-100k,Education
1332,30-49,21**,80k-100k,Business
1333,50-65,22**,120k-140k,Technology
1334,18-29,20**,60k-80k,Finance
1335,50-65,20**,80k-100k,Business
1336,50-65,20**,120k-140k,Management
1337,18-29,20**,60k-80k,Technology
1338,18-29,21**,100k-120k,Management
1339,50-65,22**,80k-100k,Technology
1340,18-29,21**,60k-80k,Finance
1341,30-49,20**,80k-100k,Business
1342,30-49,20**,80k-100k,Business
1343,18-29,22**,60k-80k,Business
1344,30-49,22**,100k-120k,Technology
1345,30-49,21**,80k-100k,Business
1346,30-49,21**,60k-80k,Healthcare
1347,18-29,20**,60k-80k,Technology
1348,50-65,20**,100k-120k,Healthcare
1349,18-29,21**,80k-100k,Technology
1350,18-29,21**,80k-100k,Management
1351,18-29,22**,60k-80k,Business
1352,50-65,20**,120k-140k,Management
1353,50-65,21**,80k-100k,Healthcare
1354,50-65,21**,120k-140k,Management
1355,30-49,21**,100k-120k,Healthcare
1356,50-65,20**,100k-120k,Business
1357,18-29,21**,60k-80k,Finance
1358,18-29,21**,60k-80k,Finance
1359,30-49,20**,80k-100k,Finance
1360,50-65,21**,100k-120k,Technology
1361,18-29,20**,80k-100k,Management
1362,50-65,22**,100k-120k,Finance
1363,30-49,20**,80k-100k,Education
1364,30-49,20**,80k-100k,Business
1365,50-65,21**,100k-120k,Healthcare
1366,50-65,22**,100k-120k,Finance
1367,30-49,21**,80k-100k,Healthcare
1368,30-49,21**,120k-140k,Technology
1369,50-65,20**,80k-100k,Business
1370,50-65,22**,100k-120k,Education
1371,50-65,22**,120k-140k,Technology
1372,50-65,21**,100k-120k,Finance
1373,18-29,21**,60k-80k,Finance
1374,30-49,21**,80k-100k,Management
1375,18-29,22**,60k-80k,Healthcare
1376,18-29,21**,80k-100k,Technology
1377,30-49,20**,100k-120k,Technology
1378,30-49,20**,80k-100k,Education
1379,18-29,21**,60k-80k,Healthcare
1380,30-49,20**,60k-80k,Business
1381,50-65,21**,80k-100k,Business
1382,30-49,20**,80k-100k,Management
1383,18-29,21**,60k-80k,Business
1384,50-65,21**,100k-120k,Finance
1385,50-65,21**,100k-120k,Technology
1386,50-65,20**,80k-100k,Technology
1387,30-49,21**,80k-100k,Healthcare
1388,30-49,20**,80k-100k,Business
1389,18-29,20**,80k-100k,Technology
1390,30-49,21**,100k-120k,Management
1391,30-49,20**,100k-120k,Finance
1392,30-49,21**,80k-100k,Business
1393,18-29,20**,60k-80k,Finance
1394,50-65,21**,100k-120k,Technology
1395,50-65,20**,80k-100k,Finance
1396,50-65,21**,100k-120k,Finance
1397,30-49,21**,80k-100k,Business
1398,30-49,20**,80k-100k,Finance
1399,50-65,21**,80k-100k,Business
1400,30-49,20**,100k-120k,Technology
1401,30-49,22**,80k-100k,Finance
1402,30-49,21**,80k-100k,Healthcare
1403,50-65,22**,80k-100k,Technology
1404,30-49,20**,80k-100k,Finance
1405,50-65,20**,100k-120k,Education
1406,18-29,20**,60k-80k,Business
1407,30-49,20**,60k-80k,Business
1408,50-65,21**,100k-120k,Finance
1409,30-49,20**,60k-80k,Finance
1410,30-49,20**,60k-80k,Finance
1411,18-29,20**,80k-100k,Technology
1412,50-65,21**,80k-100k,Business
1413,50-65,21**,80k-100k,Technology
1414,50-65,21**,100k-120k,Education
1415,30-49,20**,80k-100k,Business
1416,30-49,20**,80k-100k,Healthcare
1417,18-29,21**,60k-80k,Technology
1418,30-49,20**,120k-140k,Management
1419,30-49,22**,80k-100k,Healthcare
1420,30-49,22**,120k-140k,Technology
1421,30-49,22**,80k-100k,Education
1422,18-29,21**,60k-80k,Finance
1423,18-29,21**,60k-80k,Education
1424,18-29,20**,80k-100k,Management
1425,30-49,21**,60k-80k,Business
1426,30-49,21**,100k-120k,Technology
1427,30-49,22**,80k-100k,Healthcare
1428,30-49,20**,80k-100k,Healthcare
1429,18-29,20**,60k-80k,Business
1430,50-65,20**,100k-120k,Finance
1431,30-49,21**,100k-120k,Management
1432,30-49,22**,80k-100k,Technology
1433,30-49,20**,80k-100k,Technology
1434,30-49,22**,120k-140k,Technology
1435,50-65,21**,100k-120k,Education
1436,30-49,21**,80k-100k,Management
1437,30-49,22**,100k-120k,Technology
1438,18-29,20**,60k-80k,Finance
1439,50-65,21**,120k-140k,Technology
1440,30-49,21**,80k-100k,Education
1441,50-65,21**,80k-100k,Finance
1442,30-49,21**,120k-140k,Technology
1443,30-49,21**,60k-80k,Business
1444,18-29,21**,60k-80k,Finance
1445,50-65,21**,120k-140k,Management
1446,18-29,21**,60k-80k,Healthcare
1447,30-49,20**,120k-140k,Technology
1448,30-49,21**,80k-100k,Business
1449,18-29,20**,80k-100k,Technology
1450,30-49,20**,60k-80k,Education
1451,50-65,21**,120k-140k,Finance
1452,30-49,21**,80k-100k,Business
1453,50-65,21**,80k-100k,Business
1454,18-29,20**,60k-80k,Technology
1455,50-65,22**,100k-120k,Finance
1456,30-49,21**,80k-100k,Technology
1457,18-29,21**,80k-100k,Technology
1458,18-29,21**,60k-80k,Technology
1459,18-29,20**,60k-80k,Technology
1460,18-29,20**,60k-80k,Healthcare
1461,30-49,21**,60k-80k,Finance
1462,18-29,20**,80k-100k,Management
1463,18-29,20**,60k-80k,Education
1464,30-49,20**,120k-140k,Management
1465,30-49,22**,120k-140k,Technology
1466,18-29,21**,60k-80k,Business
1467,50-65,21**,100k-120k,Business
1468,50-65,20**,120k-140k,Management
1469,30-49,20**,100k-120k,Management
1470,30-49,21**,100k-120k,Finance
1471,30-49,20**,80k-100k,Technology
1472,18-29,20**,80k-100k,Management
1473,30-49,21**,60k-80k,Business
1474,50-65,21**,100k-120k,Business
1475,18-29,20**,60k-80k,Healthcare
1476,30-49,21**,80k-100k,Technology
1477,30-49,21**,80k-100k,Healthcare
1478,30-49,20**,80k-100k,Finance
1479,30-49,20**,60k-80k,Finance
1480,30-49,21**,80k-100k,Finance
1481,30-49,20**,100k-120k,Management
1482,30-49,20**,80k-100k,Technology
1483,30-49,22**,100k-120k,Technology
1484,50-65,20**,100k-120k,Business
1485,30-49,20**,60k-80k,Education
1486,18-29,20**,80k-100k,Management
1487,18-29,20**,60k-80k,Finance
1488,50-65,22**,80k-100k,Business
1489,30-49,20**,80k-100k,Technology
1490,30-49,20**,80k-100k,Finance
1491,30-49,21**,80k-100k,Business
1492,50-65,20**,80k-100k,Technology
1493,18-29,20**,60k-80k,Technology
1494,18-29,21**,80k-100k,Management
1495,30-49,21**,60k-80k,Finance
1496,18-29,21**,60k-80k,Finance
1497,30-49,20**,80k-100k,Technology
1498,50-65,21**,120k-140k,Technology
1499,30-49,22**,100k-120k,Healthcare
1500,30-49,22**,80k-100k,Technology
1501,50-65,21**,120k-140k,Management
1502,30-49,22**,60k-80k,Business
1503,30-49,20**,60k-80k,Education
1504,18-29,22**,60k-80k,Finance
1505,30-49,20**,80k-100k,Technology
1506,50-65,21**,120k-140k,Technology
1507,18-29,21**,60k-80k,Technology
1508,50-65,20**,100k-120k,Business
1509,18-29,20**,60k-80k,Finance
1510,18-29,20**,40k-60k,Business
1511,18-29,22**,60k-80k,Education
1512,50-65,20**,120k-140k,Management
1513,30-49,20**,100k-120k,Finance
1514,50-65,21**,100k-120k,Education
1515,18-29,21**,60k-80k,Healthcare
1516,30-49,21**,80k-100k,Technology
1517,50-65,21**,100k-120k,Finance
1518,30-49,20**,60k-80k,Business
1519,30-49,22**,80k-100k,Education
1520,30-49,21**,60k-80k,Business
1521,18-29,20**,80k-100k,Management
1522,30-49,21**,80k-100k,Finance
1523,30-49,22**,80k-100k,Technology
1524,30-49,20**,100k-120k,Technology
1525,50-65,20**,80k-100k,Finance
1526,50-65,21**,120k-140k,Management
1527,50-65,21**,80k-100k,Business
1528,50-65,20**,100k-120k,Finance
1529,50-65,20**,100k-120k,Education
1530,50-65,20**,100k-120k,Technology
1531,18-29,20**,60k-80k,Technology
1532,30-49,20**,80k-100k,Finance
1533,50-65,22**,100k-120k,Healthcare
1534,50-65,22**,100k-120k,Business
1535,30-49,21**,60k-80k,Technology
1536,50-65,20**,120k-140k,Technology
1537,50-65,20**,100k-120k,Business
1538,50-65,21**,100k-120k,Technology
1539,50-65,21**,100k-120k,Healthcare
1540,50-65,21**,100k-120k,Finance
1541,50-65,20**,120k-140k,Technology
1542,30-49,20**,80k-100k,Management
1543,50-65,21**,100k-120k,Finance
1544,30-49,21**,60k-80k,Finance
1545,50-65,21**,120k-140k,Technology
1546,30-49,22**,100k-120k,Technology
1547,30-49,22**,80k-100k,Business
1548,18-29,20**,80k-100k,Technology
1549,30-49,20**,100k-120k,Management
1550,50-65,21**,80k-100k,Business
1551,30-49,20**,100k-120k,Management
1552,30-49,22**,80k-100k,Healthcare
1553,50-65,21**,100k-120k,Finance
1554,30-49,21**,80k-100k,Healthcare
1555,30-49,21**,80k-100k,Business
1556,18-29,20**,60k-80k,Technology
1557,18-29,20**,80k-100k,Management
1558,18-29,20**,60k-80k,Finance
1559,30-49,22**,80k-100k,Technology
1560,50-65,21**,120k-140k,Management
1561,50-65,20**,120k-140k,Technology
1562,30-49,20**,80k-100k,Education
1563,30-49,21**,80k-100k,Education
1564,30-49,20**,60k-80k,Finance
1565,50-65,21**,100k-120k,Healthcare
1566,50-65,22**,120k-140k,Technology
1567,30-49,21**,120k-140k,Technology
1568,18-29,22**,60k-80k,Business
1569,18-29,21**,40k-60k,Business
1570,18-29,21**,60k-80k,Education
1571,30-49,20**,120k-140k,Technology
1572,18-29,20**,60k-80k,Healthcare
1573,50-65,20**,100k-120k,Technology
1574,50-65,20**,120k-140k,Technology
1575,50-65,20**,80k-100k,Finance
1576,50-65,21**,120k-140k,Healthcare
1577,50-65,20**,120k-140k,Management
1578,30-49,21**,80k-100k,Finance
1579,18-29,20**,60k-80k,Education
1580,50-65,21**,100k-120k,Technology
1581,30-49,21**,100k-120k,Technology
1582,30-49,20**,120k-140k,Technology
1583,50-65,21**,100k-120k,Finance
1584,50-65,20**,100k-120k,Business
1585,50-65,20**,120k-140k,Management
1586,18-29,21**,60k-80k,Finance
1587,50-65,20**,80k-100k,Business
1588,50-65,21**,100k-120k,Healthcare
1589,30-49,20**,80k-100k,Finance
1590,50-65,20**,80k-100k,Technology
1591,30-49,21**,60k-80k,Business
1592,30-49,20**,80k-100k,Technology
1593,50-65,20**,100k-120k,Education
1594,18-29,20**,60k-80k,Technology
1595,30-49,20**,60k-80k,Technology
1596,30-49,21**,60k-80k,Business
1597,30-49,22**,80k-100k,Finance
1598,30-49,21**,80k-100k,Finance
1599,30-49,21**,80k-100k,Management
1600,50-65,21**,100k-120k,Technology
1601,50-65,20**,120k-140k,Management
1602,18-29,20**,60k-80k,Technology
1603,50-65,20**,80k-100k,Business
1604,30-49,20**,80k-100k,Technology
1605,50-65,22**,100k-120k,Finance
1606,18-29,20**,60k-80k,Technology
1607,30-49,21**,60k-80k,Healthcare
1608,30-49,21**,80k-100k,Business
1609,18-29,20**,80k-100k,Technology
1610,30-49,22**,100k-120k,Management
1611,18-29,21**,60k-80k,Finance
1612,30-49,21**,60k-80k,Business
1613,18-29,22**,60k-80k,Education
1614,30-49,20**,80k-100k,Finance
1615,30-49,22**,60k-80k,Technology
1616,30-49,21**,80k-100k,Technology
1617,30-49,20**,100k-120k,Technology
1618,50-65,20**,140k-160k,Technology
1619,50-65,22**,80k-100k,Business
1620,30-49,21**,80k-100k,Finance
1621,30-49,21**,80k-100k,Finance
1622,30-49,20**,100k-120k,Management
1623,50-65,21**,140k-160k,Technology
1624,50-65,20**,100k-120k,Finance
1625,50-65,20**,140k-160k,Management
1626,18-29,20**,60k-80k,Business
1627,18-29,21**,80k-100k,Management
1628,18-29,20**,60k-80k,Education
1629,30-49,21**,80k-100k,Healthcare
1630,30-49,20**,80k-100k,Finance
1631,18-29,20**,80k-100k,Technology
1632,50-65,20**,100k-120k,Business
1633,50-65,20**,100k-120k,Business
1634,30-49,22**,60k-80k,Finance
1635,30-49,22**,100k-120k,Technology
1636,18-29,21**,80k-100k,Management
1637,50-65,20**,100k-120k,Education
1638,30-49,20**,80k-100k,Business
1639,30-49,20**,60k-80k,Finance
1640,18-29,21**,60k-80k,Finance
1641,50-65,20**,100k-120k,Finance
1642,18-29,21**,60k-80k,Business
1643,50-65,21**,100k-120k,Education
1644,30-49,20**,100k-120k,Healthcare
1645,50-65,22**,120k-140k,Healthcare
1646,30-49,22**,80k-100k,Business
1647,50-65,21**,100k-120k,Management
1648,50-65,21**,120k-140k,Technology
1649,18-29,21**,60k-80k,Finance
1650,30-49,21**,80k-100k,Technology
1651,50-65,20**,80k-100k,Technology
1652,30-49,20**,80k-100k,Healthcare
1653,30-49,21**,100k-120k,Technology
1654,50-65,22**,100k-120k,Technology
1655,18-29,22**,60k-80k,Business
1656,18-29,20**,80k-100k,Management
1657,50-65,20**,120k-140k,Management
1658,30-49,21**,80k-100k,Education
1659,18-29,21**,60k-80k,Business
1660,30-49,20**,100k-120k,Technology
1661,50-65,22**,120k-140k,Technology
1662,18-29,22**,80k-100k,Technology
1663,50-65,20**,100k-120k,Education
1664,50-65,22**,120k-140k,Healthcare
1665,50-65,21**,140k-160k,Technology
1666,30-49,20**,80k-100k,Technology
1667,50-65,20**,120k-140k,Technology
1668,18-29,21**,60k-80k,Technology
1669,30-49,20**,60k-80k,Business
1670,18-29,20**,80k-100k,Technology
1671,50-65,20**,100k-120k,Finance
1672,30-49,21**,80k-100k,Business
1673,50-65,20**,80k-100k,Business
1674,50-65,21**,100k-120k,Business
1675,30-49,21**,120k-140k,Technology
1676,18-29,21**,60k-80k,Finance
1677,50-65,20**,120k-140k,Management
1678,18-29,20**,80k-100k,Technology
1679,18-29,20**,80k-100k,Technology
1680,50-65,20**,100k-120k,Finance
1681,18-29,21**,60k-80k,Technology
1682,18-29,21**,80k-100k,Finance
1683,50-65,20**,120k-140k,Management
1684,50-65,21**,100k-120k,Business
1685,18-29,20**,60k-80k,Finance
1686,30-49,21**,100k-120k,Technology
1687,18-29,21**,60k-80k,Finance
1688,18-29,20**,80k-100k,Finance
1689,30-49,20**,100k-120k,Management
1690,50-65,20**,100k-120k,Technology
1691,50-65,20**,140k-160k,Management
1692,50-65,22**,100k-120k,Business
1693,30-49,20**,80k-100k,Business
1694,50-65,21**,80k-100k,Business
1695,18-29,21**,60k-80k,Business
1696,50-65,21**,80k-100k,Business
1697,50-65,22**,100k-120k,Finance
1698,30-49,20**,60k-80k,Technology
1699,30-49,22**,100k-120k,Technology
1700,50-65,21**,100k-120k,Healthcare
1701,30-49,21**,80k-100k,Education
1702,18-29,22**,60k-80k,Finance
1703,30-49,20**,80k-100k,Technology
1704,50-65,20**,100k-120k,Management
1705,18-29,20**,60k-80k,Education
1706,50-65,21**,80k-100k,Business
1707,18-29,20**,60k-80k,Finance
1708,50-65,21**,80k-100k,Business
1709,50-65,21**,120k-140k,Technology
1710,50-65,21**,100k-120k,Business
1711,30-49,22**,80k-100k,Healthcare
1712,50-65,21**,100k-120k,Finance
1713,50-65,20**,120k-140k,Management
1714,50-65,21**,80k-100k,Education
1715,18-29,20**,60k-80k,Finance
1716,30-49,20**,100k-120k,Management
1717,50-65,20**,100k-120k,Healthcare
1718,18-29,22**,60k-80k,Finance
1719,50-65,20**,100k-120k,Technology
1720,18-29,20**,60k-80k,Business
1721,30-49,20**,100k-120k,Finance
1722,30-49,20**,100k-120k,Technology
1723,18-29,20**,60k-80k,Finance
1724,50-65,21**,100k-120k,Technology
1725,18-29,20**,60k-80k,Finance
1726,50-65,20**,120k-140k,Management
1727,18-29,21**,80k-100k,Technology
1728,30-49,21**,80k-100k,Technology
1729,50-65,20**,120k-140k,Management
1730,30-49,22**,80k-100k,Technology
1731,18-29,21**,60k-80k,Education
1732,18-29,22**,80k-100k,Management
1733,18-29,20**,40k-60k,Business
1734,30-49,20**,80k-100k,Finance
1735,30-49,20**,100k-120k,Management
1736,50-65,20**,120k-140k,Technology
1737,18-29,20**,60k-80k,Finance
1738,50-65,21**,120k-140k,Management
1739,30-49,21**,100k-120k,Management
1740,30-49,20**,80k-100k,Finance
1741,50-65,20**,80k-100k,Finance
1742,30-49,20**,80k-100k,Business
1743,30-49,20**,80k-100k,Technology
1744,30-49,20**,80k-100k,Technology
1745,18-29,21**,80k-100k,Technology
1746,18-29,21**,60k-80k,Business
1747,50-65,20**,100k-120k,Education
1748,30-49,20**,100k-120k,Management
1749,50-65,20**,120k-140k,Technology
1750,18-29,20**,60k-80k,Business
1751,30-49,20**,80k-100k,Finance
1752,50-65,21**,100k-120k,Finance
1753,18-29,20**,80k-100k,Education
1754,30-49,20**,100k-120k,Technology
1755,18-29,21**,60k-80k,Education
1756,18-29,21**,80k-100k,Finance
1757,50-65,21**,120k-140k,Technology
1758,30-49,20**,100k-120k,Technology
1759,50-65,20**,120k-140k,Technology
1760,30-49,21**,100k-120k,Healthcare
1761,30-49,20**,80k-100k,Business
1762,18-29,21**,60k-80k,Business
1763,30-49,22**,80k-100k,Finance
1764,30-49,21**,80k-100k,Healthcare
1765,50-65,20**,80k-100k,Finance
1766,50-65,21**,100k-120k,Business
1767,50-65,21**,80k-100k,Business
1768,50-65,21**,100k-120k,Technology
1769,30-49,20**,80k-100k,Healthcare
1770,18-29,21**,60k-80k,Business
1771,30-49,20**,80k-100k,Technology
1772,18-29,22**,40k-60k,Business
1773,18-29,21**,80k-100k,Technology
1774,30-49,21**,80k-100k,Healthcare
1775,30-49,20**,80k-100k,Finance
1776,30-49,22**,60k-80k,Business
1777,30-49,20**,100k-120k,Education
1778,18-29,21**,40k-60k,Business
1779,18-29,20**,60k-80k,Finance
1780,50-65,20**,100k-120k,Technology
1781,30-49,20**,80k-100k,Technology
1782,30-49,22**,80k-100k,Healthcare
1783,30-49,22**,80k-100k,Education
1784,30-49,21**,100k-120k,Healthcare
1785,30-49,21**,80k-100k,Technology
1786,30-49,21**,80k-100k,Management
1787,30-49,20**,100k-120k,Technology
1788,18-29,20**,60k-80k,Technology
1789,18-29,22**,60k-80k,Business
1790,18-29,20**,80k-100k,Technology
1791,30-49,21**,80k-100k,Business
1792,30-49,21**,120k-140k,Management
1793,30-49,21**,80k-100k,Healthcare
1794,18-29,21**,60k-80k,Healthcare
1795,50-65,22**,80k-100k,Business
1796,50-65,20**,140k-160k,Management
1797,50-65,21**,80k-100k,Business
1798,18-29,21**,40k-60k,Business
1799,18-29,21**,40k-60k,Business
1800,18-29,20**,80k-100k,Management
1801,50-65,21**,120k-140k,Technology
1802,18-29,21**,60k-80k,Finance
1803,50-65,21**,120k-140k,Management
1804,50-65,20**,100k-120k,Technology
1805,18-29,21**,60k-80k,Business
1806,30-49,22**,80k-100k,Business
1807,30-49,20**,80k-100k,Education
1808,18-29,22**,80k-100k,Technology
1809,50-65,22**,120k-140k,Finance
1810,30-49,22**,80k-100k,Technology
1811,50-65,21**,120k-140k,Technology
1812,50-65,22**,100k-120k,Finance
1813,30-49,20**,60k-80k,Business
1814,50-65,20**,100k-120k,Technology
1815,18-29,20**,60k-80k,Business
1816,30-49,22**,60k-80k,Technology
1817,50-65,21**,120k-140k,Technology
1818,50-65,21**,100k-120k,Business
1819,30-49,21**,60k-80k,Finance
1820,50-65,20**,80k-100k,Technology
1821,18-29,20**,60k-80k,Business
1822,30-49,20**,100k-120k,Healthcare
1823,50-65,20**,140k-160k,Technology
1824,50-65,20**,100k-120k,Education
1825,18-29,20**,60k-80k,Technology
1826,30-49,20**,80k-100k,Business
1827,50-65,20**,140k-160k,Management
1828,50-65,21**,100k-120k,Healthcare
1829,18-29,21**,80k-100k,Management
1830,30-49,21**,60k-80k,Business
1831,50-65,20**,100k-120k,Technology
1832,50-65,21**,100k-120k,Education
1833,30-49,20**,80k-100k,Finance
1834,30-49,21**,60k-80k,Business
1835,50-65,22**,100k-120k,Finance
1836,30-49,20**,80k-100k,Management
1837,30-49,20**,80k-100k,Management
1838,18-29,21**,60k-80k,Technology
1839,50-65,22**,120k-140k,Technology
1840,30-49,22**,80k-100k,Finance
1841,30-49,20**,60k-80k,Finance
1842,50-65,20**,120k-140k,Technology
1843,50-65,21**,80k-100k,Finance
1844,50-65,20**,140k-160k,Technology
1845,18-29,22**,80k-100k,Healthcare
1846,18-29,22**,80k-100k,Technology
1847,30-49,21**,60k-80k,Finance
1848,50-65,20**,100k-120k,Business
1849,50-65,20**,100k-120k,Education
1850,18-29,20**,60k-80k,Finance
1851,30-49,20**,80k-100k,Education
1852,30-49,21**,80k-100k,Technology
1853,30-49,21**,80k-100k,Finance
1854,18-29,20**,60k-80k,Business
1855,50-65,20**,80k-100k,Healthcare
1856,30-49,20**,80k-100k,Finance
1857,18-29,21**,60k-80k,Technology
1858,30-49,21**,80k-100k,Technology
1859,50-65,20**,100k-120k,Technology
1860,30-49,22**,100k-120k,Technology
1861,30-49,20**,80k-100k,Business
1862,50-65,21**,100k-120k,Business
1863,30-49,21**,100k-120k,Technology
1864,18-29,22**,60k-80k,Healthcare
1865,18-29,21**,60k-80k,Business
1866,30-49,21**,80k-100k,Finance
1867,50-65,21**,120k-140k,Technology
1868,30-49,21**,100k-120k,Technology
1869,50-65,20**,100k-120k,Finance
1870,18-29,22**,60k-80k,Healthcare
1871,30-49,20**,80k-100k,Healthcare
1872,30-49,22**,120k-140k,Technology
1873,50-65,20**,100k-120k,Finance
1874,30-49,22**,80k-100k,Technology
1875,30-49,21**,60k-80k,Business
1876,50-65,21**,100k-120k,Finance
1877,30-49,20**,80k-100k,Technology
1878,18-29,22**,60k-80k,Education
1879,30-49,20**,100k-120k,Technology
1880,30-49,20**,120k-140k,Management
1881,30-49,20**,80k-100k,Technology
1882,30-49,21**,80k-100k,Technology
1883,30-49,20**,80k-100k,Technology
1884,50-65,20**,80k-100k,Technology
1885,30-49,20**,80k-100k,Business
1886,18-29,20**,80k-100k,Technology
1887,50-65,20**,80k-100k,Business
1888,30-49,20**,80k-100k,Healthcare
1889,30-49,22**,100k-120k,Technology
1890,50-65,20**,120k-140k,Technology
1891,18-29,20**,40k-60k,Business
1892,18-29,20**,60k-80k,Technology
1893,30-49,22**,100k-120k,Technology
1894,50-65,21**,120k-140k,Technology
1895,50-65,20**,80k-100k,Technology
1896,50-65,21**,80k-100k,Business
1897,18-29,20**,60k-80k,Business
1898,18-29,20**,80k-100k,Technology
1899,30-49,22**,80k-100k,Healthcare
1900,50-65,20**,120k-140k,Technology
1901,50-65,21**,100k-120k,Finance
1902,30-49,20**,60k-80k,Finance
1903,50-65,22**,120k-140k,Technology
1904,50-65,22**,120k-140k,Technology
1905,30-49,20**,100k-120k,Healthcare
1906,30-49,20**,80k-100k,Finance
1907,18-29,21**,60k-80k,Business
1908,50-65,21**,80k-100k,Finance
1909,30-49,20**,60k-80k,Technology
1910,18-29,21**,60k-80k,Business
1911,18-29,20**,60k-80k,Technology
1912,30-49,21**,60k-80k,Finance
1913,30-49,21**,60k-80k,Business
1914,18-29,21**,60k-80k,Technology
1915,18-29,21**,80k-100k,Technology
1916,18-29,20**,80k-100k,Technology
1917,50-65,20**,100k-120k,Business
1918,30-49,20**,60k-80k,Education
1919,30-49,20**,60k-80k,Finance
1920,50-65,20**,120k-140k,Healthcare
1921,30-49,21**,100k-120k,Technology
1922,30-49,21**,80k-100k,Technology
1923,30-49,21**,60k-80k,Business
1924,30-49,20**,80k-100k,Education
1925,50-65,22**,100k-120k,Finance
1926,30-49,20**,60k-80k,Finance
1927,18-29,20**,40k-60k,Business
1928,18-29,21**,80k-100k,Technology
1929,30-49,20**,100k-120k,Technology
1930,30-49,20**,60k-80k,Business
1931,50-65,20**,100k-120k,Management
1932,30-49,21**,100k-120k,Management
1933,50-65,21**,80k-100k,Business
1934,18-29,22**,60k-80k,Healthcare
1935,30-49,21**,80k-100k,Education
1936,30-49,20**,80k-100k,Business
1937,18-29,20**,60k-80k,Healthcare
1938,30-49,20**,120k-140k,Management
1939,50-65,21**,80k-100k,Healthcare
1940,30-49,20**,80k-100k,Business
1941,50-65,22**,100k-120k,Technology
1942,30-49,21**,80k-100k,Technology
1943,30-49,20**,100k-120k,Technology
1944,50-65,20**,100k-120k,Finance
1945,50-65,20**,100k-120k,Business
1946,30-49,22**,120k-140k,Technology
1947,18-29,22**,80k-100k,Education
1948,50-65,22**,100k-120k,Technology
1949,30-49,21**,80k-100k,Education
1950,30-49,20**,80k-100k,Healthcare
1951,50-65,22**,80k-100k,Finance
1952,50-65,22**,80k-100k,Education
1953,50-65,20**,80k-100k,Education
1954,30-49,21**,80k-100k,Education
1955,30-49,20**,80k-100k,Education
1956,50-65,21**,120k-140k,Technology
1957,18-29,20**,80k-100k,Education
1958,18-29,22**,60k-80k,Business
1959,50-65,22**,100k-120k,Finance
1960,30-49,20**,80k-100k,Education
1961,50-65,20**,100k-120k,Healthcare
1962,18-29,21**,60k-80k,Education
1963,30-49,21**,100k-120k,Management
1964,30-49,22**,120k-140k,Management
1965,30-49,21**,80k-100k,Business
1966,50-65,20**,120k-140k,Technology
1967,18-29,21**,60k-80k,Technology
1968,30-49,20**,80k-100k,Technology
1969,30-49,22**,80k-100k,Technology
1970,30-49,20**,120k-140k,Technology
1971,50-65,20**,100k-120k,Technology
1972,50-65,20**,140k-160k,Management
1973,30-49,21**,80k-100k,Healthcare
1974,30-49,20**,60k-80k,Finance
1975,30-49,22**,80k-100k,Management
1976,30-49,20**,80k-100k,Business
1977,30-49,22**,80k-100k,Business
1978,50-65,21**,80k-100k,Business
1979,50-65,20**,120k-140k,Technology
1980,30-49,21**,60k-80k,Finance
1981,30-49,20**,80k-100k,Technology
1982,30-49,20**,60k-80k,Business
1983,50-65,20**,120k-140k,Management
1984,18-29,20**,80k-100k,Technology
1985,18-29,20**,80k-100k,Technology
1986,18-29,20**,60k-80k,Business
1987,18-29,21**,60k-80k,Finance
1988,50-65,21**,100k-120k,Education
1989,30-49,21**,60k-80k,Business
1990,50-65,20**,80k-100k,Finance
1991,30-49,20**,80k-100k,Business
1992,30-49,20**,100k-120k,Technology
1993,50-65,22**,80k-100k,Education
1994,30-49,21**,80k-100k,Finance
1995,50-65,20**,80k-100k,Business
1996,50-65,20**,100k-120k,Business
1997,50-65,20**,120k-140k,Management
1998,18-29,21**,60k-80k,Healthcare
1999,30-49,20**,80k-100k,Education
2000,18-29,22**,40k-60k,Business
2001,50-65,20**,120k-140k,Management
2002,30-49,20**,80k-100k,Technology
2003,30-49,21**,100k-120k,Technology
2004,30-49,20**,80k-100k,Business
2005,50-65,20**,120k-140k,Management
2006,30-49,22**,100k-120k,Technology
2007,30-49,21**,80k-100k,Healthcare
2008,30-49,21**,80k-100k,Education
2009,30-49,20**,100k-120k,Management
2010,50-65,22**,100k-120k,Business
2011,30-49,20**,100k-120k,Finance
2012,50-65,20**,120k-140k,Healthcare
2013,50-65,20**,120k-140k,Technology
2014,30-49,21**,80k-100k,Business
2015,18-29,21**,40k-60k,Business
2016,18-29,22**,60k-80k,Healthcare
2017,30-49,21**,120k-140k,Technology
2018,50-65,20**,100k-120k,Business
2019,18-29,20**,80k-100k,Healthcare
2020,30-49,20**,100k-120k,Technology
2021,30-49,21**,80k-100k,Business
2022,30-49,20**,60k-80k,Technology
2023,30-49,22**,80k-100k,Finance
2024,18-29,21**,60k-80k,Finance
2025,30-49,20**,80k-100k,Finance
2026,30-49,20**,80k-100k,Business
2027,50-65,21**,100k-120k,Education
2028,50-65,20**,100k-120k,Healthcare
2029,50-65,21**,140k-160k,Technology
2030,50-65,20**,100k-120k,Business
2031,18-29,20**,60k-80k,Business
2032,30-49,22**,60k-80k,Business
2033,30-49,20**,100k-120k,Technology
2034,30-49,22**,80k-100k,Healthcare
2035,18-29,20**,60k-80k,Finance
2036,50-65,21**,120k-140k,Technology
2037,50-65,20**,140k-160k,Technology
2038,18-29,20**,80k-100k,Management
2039,50-65,20**,100k-120k,Finance
2040,18-29,21**,80k-100k,Management
2041,18-29,20**,80k-100k,Technology
2042,30-49,21**,80k-100k,Education
2043,30-49,20**,100k-120k,Technology
2044,18-29,20**,80k-100k,Management
2045,50-65,22**,100k-120k,Business
2046,50-65,22**,100k-120k,Management
2047,30-49,20**,80k-100k,Business
2048,18-29,21**,60k-80k,Technology
2049,30-49,20**,80k-100k,Education
2050,50-65,20**,120k-140k,Management
2051,50-65,20**,100k-120k,Finance
2052,30-49,22**,80k-100k,Technology
2053,50-65,20**,100k-120k,Finance
2054,30-49,20**,100k-120k,Technology
2055,50-65,20**,120k-140k,Technology
2056,30-49,20**,80k-100k,Healthcare
2057,18-29,22**,60k-80k,Technology
2058,50-65,21**,80k-100k,Technology
2059,30-49,20**,80k-100k,Technology
2060,50-65,20**,80k-100k,Technology
2061,50-65,21**,80k-100k,Finance
2062,18-29,20**,60k-80k,Education
2063,18-29,21**,60k-80k,Finance
2064,30-49,21**,100k-120k,Technology
2065,50-65,20**,80k-100k,Business
2066,50-65,21**,80k-100k,Technology
2067,50-65,20**,100k-120k,Finance
2068,50-65,22**,80k-100k,Technology
2069,30-49,22**,100k-120k,Management
2070,30-49,20**,80k-100k,Business
2071,50-65,20**,120k-140k,Technology
2072,30-49,20**,100k-120k,Healthcare
2073,30-49,20**,80k-100k,Healthcare
2074,18-29,20**,60k-80k,Business
2075,18-29,21**,60k-80k,Business
2076,50-65,20**,80k-100k,Technology
2077,30-49,21**,100k-120k,Technology
2078,30-49,22**,80k-100k,Business
2079,50-65,20**,100k-120k,Business
2080,30-49,21**,80k-100k,Finance
2081,18-29,22**,60k-80k,Business
2082,18-29,22**,80k-100k,Technology
2083,50-65,21**,120k-140k,Technology
2084,50-65,20**,100k-120k,Technology
2085,30-49,22**,100k-120k,Healthcare
2086,18-29,20**,80k-100k,Technology
2087,30-49,20**,80k-100k,Education
2088,30-49,20**,100k-120k,Technology
2089,50-65,20**,100k-120k,Business
2090,50-65,22**,100k-120k,Finance
2091,30-49,22**,80k-100k,Business
2092,30-49,21**,80k-100k,Business
2093,18-29,20**,60k-80k,Business
2094,30-49,21**,60k-80k,Business
2095,50-65,20**,120k-140k,Technology
2096,50-65,20**,100k-120k,Technology
2097,50-65,20**,100k-120k,Technology
2098,50-65,20**,100k-120k,Education
2099,50-65,20**,80k-100k,Business
2100,50-65,21**,120k-140k,Management
2101,30-49,22**,80k-100k,Finance
2102,30-49,20**,120k-140k,Management
2103,30-49,21**,80k-100k,Management
2104,18-29,20**,60k-80k,Healthcare
2105,30-49,21**,80k-100k,Education
2106,30-49,20**,80k-100k,Technology
2107,50-65,22**,100k-120k,Finance
2108,30-49,20**,100k-120k,Healthcare
2109,50-65,21**,100k-120k,Healthcare
2110,50-65,22**,100k-120k,Business
2111,50-65,21**,140k-160k,Management
2112,30-49,20**,120k-140k,Management
2113,18-29,20**,60k-80k,Healthcare
2114,50-65,21**,100k-120k,Healthcare
2115,30-49,20**,60k-80k,Education
2116,50-65,20**,100k-120k,Technology
2117,30-49,20**,80k-100k,Business
2118,30-49,21**,100k-120k,Technology
2119,30-49,21**,80k-100k,Healthcare
2120,50-65,20**,100k-120k,Finance
2121,50-65,21**,100k-120k,Finance
2122,50-65,20**,120k-140k,Technology
2123,30-49,20**,100k-120k,Technology
2124,30-49,21**,80k-100k,Technology
2125,50-65,21**,120k-140k,Management
2126,18-29,21**,60k-80k,Business
2127,30-49,21**,80k-100k,Healthcare
2128,30-49,20**,80k-100k,Business
2129,18-29,20**,60k-80k,Finance
2130,50-65,20**,80k-100k,Education
2131,30-49,20**,100k-120k,Healthcare
2132,50-65,21**,120k-140k,Technology
2133,30-49,20**,80k-100k,Finance
2134,50-65,20**,100k-120k,Healthcare
2135,50-65,20**,100k-120k,Business
2136,30-49,20**,80k-100k,Finance
2137,50-65,21**,80k-100k,Business
2138,30-49,22**,100k-120k,Technology
2139,50-65,21**,100k-120k,Finance
2140,30-49,21**,80k-100k,Finance
2141,30-49,21**,60k-80k,Business
2142,50-65,20**,120k-140k,Management
2143,50-65,20**,120k-140k,Management
2144,30-49,22**,80k-100k,Finance
2145,30-49,21**,100k-120k,Management
2146,50-65,21**,80k-100k,Technology
2147,30-49,20**,80k-100k,Business
2148,18-29,21**,60k-80k,Finance
2149,30-49,22**,80k-100k,Technology
2150,30-49,20**,80k-100k,Finance
2151,30-49,20**,60k-80k,Business
2152,30-49,20**,80k-100k,Technology
2153,18-29,20**,60k-80k,Finance
2154,30-49,21**,120k-140k,Management
2155,50-65,20**,80k-100k,Technology
2156,30-49,20**,100k-120k,Technology
2157,30-49,20**,80k-100k,Management
2158,50-65,20**,100k-120k,Business
2159,18-29,21**,60k-80k,Education
2160,18-29,21**,60k-80k,Healthcare
2161,30-49,20**,100k-120k,Technology
2162,50-65,20**,120k-140k,Management
2163,50-65,21**,100k-120k,Business
2164,30-49,20**,120k-140k,Technology
2165,18-29,20**,80k-100k,Education
2166,50-65,22**,100k-120k,Healthcare
2167,30-49,20**,80k-100k,Finance
2168,18-29,20**,60k-80k,Finance
2169,30-49,21**,80k-100k,Finance
2170,30-49,21**,100k-120k,Management
2171,30-49,21**,100k-120k,Management
2172,50-65,20**,100k-120k,Finance
2173,30-49,22**,80k-100k,Business
2174,30-49,22**,80k-100k,Technology
2175,18-29,22**,60k-80k,Technology
2176,30-49,21**,100k-120k,Management
2177,50-65,22**,100k-120k,Education
2178,50-65,21**,80k-100k,Finance
2179,18-29,20**,60k-80k,Healthcare
2180,18-29,20**,60k-80k,Finance
2181,18-29,22**,60k-80k,Business
2182,50-65,20**,100k-120k,Healthcare
2183,18-29,21**,60k-80k,Business
2184,30-49,20**,80k-100k,Healthcare
2185,50-65,21**,100k-120k,Finance
2186,30-49,21**,100k-120k,Healthcare
2187,50-65,21**,100k-120k,Education
2188,18-29,22**,80k-100k,Technology
2189,50-65,20**,120k-140k,Technology
2190,30-49,20**,80k-100k,Finance
2191,18-29,20**,80k-100k,Technology
2192,50-65,21**,120k-140k,Technology
2193,30-49,21**,60k-80k,Business
2194,30-49,22**,100k-120k,Technology
2195,30-49,20**,80k-100k,Finance
2196,30-49,20**,80k-100k,Education
2197,30-49,20**,60k-80k,Business
2198,18-29,22**,80k-100k,Management
2199,18-29,20**,60k-80k,Business
2200,50-65,20**,140k-160k,Technology
2201,50-65,21**,100k-120k,Healthcare
2202,18-29,21**,80k-100k,Technology
2203,50-65,20**,120k-140k,Technology
2204,30-49,22**,80k-100k,Business
2205,18-29,22**,60k-80k,Finance
2206,30-49,20**,80k-100k,Finance
2207,30-49,21**,100k-120k,Technology
2208,50-65,20**,80k-100k,Finance
2209,30-49,21**,100k-120k,Technology
2210,18-29,20**,60k-80k,Finance
2211,50-65,20**,100k-120k,Business
2212,50-65,20**,80k-100k,Business
2213,30-49,20**,120k-140k,Technology
2214,50-65,22**,100k-120k,Finance
2215,50-65,22**,120k-140k,Healthcare
2216,30-49,20**,100k-120k,Technology
2217,18-29,20**,60k-80k,Technology
2218,30-49,21**,100k-120k,Education
2219,50-65,20**,100k-120k,Technology
2220,50-65,21**,80k-100k,Business
2221,30-49,20**,80k-100k,Education
2222,18-29,20**,40k-60k,Business
2223,18-29,21**,80k-100k,Management
2224,30-49,20**,120k-140k,Technology
2225,50-65,21**,120k-140k,Management
2226,30-49,20**,80k-100k,Technology
2227,18-29,20**,60k-80k,Business
2228,30-49,20**,80k-100k,Finance
2229,50-65,21**,80k-100k,Education
2230,30-49,20**,80k-100k,Business
2231,50-65,20**,100k-120k,Business
2232,18-29,20**,60k-80k,Technology
2233,18-29,20**,60k-80k,Business
2234,50-65,21**,100k-120k,Business
2235,30-49,21**,80k-100k,Technology
2236,50-65,21**,140k-160k,Management
2237,30-49,22**,100k-120k,Technology
2238,18-29,20**,60k-80k,Education
2239,30-49,20**,100k-120k,Technology
2240,30-49,22**,80k-100k,Business
2241,30-49,20**,60k-80k,Business
2242,50-65,21**,120k-140k,Technology
2243,30-49,22**,60k-80k,Business
2244,30-49,20**,60k-80k,Technology
2245,30-49,21**,80k-100k,Education
2246,30-49,20**,100k-120k,Technology
2247,30-49,21**,80k-100k,Business
2248,50-65,20**,80k-100k,Technology
2249,50-65,21**,100k-120k,Business
2250,50-65,20**,100k-120k,Business
2251,18-29,20**,60k-80k,Finance
2252,50-65,21**,140k-160k,Technology
2253,30-49,21**,100k-120k,Technology
2254,18-29,21**,60k-80k,Finance
2255,18-29,20**,60k-80k,Finance
2256,30-49,22**,80k-100k,Finance
2257,18-29,21**,60k-80k,Finance
2258,50-65,22**,120k-140k,Finance
2259,18-29,22**,60k-80k,Education
2260,30-49,20**,100k-120k,Management
2261,30-49,21**,80k-100k,Healthcare
2262,50-65,21**,80k-100k,Business
2263,30-49,21**,80k-100k,Education
2264,30-49,20**,80k-100k,Healthcare
2265,50-65,21**,80k-100k,Education
2266,50-65,21**,140k-160k,Technology
2267,50-65,20**,120k-140k,Management
2268,30-49,20**,100k-120k,Healthcare
2269,30-49,20**,100k-120k,Technology
2270,30-49,21**,80k-100k,Management
2271,50-65,21**,80k-100k,Technology
2272,18-29,20**,80k-100k,Management
2273,30-49,20**,100k-120k,Healthcare
2274,50-65,20**,100k-120k,Business
2275,30-49,20**,80k-100k,Business
2276,18-29,22**,80k-100k,Technology
2277,18-29,21**,80k-100k,Technology
2278,18-29,22**,60k-80k,Healthcare
2279,30-49,22**,80k-100k,Business
2280,50-65,21**,100k-120k,Business
2281,30-49,20**,100k-120k,Technology
2282,18-29,20**,40k-60k,Business
2283,30-49,20**,100k-120k,Management
2284,30-49,20**,100k-120k,Technology
2285,50-65,21**,100k-120k,Business
2286,50-65,22**,100k-120k,Business
2287,30-49,21**,60k-80k,Business
2288,50-65,20**,100k-120k,Healthcare
2289,18-29,20**,80k-100k,Technology
2290,18-29,22**,60k-80k,Technology
2291,18-29,21**,60k-80k,Finance
2292,50-65,21**,100k-120k,Finance
2293,30-49,20**,80k-100k,Technology
2294,18-29,21**,60k-80k,Business
2295,18-29,20**,80k-100k,Technology
2296,30-49,20**,80k-100k,Business
2297,50-65,20**,80k-100k,Finance
2298,50-65,20**,100k-120k,Healthcare
2299,18-29,22**,60k-80k,Technology
2300,30-49,22**,80k-100k,Business
2301,50-65,20**,100k-120k,Management
2302,30-49,21**,100k-120k,Healthcare
2303,50-65,22**,100k-120k,Business
2304,30-49,21**,60k-80k,Technology
2305,30-49,20**,80k-100k,Business
2306,18-29,22**,60k-80k,Finance
2307,30-49,21**,100k-120k,Technology
2308,30-49,20**,80k-100k,Healthcare
2309,30-49,21**,80k-100k,Finance
2310,30-49,21**,80k-100k,Finance
2311,50-65,21**,100k-120k,Education
2312,18-29,22**,60k-80k,Finance
2313,30-49,21**,80k-100k,Education
2314,50-65,20**,80k-100k,Finance
2315,50-65,20**,100k-120k,Business
2316,30-49,21**,100k-120k,Technology
2317,18-29,21**,60k-80k,Healthcare
2318,30-49,21**,60k-80k,Finance
2319,18-29,20**,60k-80k,Education
2320,50-65,20**,140k-160k,Technology
2321,18-29,20**,80k-100k,Technology
2322,18-29,20**,40k-60k,Business
2323,50-65,21**,80k-100k,Finance
2324,30-49,20**,80k-100k,Education
2325,30-49,22**,100k-120k,Technology
2326,50-65,22**,100k-120k,Technology
2327,30-49,20**,80k-100k,Business
2328,50-65,20**,100k-120k,Business
2329,18-29,20**,80k-100k,Management
2330,50-65,20**,120k-140k,Technology
2331,18-29,22**,80k-100k,Finance
2332,50-65,22**,80k-100k,Business
2333,18-29,20**,60k-80k,Education
2334,18-29,21**,60k-80k,Finance
2335,18-29,21**,60k-80k,Finance
2336,30-49,20**,80k-100k,Management
2337,30-49,22**,80k-100k,Education
2338,30-49,20**,80k-100k,Finance
2339,30-49,20**,80k-100k,Finance
2340,30-49,21**,100k-120k,Healthcare
2341,50-65,20**,100k-120k,Education
2342,18-29,22**,80k-100k,Technology
2343,18-29,20**,80k-100k,Technology
2344,30-49,21**,100k-120k,Technology
2345,30-49,22**,80k-100k,Technology
2346,50-65,22**,100k-120k,Technology
2347,30-49,21**,80k-100k,Healthcare
2348,30-49,21**,60k-80k,Education
2349,30-49,21**,80k-100k,Management
2350,50-65,21**,100k-120k,Healthcare
2351,50-65,21**,80k-100k,Business
2352,50-65,22**,100k-120k,Education
2353,30-49,20**,60k-80k,Finance
2354,50-65,21**,80k-100k,Education
2355,50-65,20**,100k-120k,Management
2356,18-29,21**,80k-100k,Management
2357,50-65,22**,80k-100k,Education
2358,18-29,21**,60k-80k,Technology
2359,30-49,20**,80k-100k,Finance
2360,50-65,22**,100k-120k,Technology
2361,30-49,22**,80k-100k,Finance
2362,30-49,20**,80k-100k,Technology
2363,30-49,21**,80k-100k,Finance
2364,30-49,20**,100k-120k,Education
2365,50-65,21**,120k-140k,Management
2366,30-49,20**,80k-100k,Finance
2367,50-65,22**,140k-160k,Technology
2368,50-65,20**,80k-100k,Finance
2369,50-65,20**,80k-100k,Business
2370,30-49,20**,100k-120k,Technology
2371,30-49,20**,100k-120k,Technology
2372,30-49,21**,100k-120k,Technology
2373,30-49,21**,120k-140k,Technology
2374,30-49,21**,80k-100k,Business
2375,30-49,21**,100k-120k,Finance
2376,50-65,21**,100k-120k,Healthcare
2377,50-65,20**,100k-120k,Healthcare
2378,50-65,21**,120k-140k,Technology
2379,18-29,21**,80k-100k,Management
2380,50-65,21**,100k-120k,Finance
2381,18-29,21**,80k-100k,Technology
2382,18-29,21**,40k-60k,Business
2383,18-29,21**,60k-80k,Education
2384,18-29,20**,80k-100k,Management
2385,30-49,21**,80k-100k,Finance
2386,30-49,20**,60k-80k,Business
2387,18-29,21**,40k-60k,Business
2388,30-49,20**,80k-100k,Finance
2389,50-65,20**,100k-120k,Business
2390,50-65,20**,80k-100k,Education
2391,30-49,21**,80k-100k,Business
2392,50-65,20**,100k-120k,Business
2393,30-49,20**,80k-100k,Business
2394,50-65,21**,80k-100k,Business
2395,18-29,20**,60k-80k,Education
2396,30-49,21**,80k-100k,Finance
2397,50-65,22**,100k-120k,Technology
2398,50-65,22**,100k-120k,Finance
2399,18-29,21**,60k-80k,Technology
2400,50-65,22**,120k-140k,Technology
2401,18-29,21**,60k-80k,Finance
2402,50-65,21**,100k-120k,Technology
2403,30-49,21**,60k-80k,Business
2404,18-29,20**,80k-100k,Management
2405,30-49,20**,80k-100k,Finance
2406,30-49,21**,120k-140k,Technology
2407,30-49,21**,80k-100k,Healthcare
2408,30-49,20**,80k-100k,Technology
2409,18-29,20**,80k-100k,Healthcare
2410,30-49,20**,80k-100k,Healthcare
2411,18-29,21**,80k-100k,Technology
2412,30-49,20**,100k-120k,Technology
2413,18-29,20**,80k-100k,Technology
2414,50-65,20**,140k-160k,Technology
2415,18-29,22**,60k-80k,Technology
2416,30-49,20**,80k-100k,Healthcare
2417,18-29,20**,60k-80k,Healthcare
2418,30-49,20**,100k-120k,Technology
2419,30-49,21**,60k-80k,Business
2420,30-49,21**,120k-140k,Management
2421,18-29,20**,60k-80k,Finance
2422,30-49,21**,100k-120k,Management
2423,30-49,21**,80k-100k,Technology
2424,18-29,21**,60k-80k,Finance
2425,50-65,20**,140k-160k,Technology
2426,50-65,20**,140k-160k,Technology
2427,30-49,20**,80k-100k,Business
2428,30-49,21**,100k-120k,Technology
2429,18-29,21**,60k-80k,Finance
2430,50-65,20**,80k-100k,Business
2431,30-49,20**,80k-100k,Business
2432,18-29,21**,60k-80k,Technology
2433,50-65,22**,100k-120k,Finance
2434,30-49,21**,80k-100k,Finance
2435,30-49,20**,80k-100k,Technology
2436,50-65,20**,100k-120k,Technology
2437,30-49,20**,100k-120k,Technology
2438,30-49,20**,80k-100k,Healthcare
2439,30-49,22**,80k-100k,Education
2440,50-65,20**,100k-120k,Business
2441,50-65,20**,100k-120k,Education
2442,30-49,20**,60k-80k,Business
2443,50-65,22**,120k-140k,Technology
2444,50-65,20**,80k-100k,Business
2445,50-65,21**,140k-160k,Technology
2446,50-65,21**,100k-120k,Business
2447,18-29,21**,60k-80k,Technology
2448,50-65,22**,80k-100k,Business
2449,30-49,21**,80k-100k,Healthcare
2450,30-49,22**,100k-120k,Technology
2451,18-29,21**,60k-80k,Business
2452,30-49,20**,80k-100k,Technology
2453,30-49,20**,60k-80k,Education
2454,50-65,22**,100k-120k,Finance
2455,30-49,21**,60k-80k,Business
2456,30-49,22**,80k-100k,Business
2457,30-49,20**,80k-100k,Technology
2458,18-29,21**,60k-80k,Finance
2459,30-49,21**,100k-120k,Technology
2460,50-65,22**,100k-120k,Business
2461,50-65,20**,120k-140k,Technology
2462,18-29,20**,80k-100k,Technology
2463,50-65,21**,80k-100k,Finance
2464,30-49,22**,80k-100k,Technology
2465,50-65,22**,100k-120k,Finance
2466,30-49,21**,80k-100k,Technology
2467,30-49,21**,80k-100k,Healthcare
2468,18-29,21**,80k-100k,Management
2469,30-49,20**,100k-120k,Management
2470,18-29,21**,60k-80k,Finance
2471,30-49,20**,80k-100k,Education
2472,30-49,20**,80k-100k,Education
2473,18-29,22**,60k-80k,Finance
2474,18-29,20**,60k-80k,Finance
2475,30-49,20**,80k-100k,Finance
2476,18-29,21**,60k-80k,Business
2477,50-65,20**,100k-120k,Education
2478,18-29,20**,60k-80k,Business
2479,18-29,21**,60k-80k,Education
2480,18-29,21**,60k-80k,Business
2481,18-29,21**,60k-80k,Business
2482,18-29,20**,60k-80k,Technology
2483,30-49,20**,80k-100k,Technology
2484,30-49,20**,80k-100k,Technology
2485,18-29,22**,60k-80k,Technology
2486,50-65,20**,100k-120k,Technology
2487,30-49,21**,100k-120k,Technology
2488,30-49,22**,60k-80k,Business
2489,30-49,21**,100k-120k,Healthcare
2490,50-65,20**,100k-120k,Business
2491,50-65,21**,100k-120k,Technology
2492,30-49,20**,60k-80k,Business
2493,18-29,21**,60k-80k,Technology
2494,50-65,21**,80k-100k,Finance
2495,50-65,20**,120k-140k,Management
2496,30-49,22**,80k-100k,Business
2497,18-29,20**,60k-80k,Finance
2498,18-29,20**,80k-100k,Technology
2499,30-49,22**,100k-120k,Management
2500,30-49,21**,60k-80k,Business
2501,18-29,20**,60k-80k,Business
2502,30-49,21**,60k-80k,Finance
2503,50-65,22**,80k-100k,Business
2504,18-29,21**,60k-80k,Finance
2505,18-29,21**,60k-80k,Healthcare
2506,30-49,20**,60k-80k,Finance
2507,30-49,22**,60k-80k,Business
2508,50-65,21**,100k-120k,Education
2509,30-49,20**,80k-100k,Business
2510,30-49,20**,100k-120k,Technology
2511,18-29,20**,60k-80k,Business
2512,50-65,22**,100k-120k,Finance
2513,30-49,20**,80k-100k,Business
2514,30-49,22**,80k-100k,Education
2515,30-49,20**,60k-80k,Healthcare
2516,30-49,20**,80k-100k,Technology
2517,18-29,20**,80k-100k,Management
2518,30-49,20**,80k-100k,Business
2519,30-49,20**,80k-100k,Technology
2520,30-49,20**,60k-80k,Finance
2521,30-49,20**,100k-120k,Technology
2522,30-49,20**,80k-100k,Technology
2523,18-29,20**,60k-80k,Finance
2524,50-65,21**,120k-140k,Technology
2525,30-49,20**,80k-100k,Finance
2526,30-49,21**,60k-80k,Education
2527,50-65,21**,80k-100k,Business
2528,18-29,20**,80k-100k,Technology
2529,30-49,21**,80k-100k,Management
2530,30-49,21**,60k-80k,Business
2531,18-29,21**,40k-60k,Business
2532,50-65,20**,100k-120k,Finance
2533,30-49,22**,60k-80k,Technology
2534,18-29,21**,80k-100k,Management
2535,30-49,21**,80k-100k,Technology
2536,18-29,21**,80k-100k,Management
2537,30-49,21**,80k-100k,Business
2538,18-29,22**,60k-80k,Education
2539,50-65,22**,100k-120k,Business
2540,30-49,21**,100k-120k,Finance
2541,50-65,22**,80k-100k,Business
2542,30-49,20**,60k-80k,Finance
2543,30-49,20**,80k-100k,Healthcare
2544,30-49,21**,80k-100k,Healthcare
2545,30-49,21**,80k-100k,Finance
2546,18-29,20**,80k-100k,Technology
2547,50-65,20**,100k-120k,Education
2548,18-29,21**,60k-80k,Business
2549,30-49,21**,80k-100k,Business
2550,30-49,21**,80k-100k,Education
2551,30-49,20**,80k-100k,Healthcare
2552,30-49,20**,80k-100k,Finance
2553,30-49,20**,100k-120k,Technology
2554,50-65,22**,100k-120k,Management
2555,30-49,20**,60k-80k,Finance
2556,18-29,20**,60k-80k,Education
2557,30-49,20**,60k-80k,Education
2558,30-49,22**,80k-100k,Finance
2559,30-49,20**,60k-80k,Business
2560,30-49,20**,60k-80k,Technology
2561,30-49,21**,100k-120k,Healthcare
2562,50-65,21**,100k-120k,Technology
2563,18-29,20**,60k-80k,Healthcare
2564,50-65,21**,100k-120k,Finance
2565,50-65,21**,80k-100k,Business
2566,50-65,20**,100k-120k,Business
2567,30-49,21**,80k-100k,Finance
2568,30-49,21**,80k-100k,Business
2569,18-29,20**,60k-80k,Education
2570,18-29,22**,60k-80k,Finance
2571,30-49,20**,80k-100k,Education
2572,30-49,22**,100k-120k,Healthcare
2573,50-65,20**,120k-140k,Management
2574,50-65,21**,80k-100k,Technology
2575,18-29,20**,80k-100k,Technology
2576,50-65,21**,100k-120k,Business
2577,30-49,20**,80k-100k,Healthcare
2578,18-29,21**,80k-100k,Management
2579,30-49,20**,120k-140k,Technology
2580,30-49,20**,80k-100k,Finance
2581,18-29,20**,80k-100k,Management
2582,50-65,21**,80k-100k,Business
2583,18-29,20**,60k-80k,Finance
2584,30-49,20**,60k-80k,Finance
2585,50-65,20**,120k-140k,Management
2586,18-29,21**,60k-80k,Education
2587,18-29,21**,60k-80k,Education
2588,18-29,20**,80k-100k,Technology
2589,30-49,22**,60k-80k,Business
2590,30-49,20**,80k-100k,Finance
2591,30-49,22**,80k-100k,Healthcare
2592,18-29,21**,60k-80k,Business
2593,50-65,21**,100k-120k,Finance
2594,30-49,20**,60k-80k,Finance
2595,30-49,21**,120k-140k,Technology
2596,30-49,20**,100k-120k,Management
2597,30-49,21**,100k-120k,Business
2598,18-29,20**,80k-100k,Technology
2599,30-49,21**,80k-100k,Finance
2600,30-49,20**,80k-100k,Finance
2601,30-49,22**,80k-100k,Healthcare
2602,50-65,20**,100k-120k,Business
2603,50-65,20**,100k-120k,Technology
2604,30-49,20**,80k-100k,Management
2605,50-65,21**,100k-120k,Finance
2606,50-65,21**,100k-120k,Technology
2607,18-29,20**,80k-100k,Management
2608,30-49,20**,100k-120k,Technology
2609,50-65,21**,80k-100k,Technology
2610,18-29,21**,60k-80k,Business
2611,50-65,20**,120k-140k,Healthcare
2612,18-29,20**,60k-80k,Technology
2613,50-65,20**,140k-160k,Technology
2614,30-49,20**,80k-100k,Business
2615,50-65,22**,100k-120k,Finance
2616,18-29,20**,60k-80k,Business
2617,18-29,21**,60k-80k,Technology
2618,18-29,20**,80k-100k,Finance
2619,50-65,20**,100k-120k,Healthcare
2620,50-65,22**,100k-120k,Technology
2621,18-29,21**,60k-80k,Business
2622,30-49,22**,80k-100k,Technology
2623,30-49,22**,60k-80k,Business
2624,50-65,22**,120k-140k,Management
2625,30-49,21**,80k-100k,Finance
2626,50-65,20**,100k-120k,Technology
2627,30-49,21**,60k-80k,Finance
2628,30-49,20**,80k-100k,Technology
2629,18-29,20**,60k-80k,Technology
2630,50-65,20**,120k-140k,Technology
2631,50-65,22**,120k-140k,Technology
2632,18-29,21**,60k-80k,Healthcare
2633,30-49,21**,80k-100k,Education
2634,50-65,21**,100k-120k,Finance
2635,30-49,20**,100k-120k,Technology
2636,18-29,20**,60k-80k,Education
2637,18-29,22**,60k-80k,Healthcare
2638,18-29,20**,60k-80k,Healthcare
2639,30-49,22**,80k-100k,Technology
2640,50-65,21**,80k-100k,Business
2641,18-29,21**,60k-80k,Finance
2642,50-65,20**,100k-120k,Business
2643,50-65,20**,120k-140k,Technology
2644,50-65,22**,100k-120k,Education
2645,50-65,20**,120k-140k,Technology
2646,50-65,22**,100k-120k,Education
2647,18-29,20**,60k-80k,Education
2648,50-65,21**,100k-120k,Business
2649,50-65,21**,100k-120k,Finance
2650,50-65,20**,80k-100k,Technology
2651,50-65,20**,120k-140k,Technology
2652,50-65,20**,100k-120k,Healthcare
2653,18-29,21**,80k-100k,Technology
2654,30-49,20**,80k-100k,Finance
2655,30-49,20**,80k-100k,Technology
2656,30-49,20**,80k-100k,Education
2657,30-49,21**,80k-100k,Technology
2658,50-65,20**,100k-120k,Finance
2659,50-65,20**,100k-120k,Education
2660,30-49,20**,80k-100k,Management
2661,50-65,21**,100k-120k,Finance
2662,50-65,20**,100k-120k,Education
2663,50-65,20**,100k-120k,Technology
2664,18-29,20**,60k-80k,Finance
2665,30-49,20**,80k-100k,Technology
2666,50-65,20**,120k-140k,Management
2667,50-65,21**,120k-140k,Technology
2668,30-49,22**,100k-120k,Technology
2669,30-49,20**,80k-100k,Healthcare
2670,30-49,20**,80k-100k,Finance
2671,30-49,20**,80k-100k,Finance
2672,18-29,21**,60k-80k,Education
2673,18-29,21**,60k-80k,Business
2674,50-65,22**,80k-100k,Business
2675,18-29,20**,60k-80k,Business
2676,30-49,20**,120k-140k,Technology
2677,50-65,21**,120k-140k,Technology
2678,30-49,21**,80k-100k,Healthcare
2679,30-49,21**,100k-120k,Finance
2680,50-65,20**,100k-120k,Business
2681,18-29,20**,60k-80k,Business
2682,30-49,20**,80k-100k,Technology
2683,50-65,21**,100k-120k,Education
2684,30-49,22**,80k-100k,Healthcare
2685,30-49,20**,80k-100k,Business
2686,18-29,20**,60k-80k,Healthcare
2687,30-49,20**,60k-80k,Business
2688,30-49,22**,80k-100k,Finance
2689,50-65,22**,80k-100k,Business
2690,50-65,22**,100k-120k,Technology
2691,30-49,20**,80k-100k,Finance
2692,18-29,22**,60k-80k,Education
2693,50-65,20**,140k-160k,Technology
2694,30-49,20**,100k-120k,Technology
2695,50-65,22**,80k-100k,Business
2696,18-29,20**,60k-80k,Technology
2697,30-49,20**,80k-100k,Business
2698,30-49,20**,80k-100k,Healthcare
2699,30-49,21**,80k-100k,Finance
2700,50-65,21**,100k-120k,Healthcare
2701,50-65,22**,100k-120k,Healthcare
2702,18-29,21**,40k-60k,Business
2703,30-49,22**,80k-100k,Finance
2704,50-65,20**,100k-120k,Finance
2705,30-49,20**,80k-100k,Technology
2706,50-65,21**,120k-140k,Healthcare
2707,50-65,22**,100k-120k,Finance
2708,18-29,21**,80k-100k,Technology
2709,50-65,20**,140k-160k,Technology
2710,18-29,20**,80k-100k,Management
2711,50-65,20**,80k-100k,Finance
2712,18-29,20**,80k-100k,Technology
2713,30-49,22**,80k-100k,Business
2714,50-65,20**,120k-140k,Technology
2715,18-29,20**,60k-80k,Healthcare
2716,18-29,20**,60k-80k,Education
2717,30-49,21**,60k-80k,Business
2718,18-29,20**,60k-80k,Technology
2719,50-65,20**,80k-100k,Business
2720,30-49,20**,80k-100k,Management
2721,50-65,20**,120k-140k,Management
2722,30-49,21**,100k-120k,Education
2723,30-49,22**,80k-100k,Education
2724,30-49,21**,80k-100k,Finance
2725,30-49,20**,80k-100k,Business
2726,30-49,20**,100k-120k,Technology
2727,50-65,22**,100k-120k,Healthcare
2728,18-29,20**,60k-80k,Business
2729,30-49,21**,80k-100k,Finance
2730,50-65,21**,100k-120k,Business
2731,50-65,20**,100k-120k,Finance
2732,18-29,20**,60k-80k,Education
2733,50-65,20**,100k-120k,Business
2734,30-49,22**,80k-100k,Healthcare
2735,30-49,21**,80k-100k,Healthcare
2736,50-65,20**,120k-140k,Healthcare
2737,30-49,21**,100k-120k,Technology
2738,50-65,20**,120k-140k,Management
2739,30-49,20**,120k-140k,Technology
2740,30-49,21**,100k-120k,Technology
2741,30-49,20**,100k-120k,Management
2742,30-49,22**,80k-100k,Technology
2743,18-29,22**,60k-80k,Healthcare
2744,18-29,21**,60k-80k,Education
2745,30-49,22**,80k-100k,Finance
2746,50-65,22**,120k-140k,Technology
2747,50-65,20**,80k-100k,Business
2748,30-49,21**,60k-80k,Business
2749,50-65,21**,100k-120k,Education
2750,50-65,21**,120k-140k,Management
2751,30-49,20**,80k-100k,Finance
2752,18-29,20**,80k-100k,Technology
2753,50-65,20**,100k-120k,Business
2754,50-65,20**,100k-120k,Education
2755,30-49,22**,60k-80k,Business
2756,30-49,21**,80k-100k,Technology
2757,30-49,21**,80k-100k,Healthcare
2758,30-49,21**,120k-140k,Technology
2759,50-65,20**,100k-120k,Finance
2760,18-29,21**,80k-100k,Management
2761,18-29,20**,80k-100k,Finance
2762,50-65,20**,100k-120k,Business
2763,30-49,22**,80k-100k,Technology
2764,50-65,20**,100k-120k,Education
2765,50-65,20**,140k-160k,Technology
2766,30-49,21**,80k-100k,Finance
2767,50-65,20**,100k-120k,Healthcare
2768,18-29,22**,60k-80k,Finance
2769,50-65,20**,100k-120k,Technology
2770,50-65,20**,100k-120k,Healthcare
2771,18-29,21**,80k-100k,Management
2772,30-49,21**,80k-100k,Business
2773,30-49,21**,100k-120k,Technology
2774,30-49,22**,80k-100k,Finance
2775,30-49,20**,100k-120k,Technology
2776,50-65,22**,100k-120k,Technology
2777,30-49,21**,100k-120k,Technology
2778,30-49,20**,80k-100k,Business
2779,30-49,22**,60k-80k,Finance
2780,50-65,21**,100k-120k,Technology
2781,18-29,21**,80k-100k,Technology
2782,50-65,20**,120k-140k,Technology
2783,30-49,20**,60k-80k,Business
2784,18-29,22**,80k-100k,Management
2785,50-65,20**,100k-120k,Healthcare
2786,30-49,20**,60k-80k,Technology
2787,30-49,20**,80k-100k,Business
2788,18-29,22**,60k-80k,Healthcare
2789,30-49,20**,100k-120k,Healthcare
2790,30-49,20**,80k-100k,Technology
2791,18-29,21**,80k-100k,Technology
2792,30-49,21**,80k-100k,Technology
2793,50-65,20**,80k-100k,Business
2794,50-65,21**,120k-140k,Technology
2795,50-65,20**,120k-140k,Healthcare
2796,18-29,20**,60k-80k,Technology
2797,50-65,20**,140k-160k,Management
2798,50-65,21**,100k-120k,Technology
2799,50-65,21**,100k-120k,Management
2800,50-65,21**,80k-100k,Business
2801,30-49,20**,100k-120k,Technology
2802,50-65,20**,140k-160k,Technology
2803,30-49,20**,80k-100k,Education
2804,18-29,20**,40k-60k,Business
2805,18-29,20**,80k-100k,Management
2806,18-29,21**,80k-100k,Technology
2807,30-49,20**,100k-120k,Management
2808,50-65,20**,100k-120k,Technology
2809,18-29,20**,80k-100k,Management
2810,30-49,21**,120k-140k,Technology
2811,50-65,21**,100k-120k,Education
2812,50-65,21**,120k-140k,Management
2813,50-65,22**,120k-140k,Technology
2814,30-49,20**,60k-80k,Technology
2815,30-49,20**,80k-100k,Finance
2816,50-65,21**,80k-100k,Finance
2817,30-49,22**,100k-120k,Technology
2818,18-29,20**,80k-100k,Management
2819,30-49,21**,100k-120k,Technology
2820,18-29,22**,60k-80k,Finance
2821,50-65,21**,120k-140k,Technology
2822,18-29,22**,60k-80k,Finance
2823,50-65,21**,100k-120k,Education
2824,50-65,21**,120k-140k,Technology
2825,30-49,21**,80k-100k,Healthcare
2826,50-65,20**,80k-100k,Finance
2827,18-29,20**,80k-100k,Management
2828,30-49,20**,100k-120k,Technology
2829,30-49,20**,80k-100k,Education
2830,30-49,20**,60k-80k,Finance
2831,30-49,21**,60k-80k,Finance
2832,18-29,21**,80k-100k,Technology
2833,50-65,20**,100k-120k,Business
2834,30-49,20**,80k-100k,Business
2835,30-49,20**,60k-80k,Business
2836,18-29,21**,60k-80k,Education
2837,30-49,21**,100k-120k,Management
2838,30-49,21**,80k-100k,Business
2839,30-49,22**,80k-100k,Technology
2840,50-65,22**,120k-140k,Technology
2841,18-29,21**,60k-80k,Healthcare
2842,18-29,22**,60k-80k,Education
2843,50-65,21**,100k-120k,Business
2844,18-29,21**,60k-80k,Business
2845,50-65,20**,100k-120k,Finance
2846,50-65,20**,80k-100k,Finance
2847,30-49,20**,80k-100k,Healthcare
2848,50-65,20**,120k-140k,Technology
2849,18-29,21**,80k-100k,Technology
2850,18-29,21**,60k-80k,Finance
2851,18-29,22**,60k-80k,Healthcare
2852,50-65,21**,140k-160k,Technology
2853,50-65,22**,100k-120k,Management
2854,30-49,21**,80k-100k,Technology
2855,50-65,22**,100k-120k,Technology
2856,50-65,22**,120k-140k,Management
2857,30-49,22**,100k-120k,Management
2858,18-29,21**,40k-60k,Business
2859,50-65,20**,120k-140k,Management
2860,18-29,20**,60k-80k,Education
2861,30-49,21**,80k-100k,Technology
2862,30-49,21**,100k-120k,Technology
2863,30-49,21**,60k-80k,Finance
2864,30-49,21**,80k-100k,Finance
2865,30-49,20**,80k-100k,Finance
2866,30-49,20**,80k-100k,Finance
2867,18-29,21**,60k-80k,Business
2868,18-29,20**,60k-80k,Education
2869,30-49,21**,80k-100k,Finance
2870,18-29,22**,60k-80k,Education
2871,30-49,20**,80k-100k,Education
2872,30-49,20**,80k-100k,Business
2873,50-65,20**,120k-140k,Management
2874,18-29,20**,60k-80k,Business
2875,50-65,20**,100k-120k,Finance
2876,30-49,20**,80k-100k,Education
2877,30-49,21**,100k-120k,Technology
2878,18-29,22**,60k-80k,Business
2879,18-29,21**,80k-100k,Technology
2880,18-29,22**,60k-80k,Education
2881,18-29,20**,60k-80k,Finance
2882,18-29,21**,60k-80k,Healthcare
2883,18-29,22**,80k-100k,Technology
2884,30-49,20**,100k-120k,Finance
2885,30-49,21**,100k-120k,Management
2886,30-49,21**,80k-100k,Healthcare
2887,18-29,20**,60k-80k,Technology
2888,18-29,21**,80k-100k,Technology
2889,18-29,20**,60k-80k,Finance
2890,30-49,22**,60k-80k,Business
2891,30-49,20**,80k-100k,Business
2892,30-49,21**,100k-120k,Technology
2893,50-65,22**,140k-160k,Technology
2894,18-29,20**,60k-80k,Finance
2895,30-49,22**,80k-100k,Finance
2896,30-49,22**,60k-80k,Business
2897,50-65,21**,120k-140k,Management
2898,30-49,22**,60k-80k,Business
2899,30-49,20**,80k-100k,Technology
2900,18-29,20**,60k-80k,Finance
2901,30-49,21**,80k-100k,Technology
2902,18-29,21**,60k-80k,Technology
2903,50-65,22**,100k-120k,Finance
2904,30-49,21**,80k-100k,Education
2905,18-29,21**,80k-100k,Management
2906,30-49,20**,100k-120k,Technology
2907,30-49,22**,80k-100k,Education
2908,30-49,20**,60k-80k,Education
2909,18-29,20**,60k-80k,Technology
2910,30-49,21**,60k-80k,Finance
2911,50-65,21**,120k-140k,Technology
2912,30-49,21**,60k-80k,Business
2913,30-49,20**,80k-100k,Technology
2914,50-65,20**,120k-140k,Management
2915,30-49,22**,80k-100k,Education
2916,50-65,21**,80k-100k,Business
2917,50-65,20**,120k-140k,Finance
2918,30-49,20**,100k-120k,Technology
2919,50-65,20**,80k-100k,Business
2920,50-65,20**,100k-120k,Finance
2921,18-29,21**,80k-100k,Technology
2922,30-49,20**,80k-100k,Business
2923,50-65,20**,120k-140k,Technology
2924,30-49,21**,80k-100k,Healthcare
2925,50-65,21**,100k-120k,Education
2926,50-65,21**,120k-140k,Technology
2927,30-49,21**,100k-120k,Healthcare
2928,18-29,21**,80k-100k,Technology
2929,50-65,20**,120k-140k,Technology
2930,50-65,22**,80k-100k,Technology
2931,50-65,21**,120k-140k,Healthcare
2932,50-65,20**,120k-140k,Technology
2933,50-65,21**,100k-120k,Healthcare
2934,30-49,20**,80k-100k,Business
2935,18-29,20**,80k-100k,Technology
2936,30-49,22**,60k-80k,Business
2937,50-65,21**,100k-120k,Business
2938,30-49,20**,80k-100k,Finance
2939,50-65,21**,100k-120k,Finance
2940,18-29,20**,60k-80k,Finance
2941,30-49,20**,60k-80k,Finance
2942,30-49,20**,80k-100k,Technology
2943,50-65,20**,100k-120k,Finance
2944,18-29,22**,60k-80k,Technology
2945,50-65,21**,100k-120k,Business
2946,18-29,20**,80k-100k,Management
2947,30-49,20**,80k-100k,Business
2948,18-29,21**,60k-80k,Technology
2949,50-65,20**,100k-120k,Finance
2950,18-29,22**,80k-100k,Management
2951,18-29,22**,60k-80k,Healthcare
2952,50-65,21**,80k-100k,Business
2953,30-49,20**,80k-100k,Finance
2954,30-49,22**,60k-80k,Business
2955,18-29,20**,60k-80k,Business
2956,30-49,21**,100k-120k,Technology
2957,30-49,21**,100k-120k,Technology
2958,18-29,21**,60k-80k,Finance
2959,50-65,22**,140k-160k,Technology
2960,18-29,20**,60k-80k,Finance
2961,30-49,20**,60k-80k,Business
2962,18-29,21**,80k-100k,Technology
2963,30-49,20**,100k-120k,Healthcare
2964,18-29,21**,60k-80k,Technology
2965,30-49,20**,80k-100k,Healthcare
2966,18-29,20**,60k-80k,Technology
2967,18-29,20**,80k-100k,Finance
2968,18-29,20**,60k-80k,Technology
2969,50-65,22**,100k-120k,Education
2970,30-49,21**,100k-120k,Technology
2971,30-49,20**,100k-120k,Technology
2972,30-49,20**,100k-120k,Technology
2973,50-65,22**,100k-120k,Finance
2974,18-29,20**,60k-80k,Technology
2975,50-65,20**,100k-120k,Finance
2976,30-49,20**,100k-120k,Technology
2977,18-29,21**,60k-80k,Finance
2978,18-29,22**,60k-80k,Education
2979,30-49,22**,60k-80k,Healthcare
2980,30-49,20**,120k-140k,Technology
2981,18-29,21**,60k-80k,Finance
2982,50-65,20**,100k-120k,Education
2983,18-29,21**,60k-80k,Technology
2984,18-29,21**,80k-100k,Healthcare
2985,50-65,22**,120k-140k,Technology
2986,18-29,21**,60k-80k,Finance
2987,30-49,20**,100k-120k,Technology
2988,50-65,20**,100k-120k,Education
2989,18-29,22**,80k-100k,Technology
2990,30-49,21**,100k-120k,Technology
2991,50-65,20**,100k-120k,Business
2992,50-65,22**,100k-120k,Healthcare
2993,18-29,20**,80k-100k,Technology
2994,18-29,21**,80k-100k,Healthcare
2995,30-49,21**,100k-120k,Healthcare
2996,50-65,20**,100k-120k,Education
2997,30-49,21**,100k-120k,Healthcare
2998,50-65,21**,120k-140k,Management
2999,50-65,21**,80k-100k,Finance
3000,50-65,21**,100k-120k,Healthcare
3001,50-65,22**,80k-100k,Finance
3002,30-49,20**,60k-80k,Education
3003,18-29,21**,60k-80k,Education
3004,18-29,20**,80k-100k,Technology
3005,30-49,20**,100k-120k,Technology
3006,18-29,21**,80k-100k,Management
3007,30-49,20**,60k-80k,Finance
3008,18-29,21**,80k-100k,Technology
3009,50-65,21**,100k-120k,Healthcare
3010,50-65,22**,140k-160k,Technology
3011,18-29,21**,60k-80k,Business
3012,18-29,21**,80k-100k,Technology
3013,18-29,20**,60k-80k,Finance
3014,50-65,20**,100k-120k,Healthcare
3015,30-49,22**,120k-140k,Technology
3016,50-65,21**,100k-120k,Finance
3017,50-65,21**,100k-120k,Education
3018,30-49,20**,80k-100k,Technology
3019,50-65,21**,80k-100k,Technology
3020,50-65,20**,120k-140k,Technology
3021,30-49,21**,80k-100k,Business
3022,50-65,20**,120k-140k,Management
3023,30-49,20**,100k-120k,Technology
3024,50-65,20**,100k-120k,Healthcare
3025,30-49,20**,80k-100k,Business
3026,30-49,22**,120k-140k,Technology
3027,50-65,22**,120k-140k,Technology
3028,30-49,22**,100k-120k,Education
3029,30-49,20**,100k-120k,Technology
3030,50-65,20**,100k-120k,Healthcare
3031,18-29,20**,80k-100k,Technology
3032,50-65,20**,100k-120k,Education
3033,30-49,21**,80k-100k,Technology
3034,18-29,21**,60k-80k,Finance
3035,30-49,21**,60k-80k,Finance
3036,50-65,20**,100k-120k,Technology
3037,18-29,21**,40k-60k,Business
3038,50-65,20**,80k-100k,Business
3039,30-49,20**,80k-100k,Technology
3040,30-49,21**,80k-100k,Finance
3041,30-49,21**,60k-80k,Education
3042,18-29,20**,80k-100k,Technology
3043,50-65,20**,140k-160k,Management
3044,18-29,21**,60k-80k,Technology
3045,30-49,20**,80k-100k,Business
3046,18-29,22**,80k-100k,Technology
3047,18-29,22**,60k-80k,Technology
3048,30-49,22**,80k-100k,Technology
3049,50-65,22**,120k-140k,Management
3050,50-65,20**,120k-140k,Management
3051,18-29,20**,60k-80k,Education
3052,50-65,20**,100k-120k,Healthcare
3053,30-49,21**,80k-100k,Finance
3054,18-29,21**,80k-100k,Technology
3055,18-29,20**,60k-80k,Technology
3056,50-65,21**,100k-120k,Technology
3057,30-49,20**,80k-100k,Education
3058,18-29,20**,80k-100k,Technology
3059,30-49,20**,80k-100k,Education
3060,18-29,20**,60k-80k,Business
3061,30-49,22**,60k-80k,Business
3062,18-29,21**,40k-60k,Business
3063,30-49,21**,80k-100k,Finance
3064,50-65,21**,120k-140k,Technology
3065,50-65,20**,80k-100k,Business
3066,18-29,21**,80k-100k,Healthcare
3067,30-49,21**,60k-80k,Technology
3068,50-65,22**,100k-120k,Finance
3069,18-29,20**,80k-100k,Technology
3070,30-49,21**,100k-120k,Technology
3071,18-29,21**,60k-80k,Finance
3072,50-65,21**,120k-140k,Technology
3073,30-49,21**,100k-120k,Management
3074,18-29,22**,80k-100k,Technology
3075,30-49,20**,80k-100k,Healthcare
3076,30-49,20**,100k-120k,Technology
3077,50-65,20**,100k-120k,Business
3078,18-29,21**,60k-80k,Finance
3079,50-65,21**,120k-140k,Technology
3080,50-65,20**,100k-120k,Finance
3081,18-29,21**,40k-60k,Business
3082,30-49,21**,80k-100k,Healthcare
3083,18-29,20**,60k-80k,Finance
3084,30-49,22**,80k-100k,Finance
3085,18-29,20**,80k-100k,Technology
3086,30-49,20**,100k-120k,Technology
3087,30-49,20**,100k-120k,Management
3088,18-29,20**,60k-80k,Technology
3089,30-49,20**,80k-100k,Finance
3090,30-49,21**,80k-100k,Healthcare
3091,50-65,22**,120k-140k,Technology
3092,30-49,21**,60k-80k,Business
3093,50-65,20**,80k-100k,Business
3094,50-65,21**,100k-120k,Business
3095,30-49,20**,80k-100k,Education
3096,30-49,21**,120k-140k,Technology
3097,18-29,20**,80k-100k,Healthcare
3098,50-65,21**,100k-120k,Technology
3099,50-65,22**,100k-120k,Business
3100,18-29,20**,60k-80k,Technology
3101,30-49,20**,120k-140k,Management
3102,30-49,21**,80k-100k,Finance
3103,30-49,20**,60k-80k,Business
3104,30-49,20**,80k-100k,Technology
3105,50-65,22**,120k-140k,Technology
3106,50-65,21**,100k-120k,Business
3107,30-49,21**,80k-100k,Education
3108,50-65,20**,80k-100k,Education
3109,30-49,21**,80k-100k,Healthcare
3110,50-65,20**,100k-120k,Business
3111,30-49,20**,100k-120k,Healthcare
3112,50-65,22**,100k-120k,Finance
3113,18-29,20**,60k-80k,Technology
3114,50-65,20**,100k-120k,Healthcare
3115,50-65,21**,100k-120k,Business
3116,50-65,21**,100k-120k,Business
3117,18-29,21**,60k-80k,Finance
3118,30-49,21**,60k-80k,Business
3119,18-29,21**,60k-80k,Finance
3120,30-49,21**,80k-100k,Business
3121,18-29,20**,60k-80k,Education
3122,30-49,22**,80k-100k,Finance
3123,30-49,22**,80k-100k,Healthcare
3124,18-29,20**,60k-80k,Healthcare
3125,18-29,21**,80k-100k,Technology
3126,50-65,20**,100k-120k,Business
3127,18-29,21**,60k-80k,Business
3128,50-65,20**,100k-120k,Healthcare
3129,18-29,21**,40k-60k,Business
3130,50-65,22**,100k-120k,Healthcare
3131,30-49,21**,80k-100k,Education
3132,30-49,20**,80k-100k,Finance
3133,50-65,22**,120k-140k,Technology
3134,30-49,21**,80k-100k,Finance
3135,30-49,20**,60k-80k,Finance
3136,18-29,20**,80k-100k,Healthcare
3137,18-29,21**,80k-100k,Technology
3138,18-29,21**,40k-60k,Business
3139,50-65,21**,140k-160k,Technology
3140,18-29,22**,60k-80k,Finance
3141,30-49,21**,60k-80k,Finance
3142,50-65,20**,100k-120k,Healthcare
3143,30-49,20**,80k-100k,Technology
3144,50-65,20**,80k-100k,Business
3145,30-49,20**,80k-100k,Business
3146,18-29,20**,60k-80k,Finance
3147,18-29,21**,80k-100k,Technology
3148,30-49,20**,80k-100k,Healthcare
3149,18-29,20**,60k-80k,Healthcare
3150,50-65,20**,120k-140k,Technology
3151,30-49,22**,80k-100k,Education
3152,18-29,20**,80k-100k,Technology
3153,18-29,22**,60k-80k,Business
3154,18-29,20**,60k-80k,Technology
3155,30-49,21**,80k-100k,Business
3156,18-29,21**,80k-100k,Technology
3157,18-29,21**,60k-80k,Finance
3158,50-65,21**,100k-120k,Technology
3159,18-29,21**,60k-80k,Finance
3160,30-49,20**,60k-80k,Technology
3161,30-49,22**,80k-100k,Technology
3162,30-49,21**,80k-100k,Finance
3163,18-29,22**,60k-80k,Education
3164,50-65,21**,100k-120k,Finance
3165,30-49,21**,100k-120k,Management
3166,30-49,20**,100k-120k,Technology
3167,30-49,21**,100k-120k,Technology
3168,30-49,20**,100k-120k,Technology
3169,30-49,21**,80k-100k,Business
3170,50-65,20**,100k-120k,Finance
3171,50-65,21**,100k-120k,Healthcare
3172,50-65,21**,80k-100k,Education
3173,30-49,20**,120k-140k,Technology
3174,30-49,21**,60k-80k,Business
3175,50-65,21**,120k-140k,Management
3176,18-29,20**,60k-80k,Technology
3177,30-49,21**,100k-120k,Technology
3178,18-29,22**,60k-80k,Finance
3179,30-49,20**,100k-120k,Technology
3180,18-29,22**,60k-80k,Education
3181,50-65,20**,100k-120k,Education
3182,50-65,20**,100k-120k,Education
3183,18-29,20**,80k-100k,Healthcare
3184,30-49,20**,80k-100k,Management
3185,50-65,22**,100k-120k,Finance
3186,50-65,21**,120k-140k,Technology
3187,50-65,20**,100k-120k,Healthcare
3188,30-49,20**,60k-80k,Finance
3189,30-49,20**,80k-100k,Technology
3190,18-29,21**,80k-100k,Technology
3191,50-65,21**,100k-120k,Education
3192,30-49,20**,60k-80k,Business
3193,18-29,20**,60k-80k,Business
3194,30-49,21**,80k-100k,Technology
3195,50-65,20**,120k-140k,Management
3196,50-65,20**,100k-120k,Technology
3197,18-29,22**,60k-80k,Healthcare
3198,30-49,21**,80k-100k,Education
3199,18-29,20**,80k-100k,Management
3200,50-65,21**,100k-120k,Technology
3201,50-65,21**,100k-120k,Business
3202,30-49,20**,60k-80k,Business
3203,30-49,20**,60k-80k,Technology
3204,18-29,22**,60k-80k,Education
3205,30-49,20**,80k-100k,Technology
3206,50-65,21**,100k-120k,Education
3207,50-65,20**,80k-100k,Technology
3208,18-29,20**,60k-80k,Technology
3209,30-49,22**,80k-100k,Education
3210,30-49,20**,100k-120k,Technology
3211,30-49,20**,100k-120k,Technology
3212,18-29,21**,60k-80k,Business
3213,50-65,21**,140k-160k,Technology
3214,30-49,21**,60k-80k,Business
3215,30-49,22**,80k-100k,Education
3216,30-49,20**,80k-100k,Technology
3217,50-65,21**,140k-160k,Technology
3218,30-49,22**,60k-80k,Finance
3219,18-29,20**,60k-80k,Business
3220,18-29,21**,60k-80k,Finance
3221,30-49,20**,60k-80k,Business
3222,30-49,21**,60k-80k,Business
3223,30-49,22**,80k-100k,Finance
3224,50-65,21**,120k-140k,Technology
3225,18-29,21**,60k-80k,Finance
3226,30-49,21**,80k-100k,Business
3227,30-49,20**,80k-100k,Finance
3228,30-49,22**,100k-120k,Technology
3229,50-65,20**,120k-140k,Technology
3230,18-29,20**,60k-80k,Technology
3231,30-49,20**,100k-120k,Technology
3232,30-49,21**,100k-120k,Management
3233,30-49,21**,80k-100k,Technology
3234,30-49,20**,80k-100k,Healthcare
3235,30-49,21**,100k-120k,Management
3236,30-49,21**,80k-100k,Technology
3237,30-49,20**,100k-120k,Technology
3238,50-65,20**,100k-120k,Healthcare
3239,30-49,20**,80k-100k,Healthcare
3240,30-49,21**,100k-120k,Management
3241,50-65,20**,80k-100k,Healthcare
3242,50-65,20**,100k-120k,Finance
3243,18-29,20**,80k-100k,Technology
3244,30-49,20**,80k-100k,Finance
3245,18-29,20**,60k-80k,Finance
3246,30-49,20**,80k-100k,Healthcare
3247,50-65,21**,100k-120k,Finance
3248,18-29,21**,60k-80k,Finance
3249,50-65,20**,80k-100k,Business
3250,18-29,21**,80k-100k,Technology
3251,50-65,22**,100k-120k,Finance
3252,18-29,22**,60k-80k,Education
3253,18-29,20**,80k-100k,Technology
3254,18-29,22**,60k-80k,Technology
3255,30-49,20**,80k-100k,Education
3256,30-49,20**,80k-100k,Technology
3257,50-65,21**,100k-120k,Education
3258,18-29,20**,60k-80k,Business
3259,18-29,20**,80k-100k,Technology
3260,50-65,20**,120k-140k,Finance
3261,50-65,20**,100k-120k,Technology
3262,18-29,22**,60k-80k,Finance
3263,30-49,22**,80k-100k,Business
3264,50-65,22**,100k-120k,Finance
3265,30-49,21**,60k-80k,Education
3266,30-49,22**,80k-100k,Finance
3267,50-65,21**,80k-100k,Business
3268,30-49,22**,80k-100k,Management
3269,18-29,20**,60k-80k,Healthcare
3270,30-49,20**,80k-100k,Business
3271,50-65,21**,100k-120k,Healthcare
3272,50-65,20**,140k-160k,Technology
3273,50-65,20**,120k-140k,Technology
3274,30-49,20**,100k-120k,Management
3275,50-65,20**,100k-120k,Education
3276,50-65,20**,100k-120k,Healthcare
3277,30-49,21**,80k-100k,Technology
3278,50-65,21**,100k-120k,Education
3279,30-49,21**,80k-100k,Business
3280,30-49,20**,100k-120k,Technology
3281,50-65,21**,120k-140k,Technology
3282,50-65,21**,100k-120k,Finance
3283,50-65,20**,140k-160k,Technology
3284,30-49,20**,80k-100k,Technology
3285,30-49,20**,80k-100k,Technology
3286,50-65,20**,120k-140k,Technology
3287,30-49,21**,80k-100k,Technology
3288,50-65,20**,100k-120k,Technology
3289,18-29,20**,60k-80k,Education
3290,50-65,20**,120k-140k,Management
3291,50-65,20**,100k-120k,Finance
3292,30-49,20**,80k-100k,Business
3293,30-49,21**,80k-100k,Technology
3294,30-49,21**,80k-100k,Healthcare
3295,18-29,20**,80k-100k,Finance
3296,30-49,21**,100k-120k,Technology
3297,50-65,21**,100k-120k,Education
3298,50-65,20**,100k-120k,Finance
3299,30-49,20**,100k-120k,Management
3300,30-49,20**,100k-120k,Technology
3301,50-65,21**,80k-100k,Business
3302,30-49,20**,80k-100k,Healthcare
3303,50-65,22**,80k-100k,Business
3304,50-65,21**,100k-120k,Education
3305,30-49,21**,80k-100k,Business
3306,30-49,21**,80k-100k,Technology
3307,30-49,20**,100k-120k,Technology
3308,30-49,21**,60k-80k,Business
3309,18-29,21**,60k-80k,Business
3310,30-49,21**,60k-80k,Technology
3311,30-49,21**,80k-100k,Technology
3312,30-49,20**,80k-100k,Technology
3313,30-49,20**,100k-120k,Technology
3314,18-29,21**,60k-80k,Finance
3315,50-65,20**,100k-120k,Education
3316,50-65,22**,100k-120k,Business
3317,50-65,22**,100k-120k,Technology
3318,50-65,21**,120k-140k,Technology
3319,18-29,22**,60k-80k,Finance
3320,30-49,22**,60k-80k,Finance
3321,30-49,22**,80k-100k,Business
3322,18-29,20**,60k-80k,Technology
3323,50-65,21**,120k-140k,Technology
3324,30-49,20**,80k-100k,Finance
3325,18-29,21**,80k-100k,Management
3326,18-29,20**,80k-100k,Technology
3327,30-49,20**,120k-140k,Technology
3328,30-49,22**,60k-80k,Business
3329,50-65,20**,100k-120k,Business
3330,18-29,20**,60k-80k,Technology
3331,50-65,20**,100k-120k,Finance
3332,50-65,20**,140k-160k,Management
3333,30-49,20**,80k-100k,Finance
3334,50-65,21**,80k-100k,Business
3335,30-49,22**,80k-100k,Healthcare
3336,30-49,21**,80k-100k,Healthcare
3337,18-29,21**,60k-80k,Finance
3338,50-65,20**,100k-120k,Healthcare
3339,30-49,22**,80k-100k,Technology
3340,18-29,20**,60k-80k,Education
3341,50-65,20**,80k-100k,Business
3342,18-29,21**,80k-100k,Education
3343,30-49,22**,80k-100k,Education
3344,30-49,20**,100k-120k,Management
3345,50-65,21**,140k-160k,Technology
3346,30-49,22**,60k-80k,Business
3347,30-49,21**,60k-80k,Finance
3348,50-65,21**,100k-120k,Business
3349,50-65,21**,120k-140k,Technology
3350,50-65,20**,120k-140k,Management
3351,50-65,21**,100k-120k,Education
3352,30-49,21**,80k-100k,Business
3353,18-29,20**,60k-80k,Technology
3354,30-49,22**,80k-100k,Technology
3355,30-49,20**,80k-100k,Business
3356,50-65,20**,100k-120k,Finance
3357,50-65,21**,100k-120k,Healthcare
3358,18-29,20**,40k-60k,Business
3359,18-29,21**,80k-100k,Technology
3360,50-65,20**,100k-120k,Technology
3361,18-29,21**,60k-80k,Business
3362,50-65,21**,80k-100k,Business
3363,30-49,21**,80k-100k,Finance
3364,50-65,20**,100k-120k,Finance
3365,50-65,21**,140k-160k,Technology
3366,30-49,21**,80k-100k,Technology
3367,50-65,20**,120k-140k,Technology
3368,18-29,21**,60k-80k,Technology
3369,50-65,20**,120k-140k,Management
3370,18-29,21**,80k-100k,Management
3371,30-49,21**,60k-80k,Business
3372,30-49,21**,80k-100k,Education
3373,18-29,21**,80k-100k,Technology
3374,50-65,20**,120k-140k,Healthcare
3375,18-29,21**,80k-100k,Technology
3376,18-29,21**,80k-100k,Technology
3377,18-29,21**,40k-60k,Business
3378,18-29,20**,60k-80k,Finance
3379,30-49,20**,80k-100k,Education
3380,30-49,21**,100k-120k,Technology
3381,30-49,21**,100k-120k,Management
3382,30-49,21**,80k-100k,Healthcare
3383,50-65,21**,120k-140k,Technology
3384,30-49,20**,80k-100k,Technology
3385,30-49,20**,80k-100k,Finance
3386,18-29,20**,80k-100k,Technology
3387,50-65,22**,100k-120k,Education
3388,30-49,20**,80k-100k,Business
3389,50-65,21**,80k-100k,Technology
3390,30-49,22**,60k-80k,Business
3391,50-65,20**,80k-100k,Business
3392,50-65,20**,100k-120k,Technology
3393,30-49,20**,120k-140k,Management
3394,30-49,20**,80k-100k,Business
3395,18-29,20**,60k-80k,Technology
3396,50-65,21**,80k-100k,Business
3397,50-65,20**,80k-100k,Business
3398,30-49,21**,100k-120k,Technology
3399,50-65,20**,120k-140k,Technology
3400,18-29,21**,60k-80k,Business
3401,30-49,21**,60k-80k,Education
3402,30-49,20**,80k-100k,Finance
3403,18-29,21**,60k-80k,Finance
3404,50-65,20**,80k-100k,Technology
3405,18-29,20**,60k-80k,Technology
3406,30-49,20**,100k-120k,Technology
3407,30-49,21**,80k-100k,Education
3408,30-49,21**,100k-120k,Technology
3409,30-49,22**,100k-120k,Technology
3410,18-29,21**,60k-80k,Finance
3411,30-49,20**,100k-120k,Education
3412,50-65,21**,120k-140k,Finance
3413,30-49,21**,60k-80k,Finance
3414,30-49,21**,80k-100k,Management
3415,18-29,21**,60k-80k,Education
3416,30-49,20**,80k-100k,Technology
3417,50-65,20**,100k-120k,Finance
3418,30-49,21**,80k-100k,Technology
3419,18-29,22**,60k-80k,Finance
3420,50-65,20**,80k-100k,Business
3421,30-49,20**,80k-100k,Technology
3422,50-65,20**,100k-120k,Healthcare
3423,18-29,21**,60k-80k,Finance
3424,30-49,21**,80k-100k,Technology
3425,30-49,20**,80k-100k,Technology
3426,30-49,22**,100k-120k,Technology
3427,50-65,22**,80k-100k,Technology
3428,18-29,21**,80k-100k,Management
3429,50-65,20**,100k-120k,Education
3430,30-49,20**,80k-100k,Technology
3431,30-49,20**,80k-100k,Technology
3432,30-49,21**,80k-100k,Finance
3433,30-49,22**,80k-100k,Business
3434,50-65,20**,100k-120k,Finance
3435,30-49,20**,80k-100k,Finance
3436,30-49,20**,80k-100k,Finance
3437,50-65,20**,100k-120k,Finance
3438,30-49,21**,80k-100k,Technology
3439,30-49,22**,80k-100k,Finance
3440,50-65,20**,80k-100k,Business
3441,30-49,22**,60k-80k,Business
3442,30-49,21**,100k-120k,Technology
3443,18-29,20**,60k-80k,Business
3444,18-29,21**,60k-80k,Education
3445,30-49,20**,80k-100k,Healthcare
3446,18-29,21**,60k-80k,Finance
3447,30-49,21**,80k-100k,Technology
3448,30-49,20**,80k-100k,Finance
3449,18-29,22**,60k-80k,Finance
3450,18-29,22**,40k-60k,Business
3451,30-49,22**,80k-100k,Technology
3452,18-29,21**,100k-120k,Management
3453,30-49,21**,80k-100k,Technology
3454,18-29,20**,60k-80k,Finance
3455,50-65,21**,100k-120k,Education
3456,50-65,21**,80k-100k,Finance
3457,18-29,21**,80k-100k,Management
3458,50-65,20**,100k-120k,Technology
3459,30-49,21**,80k-100k,Business
3460,18-29,20**,60k-80k,Healthcare
3461,18-29,21**,60k-80k,Education
3462,30-49,22**,80k-100k,Healthcare
3463,30-49,21**,80k-100k,Finance
3464,18-29,20**,60k-80k,Education
3465,18-29,20**,40k-60k,Business
3466,50-65,20**,100k-120k,Finance
3467,50-65,21**,120k-140k,Management
3468,30-49,21**,60k-80k,Healthcare
3469,50-65,21**,120k-140k,Technology
3470,18-29,21**,60k-80k,Finance
3471,50-65,22**,120k-140k,Management
3472,50-65,21**,100k-120k,Technology
3473,50-65,22**,100k-120k,Business
3474,50-65,20**,80k-100k,Business
3475,30-49,20**,60k-80k,Business
3476,30-49,21**,60k-80k,Finance
3477,30-49,22**,80k-100k,Education
3478,50-65,21**,100k-120k,Finance
3479,30-49,21**,100k-120k,Technology
3480,50-65,21**,120k-140k,Technology
3481,50-65,21**,100k-120k,Finance
3482,30-49,20**,60k-80k,Business
3483,30-49,22**,80k-100k,Healthcare
3484,50-65,21**,120k-140k,Technology
3485,30-49,20**,60k-80k,Education
3486,18-29,21**,80k-100k,Healthcare
3487,18-29,21**,60k-80k,Business
3488,18-29,20**,60k-80k,Business
3489,18-29,20**,80k-100k,Healthcare
3490,50-65,22**,100k-120k,Business
3491,18-29,21**,60k-80k,Technology
3492,50-65,20**,120k-140k,Technology
3493,50-65,21**,120k-140k,Management
3494,30-49,21**,100k-120k,Technology
3495,30-49,20**,80k-100k,Finance
3496,30-49,21**,60k-80k,Business
3497,50-65,20**,100k-120k,Technology
3498,30-49,22**,100k-120k,Healthcare
3499,50-65,20**,120k-140k,Healthcare
3500,50-65,22**,120k-140k,Technology
3501,50-65,21**,100k-120k,Business
3502,18-29,21**,80k-100k,Technology
3503,30-49,21**,80k-100k,Business
3504,30-49,21**,120k-140k,Technology
3505,30-49,20**,80k-100k,Technology
3506,30-49,20**,100k-120k,Education
3507,50-65,21**,120k-140k,Management
3508,30-49,20**,80k-100k,Finance
3509,30-49,20**,80k-100k,Technology
3510,50-65,21**,100k-120k,Finance
3511,30-49,21**,60k-80k,Business
3512,18-29,20**,60k-80k,Education
3513,18-29,20**,60k-80k,Finance
3514,30-49,20**,80k-100k,Finance
3515,30-49,20**,60k-80k,Business
3516,50-65,20**,100k-120k,Finance
3517,30-49,21**,80k-100k,Management
3518,18-29,20**,60k-80k,Business
3519,50-65,20**,100k-120k,Finance
3520,18-29,20**,60k-80k,Education
3521,50-65,22**,100k-120k,Healthcare
3522,50-65,21**,120k-140k,Technology
3523,18-29,21**,80k-100k,Technology
3524,30-49,20**,80k-100k,Finance
3525,30-49,21**,80k-100k,Technology
3526,50-65,22**,100k-120k,Finance
3527,30-49,21**,100k-120k,Technology
3528,30-49,22**,80k-100k,Business
3529,50-65,22**,120k-140k,Technology
3530,18-29,20**,60k-80k,Healthcare
3531,30-49,21**,60k-80k,Finance
3532,50-65,20**,80k-100k,Technology
3533,50-65,20**,100k-120k,Healthcare
3534,30-49,20**,80k-100k,Business
3535,18-29,20**,60k-80k,Business
3536,30-49,21**,80k-100k,Technology
3537,18-29,20**,60k-80k,Healthcare
3538,50-65,20**,80k-100k,Business
3539,18-29,22**,60k-80k,Healthcare
3540,50-65,22**,120k-140k,Healthcare
3541,30-49,21**,80k-100k,Education
3542,50-65,20**,120k-140k,Technology
3543,30-49,21**,80k-100k,Business
3544,50-65,21**,100k-120k,Education
3545,30-49,20**,80k-100k,Technology
3546,30-49,21**,80k-100k,Healthcare
3547,30-49,20**,80k-100k,Healthcare
3548,30-49,22**,80k-100k,Education
3549,30-49,22**,80k-100k,Healthcare
3550,30-49,21**,80k-100k,Business
3551,50-65,20**,100k-120k,Finance
3552,30-49,20**,100k-120k,Management
3553,18-29,20**,80k-100k,Management
3554,50-65,21**,100k-120k,Education
3555,30-49,21**,80k-100k,Healthcare
3556,18-29,21**,60k-80k,Finance
3557,30-49,20**,80k-100k,Technology
3558,30-49,21**,80k-100k,Finance
3559,50-65,22**,80k-100k,Finance
3560,50-65,20**,80k-100k,Business
3561,50-65,20**,100k-120k,Management
3562,30-49,22**,100k-120k,Technology
3563,30-49,20**,80k-100k,Management
3564,50-65,21**,100k-120k,Finance
3565,30-49,21**,80k-100k,Technology
3566,50-65,20**,100k-120k,Finance
3567,30-49,21**,80k-100k,Education
3568,50-65,20**,80k-100k,Finance
3569,18-29,20**,80k-100k,Management
3570,30-49,20**,80k-100k,Business
3571,30-49,20**,80k-100k,Finance
3572,50-65,20**,100k-120k,Finance
3573,50-65,21**,140k-160k,Technology
3574,18-29,20**,60k-80k,Finance
3575,18-29,22**,80k-100k,Management
3576,18-29,22**,60k-80k,Technology
3577,50-65,20**,140k-160k,Technology
3578,30-49,21**,80k-100k,Finance
3579,30-49,21**,80k-100k,Healthcare
3580,30-49,21**,80k-100k,Finance
3581,18-29,22**,80k-100k,Finance
3582,30-49,20**,100k-120k,Healthcare
3583,18-29,21**,60k-80k,Finance
3584,30-49,20**,80k-100k,Business
3585,50-65,21**,80k-100k,Finance
3586,30-49,21**,100k-120k,Healthcare
3587,50-65,21**,120k-140k,Technology
3588,50-65,21**,80k-100k,Technology
3589,30-49,21**,100k-120k,Education
3590,18-29,20**,60k-80k,Finance
3591,50-65,20**,120k-140k,Technology
3592,18-29,21**,80k-100k,Finance
3593,30-49,20**,80k-100k,Technology
3594,50-65,21**,100k-120k,Business
3595,30-49,21**,60k-80k,Technology
3596,30-49,22**,80k-100k,Finance
3597,18-29,20**,80k-100k,Technology
3598,50-65,20**,100k-120k,Healthcare
3599,50-65,21**,100k-120k,Finance
3600,50-65,20**,80k-100k,Business
3601,30-49,22**,80k-100k,Business
3602,50-65,22**,100k-120k,Management
3603,18-29,22**,60k-80k,Healthcare
3604,30-49,20**,100k-120k,Technology
3605,50-65,20**,100k-120k,Technology
3606,30-49,20**,100k-120k,Technology
3607,30-49,22**,120k-140k,Technology
3608,30-49,22**,120k-140k,Technology
3609,30-49,20**,80k-100k,Healthcare
3610,18-29,20**,60k-80k,Healthcare
3611,50-65,21**,100k-120k,Education
3612,50-65,20**,120k-140k,Technology
3613,50-65,21**,80k-100k,Finance
3614,50-65,20**,80k-100k,Business
3615,30-49,20**,80k-100k,Finance
3616,18-29,22**,80k-100k,Management
3617,18-29,21**,60k-80k,Education
3618,18-29,20**,60k-80k,Business
3619,30-49,20**,60k-80k,Finance
3620,50-65,20**,80k-100k,Business
3621,18-29,21**,60k-80k,Business
3622,18-29,21**,80k-100k,Technology
3623,30-49,22**,60k-80k,Education
3624,30-49,20**,80k-100k,Finance
3625,50-65,21**,100k-120k,Finance
3626,30-49,21**,80k-100k,Management
3627,18-29,20**,40k-60k,Business
3628,50-65,20**,100k-120k,Finance
3629,30-49,20**,60k-80k,Business
3630,50-65,22**,80k-100k,Business
3631,30-49,21**,80k-100k,Business
3632,30-49,22**,80k-100k,Business
3633,30-49,20**,80k-100k,Technology
3634,30-49,21**,80k-100k,Technology
3635,18-29,21**,80k-100k,Technology
3636,30-49,20**,80k-100k,Technology
3637,50-65,21**,80k-100k,Business
3638,30-49,21**,80k-100k,Finance
3639,30-49,21**,100k-120k,Management
3640,30-49,21**,80k-100k,Business
3641,50-65,21**,80k-100k,Education
3642,50-65,20**,80k-100k,Finance
3643,50-65,21**,140k-160k,Technology
3644,30-49,22**,80k-100k,Business
3645,50-65,21**,120k-140k,Technology
3646,50-65,20**,80k-100k,Education
3647,30-49,22**,80k-100k,Business
3648,50-65,20**,120k-140k,Healthcare
3649,30-49,21**,60k-80k,Healthcare
3650,50-65,20**,100k-120k,Technology
3651,30-49,20**,80k-100k,Management
3652,50-65,20**,100k-120k,Finance
3653,30-49,21**,80k-100k,Finance
3654,50-65,20**,100k-120k,Finance
3655,50-65,21**,80k-100k,Business
3656,50-65,20**,100k-120k,Finance
3657,50-65,22**,100k-120k,Technology
3658,50-65,21**,80k-100k,Business
3659,30-49,20**,100k-120k,Management
3660,30-49,21**,80k-100k,Technology
3661,50-65,20**,120k-140k,Technology
3662,30-49,20**,100k-120k,Technology
3663,50-65,20**,80k-100k,Technology
3664,50-65,20**,80k-100k,Finance
3665,30-49,22**,80k-100k,Education
3666,50-65,21**,80k-100k,Education
3667,50-65,21**,100k-120k,Healthcare
3668,18-29,21**,60k-80k,Finance
3669,50-65,20**,100k-120k,Finance
3670,30-49,20**,100k-120k,Technology
3671,30-49,21**,80k-100k,Management
3672,50-65,20**,100k-120k,Technology
3673,50-65,20**,100k-120k,Education
3674,30-49,22**,80k-100k,Business
3675,50-65,20**,80k-100k,Business
3676,18-29,22**,80k-100k,Technology
3677,18-29,21**,60k-80k,Education
3678,18-29,20**,60k-80k,Technology
3679,30-49,22**,100k-120k,Technology
3680,30-49,22**,60k-80k,Finance
3681,30-49,21**,80k-100k,Technology
3682,18-29,20**,80k-100k,Finance
3683,30-49,20**,80k-100k,Healthcare
3684,30-49,20**,60k-80k,Finance
3685,30-49,20**,60k-80k,Business
3686,30-49,21**,80k-100k,Education
3687,30-49,21**,100k-120k,Management
3688,18-29,21**,40k-60k,Business
3689,50-65,20**,80k-100k,Business
3690,30-49,20**,80k-100k,Finance
3691,50-65,21**,120k-140k,Management
3692,18-29,20**,80k-100k,Management
3693,30-49,20**,60k-80k,Business
3694,18-29,22**,80k-100k,Management
3695,30-49,21**,120k-140k,Technology
3696,30-49,21**,80k-100k,Education
3697,50-65,20**,100k-120k,Business
3698,50-65,22**,120k-140k,Technology
3699,18-29,21**,80k-100k,Technology
3700,30-49,22**,80k-100k,Education
3701,18-29,20**,60k-80k,Education
3702,30-49,20**,100k-120k,Management
3703,30-49,21**,80k-100k,Business
3704,50-65,22**,100k-120k,Healthcare
3705,30-49,20**,80k-100k,Finance
3706,50-65,21**,100k-120k,Education
3707,30-49,20**,80k-100k,Technology
3708,18-29,21**,60k-80k,Healthcare
3709,50-65,21**,80k-100k,Healthcare
3710,18-29,20**,80k-100k,Management
3711,50-65,20**,120k-140k,Management
3712,18-29,22**,80k-100k,Technology
3713,18-29,20**,60k-80k,Technology
3714,30-49,21**,60k-80k,Business
3715,30-49,22**,80k-100k,Technology
3716,30-49,20**,80k-100k,Technology
3717,18-29,20**,80k-100k,Technology
3718,30-49,22**,100k-120k,Technology
3719,18-29,21**,80k-100k,Management
3720,30-49,21**,100k-120k,Technology
3721,30-49,22**,120k-140k,Management
3722,50-65,21**,100k-120k,Finance
3723,30-49,20**,80k-100k,Finance
3724,18-29,20**,60k-80k,Education
3725,30-49,22**,80k-100k,Finance
3726,50-65,21**,100k-120k,Healthcare
3727,30-49,22**,80k-100k,Business
3728,18-29,21**,60k-80k,Finance
3729,30-49,21**,80k-100k,Education
3730,50-65,21**,100k-120k,Technology
3731,30-49,22**,100k-120k,Technology
3732,18-29,20**,60k-80k,Business
3733,30-49,21**,60k-80k,Finance
3734,30-49,22**,80k-100k,Healthcare
3735,30-49,20**,100k-120k,Technology
3736,30-49,20**,80k-100k,Business
3737,30-49,20**,100k-120k,Technology
3738,50-65,20**,140k-160k,Management
3739,18-29,22**,60k-80k,Education
3740,50-65,20**,100k-120k,Healthcare
3741,30-49,21**,100k-120k,Technology
3742,30-49,20**,80k-100k,Business
3743,50-65,21**,100k-120k,Healthcare
3744,30-49,20**,80k-100k,Healthcare
3745,50-65,21**,100k-120k,Business
3746,30-49,21**,80k-100k,Education
3747,18-29,21**,80k-100k,Technology
3748,30-49,20**,80k-100k,Technology
3749,30-49,20**,60k-80k,Business
3750,50-65,22**,80k-100k,Business
3751,30-49,21**,80k-100k,Technology
3752,18-29,21**,80k-100k,Technology
3753,30-49,21**,80k-100k,Technology
3754,30-49,20**,80k-100k,Healthcare
3755,18-29,20**,80k-100k,Management
3756,30-49,21**,60k-80k,Education
3757,30-49,20**,80k-100k,Education
3758,50-65,21**,100k-120k,Technology
3759,50-65,20**,100k-120k,Healthcare
3760,18-29,20**,80k-100k,Management
3761,50-65,22**,140k-160k,Technology
3762,30-49,21**,100k-120k,Finance
3763,50-65,20**,100k-120k,Business
3764,50-65,20**,80k-100k,Business
3765,30-49,20**,80k-100k,Education
3766,50-65,21**,120k-140k,Technology
3767,50-65,20**,120k-140k,Technology
3768,30-49,20**,80k-100k,Healthcare
3769,50-65,22**,100k-120k,Finance
3770,30-49,20**,120k-140k,Technology
3771,30-49,21**,80k-100k,Finance
3772,50-65,22**,80k-100k,Finance
3773,30-49,21**,60k-80k,Business
3774,30-49,22**,80k-100k,Finance
3775,30-49,22**,80k-100k,Management
3776,50-65,20**,100k-120k,Healthcare
3777,30-49,21**,60k-80k,Technology
3778,18-29,22**,60k-80k,Healthcare
3779,30-49,21**,80k-100k,Finance
3780,50-65,20**,100k-120k,Education
3781,30-49,22**,60k-80k,Technology
3782,30-49,21**,80k-100k,Technology
3783,50-65,21**,100k-120k,Business
3784,30-49,20**,80k-100k,Business
3785,30-49,21**,60k-80k,Business
3786,30-49,20**,80k-100k,Education
3787,30-49,21**,120k-140k,Technology
3788,30-49,22**,80k-100k,Management
3789,50-65,20**,100k-120k,Healthcare
3790,18-29,20**,60k-80k,Business
3791,50-65,20**,80k-100k,Education
3792,50-65,21**,120k-140k,Management
3793,30-49,21**,80k-100k,Education
3794,18-29,21**,80k-100k,Technology
3795,18-29,21**,60k-80k,Business
3796,30-49,20**,80k-100k,Healthcare
3797,50-65,20**,80k-100k,Business
3798,50-65,21**,120k-140k,Technology
3799,18-29,21**,80k-100k,Technology
3800,30-49,21**,80k-100k,Technology
3801,18-29,22**,80k-100k,Technology
3802,50-65,21**,100k-120k,Healthcare
3803,30-49,20**,80k-100k,Business
3804,30-49,22**,100k-120k,Technology
3805,50-65,21**,120k-140k,Management
3806,30-49,21**,80k-100k,Healthcare
3807,30-49,20**,60k-80k,Business
3808,30-49,20**,100k-120k,Finance
3809,30-49,22**,60k-80k,Business
3810,50-65,21**,140k-160k,Technology
3811,50-65,21**,100k-120k,Healthcare
3812,30-49,21**,60k-80k,Technology
3813,18-29,21**,60k-80k,Business
3814,18-29,21**,60k-80k,Business
3815,18-29,21**,60k-80k,Education
3816,18-29,22**,60k-80k,Business
3817,50-65,21**,120k-140k,Technology
3818,50-65,22**,100k-120k,Business
3819,50-65,20**,100k-120k,Management
3820,30-49,22**,80k-100k,Education
3821,18-29,22**,60k-80k,Business
3822,30-49,20**,80k-100k,Technology
3823,18-29,21**,60k-80k,Finance
3824,30-49,22**,100k-120k,Finance
3825,30-49,20**,80k-100k,Finance
3826,50-65,21**,120k-140k,Technology
3827,18-29,21**,60k-80k,Finance
3828,18-29,22**,60k-80k,Technology
3829,50-65,21**,80k-100k,Business
3830,30-49,22**,100k-120k,Finance
3831,18-29,22**,60k-80k,Business
3832,50-65,21**,100k-120k,Technology
3833,50-65,20**,100k-120k,Technology
3834,50-65,21**,100k-120k,Technology
3835,50-65,22**,140k-160k,Management
3836,30-49,20**,100k-120k,Technology
3837,30-49,20**,60k-80k,Business
3838,30-49,22**,80k-100k,Healthcare
3839,18-29,21**,60k-80k,Finance
3840,30-49,20**,80k-100k,Technology
3841,30-49,20**,80k-100k,Business
3842,30-49,22**,80k-100k,Finance
3843,30-49,22**,80k-100k,Business
3844,50-65,21**,80k-100k,Finance
3845,18-29,21**,80k-100k,Technology
3846,18-29,21**,60k-80k,Finance
3847,30-49,20**,80k-100k,Finance
3848,50-65,21**,100k-120k,Finance
3849,50-65,20**,100k-120k,Finance
3850,18-29,20**,60k-80k,Business
3851,30-49,20**,60k-80k,Finance
3852,50-65,20**,100k-120k,Finance
3853,18-29,21**,60k-80k,Finance
3854,50-65,21**,140k-160k,Management
3855,50-65,21**,120k-140k,Technology
3856,50-65,20**,120k-140k,Management
3857,30-49,21**,80k-100k,Healthcare
3858,50-65,20**,100k-120k,Business
3859,30-49,22**,80k-100k,Technology
3860,30-49,20**,60k-80k,Finance
3861,30-49,20**,100k-120k,Technology
3862,50-65,22**,120k-140k,Technology
3863,30-49,21**,80k-100k,Business
3864,50-65,22**,100k-120k,Technology
3865,30-49,21**,60k-80k,Finance
3866,30-49,20**,100k-120k,Technology
3867,18-29,21**,60k-80k,Finance
3868,50-65,20**,120k-140k,Management
3869,30-49,21**,80k-100k,Business
3870,30-49,22**,60k-80k,Finance
3871,50-65,20**,100k-120k,Finance
3872,18-29,21**,60k-80k,Technology
3873,50-65,20**,100k-120k,Finance
3874,50-65,20**,140k-160k,Technology
3875,30-49,20**,80k-100k,Technology
3876,30-49,21**,60k-80k,Business
3877,30-49,21**,100k-120k,Technology
3878,30-49,20**,100k-120k,Technology
3879,18-29,20**,60k-80k,Business
3880,30-49,21**,100k-120k,Technology
3881,30-49,21**,60k-80k,Business
3882,50-65,21**,100k-120k,Technology
3883,18-29,22**,60k-80k,Business
3884,50-65,21**,80k-100k,Business
3885,30-49,21**,80k-100k,Healthcare
3886,30-49,20**,120k-140k,Technology
3887,30-49,20**,100k-120k,Management
3888,30-49,20**,100k-120k,Management
3889,30-49,21**,100k-120k,Management
3890,50-65,20**,80k-100k,Business
3891,30-49,20**,100k-120k,Technology
3892,30-49,20**,80k-100k,Business
3893,18-29,22**,60k-80k,Healthcare
3894,18-29,20**,60k-80k,Business
3895,18-29,20**,60k-80k,Finance
3896,30-49,21**,80k-100k,Finance
3897,30-49,21**,80k-100k,Management
3898,50-65,21**,100k-120k,Finance
3899,50-65,20**,120k-140k,Technology
3900,30-49,20**,60k-80k,Healthcare
3901,50-65,20**,140k-160k,Technology
3902,30-49,21**,80k-100k,Business
3903,30-49,21**,80k-100k,Finance
3904,30-49,20**,100k-120k,Technology
3905,50-65,22**,100k-120k,Education
3906,30-49,21**,100k-120k,Finance
3907,30-49,20**,80k-100k,Healthcare
3908,18-29,21**,60k-80k,Healthcare
3909,30-49,20**,80k-100k,Finance
3910,30-49,20**,80k-100k,Finance
3911,18-29,21**,60k-80k,Education
3912,30-49,21**,100k-120k,Management
3913,30-49,21**,60k-80k,Business
3914,30-49,20**,80k-100k,Technology
3915,18-29,22**,80k-100k,Education
3916,50-65,21**,100k-120k,Business
3917,50-65,22**,120k-140k,Healthcare
3918,30-49,21**,80k-100k,Finance
3919,30-49,20**,60k-80k,Technology
3920,50-65,20**,100k-120k,Education
3921,30-49,20**,60k-80k,Business
3922,30-49,22**,100k-120k,Technology
3923,30-49,20**,80k-100k,Healthcare
3924,50-65,21**,100k-120k,Finance
3925,50-65,21**,120k-140k,Technology
3926,30-49,21**,60k-80k,Business
3927,50-65,20**,100k-120k,Management
3928,18-29,22**,80k-100k,Technology
3929,30-49,22**,80k-100k,Business
3930,18-29,21**,60k-80k,Education
3931,30-49,20**,80k-100k,Education
3932,50-65,20**,120k-140k,Finance
3933,50-65,20**,100k-120k,Technology
3934,50-65,21**,100k-120k,Healthcare
3935,30-49,21**,80k-100k,Technology
3936,50-65,20**,100k-120k,Education
3937,30-49,21**,80k-100k,Technology
3938,50-65,20**,100k-120k,Business
3939,30-49,22**,80k-100k,Technology
3940,50-65,21**,100k-120k,Technology
3941,50-65,21**,100k-120k,Technology
3942,50-65,21**,80k-100k,Business
3943,18-29,20**,60k-80k,Healthcare
3944,30-49,22**,100k-120k,Technology
3945,18-29,22**,80k-100k,Technology
3946,30-49,21**,80k-100k,Business
3947,18-29,21**,60k-80k,Healthcare
3948,18-29,21**,40k-60k,Business
3949,18-29,20**,60k-80k,Finance
3950,18-29,20**,80k-100k,Finance
3951,50-65,21**,100k-120k,Education
3952,50-65,21**,100k-120k,Finance
3953,50-65,20**,100k-120k,Business
3954,18-29,20**,60k-80k,Finance
3955,18-29,21**,80k-100k,Technology
3956,18-29,21**,80k-100k,Technology
3957,18-29,20**,60k-80k,Education
3958,50-65,20**,100k-120k,Finance
3959,18-29,20**,60k-80k,Healthcare
3960,30-49,20**,60k-80k,Education
3961,30-49,21**,100k-120k,Technology
3962,30-49,21**,80k-100k,Finance
3963,30-49,21**,80k-100k,Business
3964,30-49,21**,60k-80k,Healthcare
3965,18-29,21**,80k-100k,Technology
3966,50-65,20**,120k-140k,Management
3967,30-49,21**,100k-120k,Technology
3968,30-49,21**,80k-100k,Education
3969,30-49,21**,80k-100k,Technology
3970,30-49,21**,80k-100k,Finance
3971,30-49,20**,80k-100k,Technology
3972,30-49,20**,80k-100k,Healthcare
3973,30-49,20**,80k-100k,Finance
3974,50-65,20**,100k-120k,Finance
3975,50-65,21**,100k-120k,Healthcare
3976,30-49,20**,60k-80k,Education
3977,30-49,21**,80k-100k,Technology
3978,18-29,20**,80k-100k,Management
3979,50-65,20**,80k-100k,Business
3980,50-65,22**,100k-120k,Finance
3981,30-49,21**,60k-80k,Business
3982,30-49,20**,120k-140k,Technology
3983,18-29,21**,80k-100k,Technology
3984,18-29,21**,60k-80k,Technology
3985,30-49,22**,80k-100k,Healthcare
3986,30-49,20**,60k-80k,Business
3987,18-29,20**,60k-80k,Education
3988,18-29,21**,80k-100k,Technology
3989,50-65,21**,100k-120k,Healthcare
3990,18-29,20**,80k-100k,Technology
3991,30-49,20**,80k-100k,Finance
3992,18-29,21**,80k-100k,Technology
3993,30-49,21**,100k-120k,Management
3994,50-65,20**,100k-120k,Technology
3995,30-49,20**,100k-120k,Finance
3996,50-65,21**,120k-140k,Management
3997,30-49,22**,100k-120k,Business
3998,30-49,20**,100k-120k,Technology
3999,18-29,20**,80k-100k,Technology
4000,50-65,22**,140k-160k,Technology
4001,30-49,20**,60k-80k,Business
4002,30-49,20**,80k-100k,Finance
4003,30-49,22**,80k-100k,Business
4004,50-65,21**,120k-140k,Management
4005,18-29,21**,60k-80k,Education
4006,50-65,21**,120k-140k,Technology
4007,50-65,22**,100k-120k,Healthcare
4008,30-49,20**,80k-100k,Technology
4009,50-65,20**,80k-100k,Technology
4010,30-49,20**,100k-120k,Education
4011,30-49,21**,80k-100k,Business
4012,50-65,21**,100k-120k,Business
4013,30-49,21**,60k-80k,Business
4014,50-65,20**,80k-100k,Business
4015,50-65,20**,120k-140k,Management
4016,18-29,20**,80k-100k,Finance
4017,50-65,22**,80k-100k,Business
4018,50-65,21**,100k-120k,Education
4019,18-29,21**,60k-80k,Education
4020,50-65,20**,120k-140k,Technology
4021,30-49,20**,120k-140k,Technology
4022,50-65,20**,100k-120k,Finance
4023,30-49,21**,80k-100k,Business
4024,18-29,20**,80k-100k,Management
4025,50-65,20**,80k-100k,Finance
4026,18-29,22**,60k-80k,Finance
4027,50-65,20**,100k-120k,Business
4028,50-65,20**,120k-140k,Management
4029,30-49,20**,100k-120k,Management
4030,18-29,20**,60k-80k,Education
4031,50-65,22**,120k-140k,Technology
4032,50-65,21**,140k-160k,Technology
4033,30-49,20**,80k-100k,Finance
4034,30-49,21**,100k-120k,Finance
4035,30-49,21**,80k-100k,Business
4036,18-29,20**,60k-80k,Finance
4037,30-49,22**,100k-120k,Management
4038,30-49,21**,60k-80k,Business
4039,18-29,20**,60k-80k,Healthcare
4040,30-49,20**,120k-140k,Technology
4041,18-29,21**,80k-100k,Healthcare
4042,30-49,21**,60k-80k,Finance
4043,30-49,20**,80k-100k,Finance
4044,18-29,22**,40k-60k,Business
4045,30-49,20**,60k-80k,Business
4046,30-49,22**,60k-80k,Technology
4047,50-65,21**,80k-100k,Finance
4048,50-65,21**,80k-100k,Business
4049,50-65,20**,80k-100k,Business
4050,50-65,21**,80k-100k,Business
4051,18-29,20**,60k-80k,Education
4052,30-49,20**,80k-100k,Finance
4053,30-49,20**,80k-100k,Business
4054,30-49,21**,60k-80k,Finance
4055,18-29,21**,60k-80k,Business
4056,30-49,22**,80k-100k,Business
4057,30-49,22**,80k-100k,Technology
4058,30-49,20**,80k-100k,Finance
4059,30-49,22**,80k-100k,Healthcare
4060,30-49,20**,80k-100k,Technology
4061,50-65,20**,100k-120k,Business
4062,30-49,21**,80k-100k,Finance
4063,50-65,20**,120k-140k,Finance
4064,50-65,21**,80k-100k,Business
4065,50-65,22**,120k-140k,Management
4066,18-29,20**,60k-80k,Business
4067,50-65,21**,120k-140k,Technology
4068,18-29,21**,60k-80k,Finance
4069,50-65,21**,100k-120k,Business
4070,50-65,21**,100k-120k,Technology
4071,30-49,21**,80k-100k,Business
4072,30-49,22**,80k-100k,Healthcare
4073,30-49,20**,60k-80k,Business
4074,50-65,20**,100k-120k,Education
4075,30-49,22**,80k-100k,Technology
4076,30-49,22**,80k-100k,Education
4077,30-49,20**,80k-100k,Finance
4078,18-29,21**,60k-80k,Education
4079,18-29,21**,60k-80k,Finance
4080,50-65,22**,100k-120k,Education
4081,30-49,21**,100k-120k,Technology
4082,30-49,21**,80k-100k,Education
4083,50-65,20**,100k-120k,Finance
4084,18-29,22**,80k-100k,Technology
4085,30-49,21**,60k-80k,Business
4086,30-49,20**,80k-100k,Finance
4087,30-49,21**,80k-100k,Education
4088,18-29,20**,80k-100k,Technology
4089,18-29,21**,60k-80k,Finance
4090,50-65,20**,120k-140k,Management
4091,50-65,21**,100k-120k,Technology
4092,30-49,20**,100k-120k,Technology
4093,50-65,20**,100k-120k,Healthcare
4094,50-65,21**,100k-120k,Education
4095,30-49,21**,100k-120k,Technology
4096,50-65,21**,120k-140k,Finance
4097,18-29,20**,60k-80k,Education
4098,18-29,21**,60k-80k,Finance
4099,50-65,20**,120k-140k,Finance
4100,30-49,20**,60k-80k,Finance
4101,30-49,20**,80k-100k,Finance
4102,30-49,20**,80k-100k,Finance
4103,30-49,21**,100k-120k,Healthcare
4104,50-65,21**,80k-100k,Finance
4105,50-65,21**,100k-120k,Business
4106,30-49,22**,80k-100k,Finance
4107,30-49,21**,80k-100k,Healthcare
4108,30-49,21**,80k-100k,Education
4109,18-29,20**,80k-100k,Technology
4110,50-65,20**,80k-100k,Business
4111,50-65,21**,80k-100k,Business
4112,18-29,20**,60k-80k,Business
4113,50-65,20**,140k-160k,Management
4114,30-49,20**,60k-80k,Business
4115,50-65,21**,100k-120k,Business
4116,30-49,20**,100k-120k,Technology
4117,50-65,21**,80k-100k,Business
4118,30-49,22**,60k-80k,Business
4119,18-29,20**,60k-80k,Education
4120,50-65,22**,80k-100k,Finance
4121,50-65,21**,100k-120k,Business
4122,50-65,21**,120k-140k,Technology
4123,50-65,20**,100k-120k,Business
4124,50-65,20**,100k-120k,Finance
4125,50-65,21**,120k-140k,Management
4126,50-65,20**,80k-100k,Business
4127,50-65,22**,100k-120k,Technology
4128,50-65,20**,100k-120k,Technology
4129,50-65,22**,100k-120k,Healthcare
4130,50-65,20**,100k-120k,Finance
4131,18-29,20**,100k-120k,Technology
4132,50-65,20**,120k-140k,Technology
4133,18-29,21**,60k-80k,Healthcare
4134,30-49,22**,100k-120k,Healthcare
4135,18-29,20**,60k-80k,Education
4136,30-49,20**,80k-100k,Education
4137,30-49,20**,60k-80k,Business
4138,30-49,20**,80k-100k,Healthcare
4139,30-49,20**,100k-120k,Technology
4140,18-29,20**,80k-100k,Management
4141,50-65,21**,80k-100k,Technology
4142,50-65,20**,100k-120k,Education
4143,18-29,20**,80k-100k,Management
4144,30-49,20**,80k-100k,Healthcare
4145,50-65,21**,80k-100k,Business
4146,18-29,22**,60k-80k,Finance
4147,18-29,20**,80k-100k,Management
4148,18-29,21**,80k-100k,Technology
4149,50-65,21**,120k-140k,Technology
4150,50-65,21**,100k-120k,Technology
4151,50-65,21**,80k-100k,Technology
4152,30-49,20**,80k-100k,Finance
4153,50-65,21**,140k-160k,Technology
4154,18-29,21**,80k-100k,Technology
4155,50-65,21**,120k-140k,Technology
4156,30-49,21**,120k-140k,Management
4157,18-29,20**,80k-100k,Management
4158,30-49,20**,60k-80k,Education
4159,30-49,21**,80k-100k,Finance
4160,30-49,21**,80k-100k,Technology
4161,18-29,20**,80k-100k,Management
4162,50-65,21**,100k-120k,Business
4163,50-65,21**,100k-120k,Healthcare
4164,30-49,20**,80k-100k,Education
4165,30-49,22**,80k-100k,Finance
4166,30-49,21**,80k-100k,Healthcare
4167,30-49,21**,80k-100k,Technology
4168,30-49,21**,100k-120k,Management
4169,30-49,21**,80k-100k,Finance
4170,50-65,21**,80k-100k,Technology
4171,30-49,20**,100k-120k,Technology
4172,50-65,21**,100k-120k,Business
4173,50-65,22**,100k-120k,Education
4174,50-65,20**,80k-100k,Technology
4175,30-49,21**,80k-100k,Finance
4176,18-29,22**,60k-80k,Healthcare
4177,50-65,21**,120k-140k,Technology
4178,50-65,20**,80k-100k,Technology
4179,30-49,20**,120k-140k,Technology
4180,18-29,21**,60k-80k,Finance
4181,50-65,20**,80k-100k,Business
4182,30-49,22**,60k-80k,Finance
4183,30-49,20**,80k-100k,Technology
4184,18-29,20**,80k-100k,Healthcare
4185,30-49,20**,80k-100k,Technology
4186,50-65,21**,80k-100k,Finance
4187,30-49,22**,80k-100k,Business
4188,30-49,21**,60k-80k,Finance
4189,30-49,21**,80k-100k,Healthcare
4190,30-49,20**,80k-100k,Business
4191,18-29,20**,60k-80k,Healthcare
4192,18-29,20**,60k-80k,Finance
4193,18-29,21**,80k-100k,Technology
4194,18-29,20**,80k-100k,Management
4195,50-65,22**,120k-140k,Finance
4196,30-49,20**,100k-120k,Management
4197,50-65,20**,100k-120k,Finance
4198,30-49,20**,80k-100k,Finance
4199,30-49,20**,80k-100k,Finance
4200,18-29,21**,60k-80k,Business
4201,18-29,20**,60k-80k,Finance
4202,18-29,22**,80k-100k,Technology
4203,30-49,21**,80k-100k,Healthcare
4204,30-49,21**,120k-140k,Technology
4205,18-29,20**,80k-100k,Management
4206,50-65,20**,100k-120k,Education
4207,18-29,20**,80k-100k,Technology
4208,18-29,21**,60k-80k,Education
4209,50-65,21**,100k-120k,Technology
4210,18-29,21**,60k-80k,Finance
4211,30-49,22**,80k-100k,Technology
4212,30-49,20**,80k-100k,Business
4213,18-29,21**,60k-80k,Finance
4214,30-49,20**,80k-100k,Management
4215,50-65,20**,80k-100k,Education
4216,50-65,21**,140k-160k,Technology
4217,50-65,21**,80k-100k,Technology
4218,50-65,21**,100k-120k,Education
4219,18-29,22**,80k-100k,Technology
4220,18-29,20**,60k-80k,Healthcare
4221,18-29,21**,60k-80k,Healthcare
4222,30-49,21**,80k-100k,Technology
4223,18-29,22**,60k-80k,Technology
4224,50-65,20**,100k-120k,Healthcare
4225,30-49,22**,80k-100k,Finance
4226,50-65,21**,100k-120k,Finance
4227,30-49,21**,120k-140k,Technology
4228,30-49,20**,80k-100k,Finance
4229,50-65,21**,120k-140k,Technology
4230,18-29,22**,60k-80k,Education
4231,30-49,20**,80k-100k,Finance
4232,30-49,22**,100k-120k,Healthcare
4233,30-49,20**,80k-100k,Healthcare
4234,30-49,21**,80k-100k,Healthcare
4235,30-49,21**,80k-100k,Business
4236,30-49,20**,80k-100k,Education
4237,50-65,20**,120k-140k,Healthcare
4238,30-49,20**,60k-80k,Finance
4239,50-65,22**,100k-120k,Finance
4240,30-49,21**,100k-120k,Management
4241,50-65,20**,100k-120k,Finance
4242,18-29,20**,60k-80k,Business
4243,50-65,20**,100k-120k,Business
4244,18-29,20**,60k-80k,Finance
4245,50-65,22**,120k-140k,Technology
4246,50-65,20**,100k-120k,Healthcare
4247,18-29,21**,60k-80k,Finance
4248,50-65,20**,140k-160k,Technology
4249,18-29,21**,60k-80k,Healthcare
4250,18-29,20**,80k-100k,Healthcare
4251,30-49,21**,100k-120k,Technology
4252,50-65,21**,80k-100k,Business
4253,50-65,20**,120k-140k,Technology
4254,18-29,20**,60k-80k,Technology
4255,18-29,21**,60k-80k,Education
4256,50-65,20**,140k-160k,Technology
4257,18-29,21**,60k-80k,Education
4258,50-65,21**,100k-120k,Business
4259,50-65,20**,140k-160k,Technology
4260,18-29,20**,80k-100k,Management
4261,18-29,20**,80k-100k,Healthcare
4262,50-65,20**,100k-120k,Healthcare
4263,50-65,22**,80k-100k,Business
4264,50-65,20**,100k-120k,Finance
4265,30-49,20**,100k-120k,Technology
4266,30-49,21**,80k-100k,Business
4267,18-29,21**,60k-80k,Technology
4268,30-49,21**,80k-100k,Business
4269,30-49,21**,100k-120k,Technology
4270,30-49,20**,80k-100k,Education
4271,18-29,20**,80k-100k,Technology
4272,50-65,20**,100k-120k,Healthcare
4273,50-65,22**,100k-120k,Finance
4274,30-49,21**,100k-120k,Technology
4275,30-49,21**,100k-120k,Technology
4276,30-49,21**,100k-120k,Technology
4277,30-49,20**,100k-120k,Management
4278,18-29,20**,60k-80k,Business
4279,18-29,22**,60k-80k,Finance
4280,30-49,21**,60k-80k,Business
4281,18-29,22**,60k-80k,Finance
4282,50-65,20**,140k-160k,Technology
4283,18-29,21**,80k-100k,Technology
4284,50-65,20**,100k-120k,Business
4285,30-49,21**,80k-100k,Finance
4286,30-49,22**,80k-100k,Technology
4287,50-65,20**,100k-120k,Healthcare
4288,50-65,21**,100k-120k,Healthcare
4289,18-29,22**,60k-80k,Education
4290,50-65,21**,80k-100k,Finance
4291,30-49,21**,80k-100k,Technology
4292,50-65,21**,100k-120k,Education
4293,18-29,20**,80k-100k,Technology
4294,18-29,21**,80k-100k,Technology
4295,18-29,20**,40k-60k,Business
4296,18-29,22**,60k-80k,Technology
4297,50-65,21**,100k-120k,Education
4298,18-29,22**,60k-80k,Business
4299,50-65,22**,100k-120k,Education
4300,50-65,20**,120k-140k,Technology
4301,30-49,20**,80k-100k,Technology
4302,50-65,20**,140k-160k,Technology
4303,50-65,20**,80k-100k,Finance
4304,50-65,21**,120k-140k,Technology
4305,50-65,20**,120k-140k,Management
4306,30-49,21**,60k-80k,Business
4307,30-49,22**,100k-120k,Finance
4308,18-29,20**,60k-80k,Business
4309,18-29,20**,60k-80k,Technology
4310,30-49,21**,100k-120k,Technology
4311,30-49,22**,80k-100k,Technology
4312,30-49,20**,80k-100k,Technology
4313,18-29,22**,80k-100k,Healthcare
4314,30-49,21**,80k-100k,Business
4315,50-65,20**,100k-120k,Finance
4316,30-49,22**,60k-80k,Education
4317,50-65,22**,80k-100k,Technology
4318,30-49,20**,80k-100k,Technology
4319,18-29,21**,60k-80k,Business
4320,50-65,20**,100k-120k,Healthcare
4321,18-29,20**,80k-100k,Technology
4322,30-49,22**,60k-80k,Business
4323,50-65,22**,100k-120k,Finance
4324,30-49,22**,100k-120k,Education
4325,30-49,20**,80k-100k,Business
4326,30-49,22**,100k-120k,Management
4327,30-49,20**,60k-80k,Business
4328,50-65,21**,100k-120k,Education
4329,30-49,21**,100k-120k,Education
4330,30-49,20**,80k-100k,Business
4331,50-65,21**,100k-120k,Healthcare
4332,18-29,21**,60k-80k,Education
4333,30-49,20**,80k-100k,Education
4334,50-65,20**,140k-160k,Technology
4335,18-29,20**,60k-80k,Finance
4336,30-49,20**,80k-100k,Business
4337,30-49,20**,80k-100k,Finance
4338,30-49,20**,120k-140k,Technology
4339,30-49,20**,80k-100k,Finance
4340,50-65,21**,100k-120k,Business
4341,18-29,22**,60k-80k,Business
4342,30-49,20**,100k-120k,Technology
4343,50-65,21**,100k-120k,Business
4344,18-29,21**,60k-80k,Finance
4345,30-49,21**,60k-80k,Healthcare
4346,30-49,20**,100k-120k,Technology
4347,50-65,21**,80k-100k,Business
4348,50-65,21**,120k-140k,Technology
4349,30-49,22**,80k-100k,Education
4350,30-49,21**,60k-80k,Business
4351,18-29,21**,60k-80k,Business
4352,30-49,20**,60k-80k,Finance
4353,30-49,20**,80k-100k,Business
4354,30-49,20**,60k-80k,Business
4355,18-29,22**,80k-100k,Education
4356,30-49,21**,60k-80k,Business
4357,30-49,21**,80k-100k,Business
4358,18-29,21**,60k-80k,Education
4359,30-49,21**,100k-120k,Technology
4360,18-29,21**,80k-100k,Management
4361,50-65,20**,100k-120k,Finance
4362,30-49,20**,80k-100k,Finance
4363,30-49,21**,80k-100k,Technology
4364,30-49,20**,80k-100k,Technology
4365,50-65,21**,80k-100k,Business
4366,30-49,21**,80k-100k,Education
4367,50-65,20**,120k-140k,Management
4368,50-65,20**,80k-100k,Business
4369,50-65,22**,100k-120k,Technology
4370,50-65,20**,120k-140k,Management
4371,30-49,22**,80k-100k,Healthcare
4372,30-49,20**,80k-100k,Finance
4373,30-49,20**,80k-100k,Technology
4374,18-29,21**,60k-80k,Education
4375,30-49,21**,80k-100k,Healthcare
4376,50-65,20**,80k-100k,Business
4377,30-49,20**,60k-80k,Business
4378,50-65,21**,100k-120k,Business
4379,18-29,20**,60k-80k,Business
4380,18-29,20**,60k-80k,Technology
4381,50-65,21**,80k-100k,Business
4382,30-49,21**,80k-100k,Healthcare
4383,50-65,22**,100k-120k,Healthcare
4384,30-49,20**,100k-120k,Technology
4385,50-65,20**,120k-140k,Finance
4386,50-65,21**,80k-100k,Technology
4387,50-65,21**,120k-140k,Technology
4388,18-29,20**,80k-100k,Technology
4389,50-65,22**,120k-140k,Technology
4390,18-29,21**,60k-80k,Education
4391,18-29,20**,60k-80k,Healthcare
4392,30-49,21**,80k-100k,Healthcare
4393,50-65,22**,100k-120k,Healthcare
4394,50-65,21**,120k-140k,Technology
4395,30-49,20**,60k-80k,Business
4396,30-49,20**,60k-80k,Finance
4397,50-65,20**,120k-140k,Management
4398,50-65,21**,80k-100k,Finance
4399,18-29,20**,60k-80k,Finance
4400,18-29,20**,80k-100k,Management
4401,30-49,20**,100k-120k,Healthcare
4402,30-49,20**,80k-100k,Business
4403,50-65,20**,100k-120k,Technology
4404,50-65,20**,80k-100k,Technology
4405,50-65,20**,100k-120k,Business
4406,50-65,21**,120k-140k,Technology
4407,50-65,21**,120k-140k,Technology
4408,18-29,20**,80k-100k,Management
4409,30-49,21**,100k-120k,Management
4410,30-49,20**,120k-140k,Technology
4411,30-49,20**,80k-100k,Education
4412,30-49,20**,80k-100k,Healthcare
4413,30-49,21**,100k-120k,Technology
4414,50-65,21**,120k-140k,Management
4415,18-29,20**,80k-100k,Technology
4416,18-29,20**,60k-80k,Finance
4417,50-65,22**,100k-120k,Finance
4418,50-65,21**,100k-120k,Finance
4419,18-29,21**,60k-80k,Finance
4420,30-49,20**,80k-100k,Management
4421,18-29,20**,60k-80k,Finance
4422,30-49,22**,60k-80k,Business
4423,50-65,21**,100k-120k,Education
4424,50-65,21**,120k-140k,Technology
4425,50-65,20**,80k-100k,Business
4426,18-29,20**,40k-60k,Business
4427,18-29,20**,40k-60k,Business
4428,30-49,20**,80k-100k,Technology
4429,30-49,20**,60k-80k,Business
4430,18-29,20**,60k-80k,Education
4431,30-49,20**,80k-100k,Education
4432,30-49,20**,80k-100k,Technology
4433,18-29,20**,60k-80k,Finance
4434,30-49,20**,80k-100k,Finance
4435,30-49,20**,100k-120k,Technology
4436,18-29,21**,60k-80k,Finance
4437,50-65,20**,120k-140k,Management
4438,18-29,21**,40k-60k,Business
4439,50-65,20**,120k-140k,Technology
4440,30-49,20**,80k-100k,Healthcare
4441,30-49,21**,100k-120k,Healthcare
4442,18-29,21**,60k-80k,Technology
4443,50-65,20**,120k-140k,Technology
4444,50-65,20**,100k-120k,Business
4445,18-29,20**,60k-80k,Finance
4446,50-65,20**,80k-100k,Business
4447,50-65,21**,100k-120k,Healthcare
4448,30-49,20**,80k-100k,Technology
4449,18-29,21**,60k-80k,Business
4450,30-49,20**,120k-140k,Management
4451,50-65,22**,100k-120k,Education
4452,50-65,20**,120k-140k,Technology
4453,30-49,21**,100k-120k,Technology
4454,30-49,21**,80k-100k,Business
4455,18-29,22**,60k-80k,Business
4456,30-49,21**,80k-100k,Education
4457,50-65,20**,100k-120k,Finance
4458,30-49,21**,80k-100k,Business
4459,50-65,20**,140k-160k,Technology
4460,50-65,21**,120k-140k,Technology
4461,50-65,21**,120k-140k,Technology
4462,30-49,20**,80k-100k,Healthcare
4463,18-29,21**,80k-100k,Management
4464,50-65,21**,100k-120k,Technology
4465,30-49,22**,80k-100k,Management
4466,50-65,22**,100k-120k,Finance
4467,30-49,20**,120k-140k,Technology
4468,50-65,21**,100k-120k,Healthcare
4469,30-49,21**,60k-80k,Business
4470,50-65,20**,140k-160k,Technology
4471,18-29,22**,60k-80k,Finance
4472,50-65,21**,100k-120k,Technology
4473,18-29,20**,60k-80k,Finance
4474,30-49,21**,60k-80k,Finance
4475,30-49,20**,60k-80k,Technology
4476,30-49,20**,80k-100k,Technology
4477,50-65,20**,120k-140k,Technology
4478,30-49,21**,100k-120k,Technology
4479,50-65,20**,120k-140k,Healthcare
4480,30-49,21**,80k-100k,Education
4481,30-49,21**,80k-100k,Finance
4482,30-49,21**,80k-100k,Business
4483,50-65,20**,100k-120k,Business
4484,30-49,20**,80k-100k,Education
4485,50-65,21**,100k-120k,Business
4486,18-29,22**,80k-100k,Healthcare
4487,50-65,22**,100k-120k,Education
4488,18-29,20**,60k-80k,Healthcare
4489,18-29,20**,60k-80k,Business
4490,18-29,20**,60k-80k,Technology
4491,30-49,22**,100k-120k,Healthcare
4492,30-49,21**,60k-80k,Business
4493,30-49,21**,80k-100k,Finance
4494,30-49,21**,60k-80k,Business
4495,18-29,21**,80k-100k,Technology
4496,50-65,20**,100k-120k,Business
4497,18-29,20**,80k-100k,Business
4498,30-49,22**,100k-120k,Management
4499,30-49,20**,80k-100k,Business
4500,30-49,21**,120k-140k,Technology
4501,18-29,20**,80k-100k,Technology
4502,30-49,20**,80k-100k,Healthcare
4503,18-29,21**,60k-80k,Finance
4504,30-49,21**,60k-80k,Technology
4505,30-49,20**,80k-100k,Technology
4506,30-49,22**,80k-100k,Education
4507,30-49,22**,80k-100k,Finance
4508,50-65,20**,120k-140k,Technology
4509,18-29,22**,100k-120k,Technology
4510,50-65,21**,100k-120k,Technology
4511,30-49,20**,100k-120k,Healthcare
4512,50-65,22**,100k-120k,Education
4513,18-29,21**,60k-80k,Healthcare
4514,30-49,21**,80k-100k,Healthcare
4515,18-29,20**,60k-80k,Technology
4516,50-65,21**,100k-120k,Education
4517,50-65,20**,80k-100k,Finance
4518,18-29,20**,80k-100k,Technology
4519,18-29,21**,60k-80k,Finance
4520,30-49,20**,100k-120k,Management
4521,18-29,21**,80k-100k,Technology
4522,18-29,20**,80k-100k,Management
4523,30-49,20**,80k-100k,Technology
4524,50-65,20**,120k-140k,Healthcare
4525,18-29,20**,80k-100k,Management
4526,50-65,21**,100k-120k,Finance
4527,18-29,20**,60k-80k,Finance
4528,30-49,20**,60k-80k,Business
4529,50-65,21**,100k-120k,Business
4530,30-49,20**,80k-100k,Technology
4531,50-65,20**,100k-120k,Management
4532,50-65,21**,120k-140k,Technology
4533,18-29,21**,60k-80k,Business
4534,50-65,20**,120k-140k,Technology
4535,50-65,20**,100k-120k,Education
4536,30-49,21**,80k-100k,Technology
4537,30-49,20**,80k-100k,Healthcare
4538,50-65,21**,100k-120k,Education
4539,50-65,22**,80k-100k,Finance
4540,30-49,21**,80k-100k,Business
4541,50-65,20**,140k-160k,Technology
4542,50-65,21**,80k-100k,Finance
4543,30-49,20**,80k-100k,Business
4544,18-29,20**,80k-100k,Management
4545,50-65,21**,100k-120k,Technology
4546,30-49,21**,80k-100k,Finance
4547,30-49,21**,100k-120k,Management
4548,30-49,21**,80k-100k,Business
4549,30-49,22**,80k-100k,Business
4550,50-65,21**,100k-120k,Business
4551,18-29,20**,60k-80k,Business
4552,50-65,20**,100k-120k,Business
4553,50-65,22**,80k-100k,Business
4554,30-49,20**,80k-100k,Finance
4555,50-65,20**,120k-140k,Management
4556,30-49,21**,60k-80k,Finance
4557,30-49,20**,80k-100k,Finance
4558,50-65,20**,100k-120k,Healthcare
4559,50-65,22**,100k-120k,Healthcare
4560,50-65,22**,120k-140k,Technology
4561,30-49,22**,80k-100k,Education
4562,50-65,20**,100k-120k,Education
4563,50-65,20**,120k-140k,Management
4564,50-65,22**,100k-120k,Finance
4565,30-49,22**,60k-80k,Business
4566,18-29,21**,60k-80k,Business
4567,30-49,22**,80k-100k,Business
4568,50-65,21**,80k-100k,Business
4569,18-29,21**,60k-80k,Finance
4570,30-49,21**,100k-120k,Technology
4571,30-49,20**,80k-100k,Technology
4572,30-49,21**,80k-100k,Business
4573,50-65,21**,100k-120k,Finance
4574,30-49,20**,60k-80k,Finance
4575,30-49,21**,80k-100k,Business
4576,30-49,21**,100k-120k,Healthcare
4577,18-29,20**,80k-100k,Technology
4578,30-49,20**,60k-80k,Technology
4579,30-49,21**,100k-120k,Technology
4580,30-49,20**,100k-120k,Technology
4581,30-49,22**,80k-100k,Technology
4582,18-29,20**,60k-80k,Technology
4583,50-65,20**,100k-120k,Finance
4584,30-49,20**,80k-100k,Finance
4585,50-65,21**,100k-120k,Finance
4586,30-49,20**,100k-120k,Technology
4587,50-65,20**,80k-100k,Education
4588,30-49,21**,60k-80k,Finance
4589,18-29,21**,80k-100k,Technology
4590,30-49,20**,100k-120k,Technology
4591,30-49,20**,80k-100k,Finance
4592,50-65,20**,120k-140k,Technology
4593,30-49,20**,80k-100k,Technology
4594,50-65,21**,120k-140k,Finance
4595,50-65,21**,100k-120k,Healthcare
4596,30-49,20**,80k-100k,Technology
4597,50-65,21**,100k-120k,Business
4598,50-65,21**,120k-140k,Healthcare
4599,18-29,20**,80k-100k,Management
4600,50-65,21**,100k-120k,Business
4601,30-49,20**,80k-100k,Education
4602,50-65,21**,80k-100k,Business
4603,50-65,21**,80k-100k,Finance
4604,50-65,21**,120k-140k,Technology
4605,18-29,20**,60k-80k,Healthcare
4606,30-49,21**,80k-100k,Education
4607,30-49,20**,80k-100k,Finance
4608,50-65,20**,100k-120k,Business
4609,30-49,21**,80k-100k,Technology
4610,30-49,21**,80k-100k,Business
4611,30-49,21**,80k-100k,Technology
4612,50-65,21**,100k-120k,Business
4613,30-49,21**,80k-100k,Finance
4614,30-49,20**,80k-100k,Education
4615,18-29,20**,100k-120k,Technology
4616,50-65,21**,120k-140k,Management
4617,30-49,21**,60k-80k,Technology
4618,18-29,20**,60k-80k,Finance
4619,18-29,22**,60k-80k,Business
4620,18-29,20**,60k-80k,Finance
4621,30-49,20**,60k-80k,Business
4622,18-29,20**,60k-80k,Healthcare
4623,30-49,20**,80k-100k,Healthcare
4624,50-65,20**,100k-120k,Technology
4625,50-65,21**,80k-100k,Technology
4626,30-49,21**,100k-120k,Management
4627,18-29,20**,60k-80k,Finance
4628,50-65,20**,120k-140k,Technology
4629,30-49,21**,80k-100k,Technology
4630,30-49,21**,100k-120k,Management
4631,18-29,20**,80k-100k,Management
4632,18-29,20**,60k-80k,Education
4633,50-65,21**,100k-120k,Technology
4634,18-29,20**,60k-80k,Healthcare
4635,18-29,20**,60k-80k,Business
4636,30-49,21**,80k-100k,Business
4637,30-49,20**,80k-100k,Business
4638,18-29,22**,80k-100k,Technology
4639,18-29,20**,40k-60k,Business
4640,30-49,20**,100k-120k,Technology
4641,30-49,21**,100k-120k,Management
4642,50-65,22**,120k-140k,Management
4643,50-65,22**,100k-120k,Business
4644,30-49,21**,80k-100k,Business
4645,30-49,21**,80k-100k,Management
4646,50-65,20**,80k-100k,Business
4647,30-49,21**,80k-100k,Technology
4648,30-49,21**,100k-120k,Technology
4649,30-49,20**,80k-100k,Healthcare
4650,18-29,21**,60k-80k,Education
4651,18-29,21**,60k-80k,Finance
4652,30-49,22**,80k-100k,Business
4653,50-65,21**,100k-120k,Finance
4654,18-29,20**,60k-80k,Technology
4655,30-49,21**,80k-100k,Business
4656,50-65,21**,100k-120k,Business
4657,30-49,21**,100k-120k,Technology
4658,30-49,22**,80k-100k,Technology
4659,30-49,20**,80k-100k,Education
4660,30-49,22**,100k-120k,Healthcare
4661,18-29,20**,60k-80k,Business
4662,50-65,21**,100k-120k,Management
4663,30-49,21**,100k-120k,Technology
4664,30-49,21**,60k-80k,Finance
4665,18-29,20**,80k-100k,Technology
4666,30-49,20**,80k-100k,Technology
4667,30-49,21**,80k-100k,Management
4668,30-49,20**,100k-120k,Healthcare
4669,30-49,20**,80k-100k,Business
4670,30-49,21**,80k-100k,Technology
4671,18-29,21**,60k-80k,Business
4672,50-65,22**,100k-120k,Technology
4673,50-65,21**,100k-120k,Business
4674,18-29,20**,80k-100k,Healthcare
4675,50-65,20**,100k-120k,Finance
4676,30-49,21**,80k-100k,Technology
4677,30-49,20**,60k-80k,Healthcare
4678,18-29,20**,60k-80k,Finance
4679,30-49,21**,60k-80k,Healthcare
4680,30-49,21**,120k-140k,Technology
4681,50-65,20**,80k-100k,Finance
4682,18-29,20**,80k-100k,Technology
4683,50-65,20**,100k-120k,Business
4684,30-49,22**,120k-140k,Technology
4685,18-29,22**,80k-100k,Technology
4686,30-49,22**,80k-100k,Business
4687,30-49,21**,100k-120k,Finance
4688,50-65,22**,100k-120k,Education
4689,50-65,22**,120k-140k,Technology
4690,50-65,21**,100k-120k,Finance
4691,30-49,21**,80k-100k,Technology
4692,30-49,21**,80k-100k,Education
4693,30-49,20**,100k-120k,Healthcare
4694,30-49,20**,80k-100k,Finance
4695,50-65,20**,80k-100k,Finance
4696,30-49,20**,120k-140k,Technology
4697,50-65,21**,100k-120k,Education
4698,30-49,20**,80k-100k,Business
4699,18-29,20**,60k-80k,Finance
4700,50-65,20**,120k-140k,Technology
4701,30-49,21**,80k-100k,Healthcare
4702,30-49,20**,80k-100k,Business
4703,30-49,20**,100k-120k,Technology
4704,30-49,21**,100k-120k,Business
4705,30-49,21**,80k-100k,Healthcare
4706,30-49,21**,60k-80k,Finance
4707,30-49,21**,100k-120k,Technology
4708,50-65,20**,100k-120k,Healthcare
4709,18-29,22**,60k-80k,Technology
4710,18-29,21**,80k-100k,Management
4711,18-29,20**,80k-100k,Technology
4712,30-49,20**,100k-120k,Technology
4713,30-49,22**,80k-100k,Education
4714,50-65,20**,80k-100k,Business
4715,18-29,20**,60k-80k,Finance
4716,18-29,20**,40k-60k,Business
4717,50-65,20**,80k-100k,Technology
4718,30-49,20**,80k-100k,Business
4719,50-65,21**,100k-120k,Finance
4720,18-29,20**,40k-60k,Business
4721,18-29,21**,60k-80k,Business
4722,18-29,20**,80k-100k,Management
4723,50-65,22**,80k-100k,Finance
4724,18-29,20**,60k-80k,Healthcare
4725,50-65,21**,100k-120k,Business
4726,50-65,20**,100k-120k,Finance
4727,30-49,20**,80k-100k,Finance
4728,30-49,21**,60k-80k,Finance
4729,50-65,20**,120k-140k,Technology
4730,18-29,20**,40k-60k,Business
4731,18-29,20**,60k-80k,Business
4732,50-65,20**,120k-140k,Technology
4733,50-65,21**,100k-120k,Education
4734,50-65,21**,100k-120k,Business
4735,18-29,22**,80k-100k,Management
4736,30-49,21**,60k-80k,Finance
4737,30-49,21**,100k-120k,Technology
4738,30-49,20**,80k-100k,Technology
4739,30-49,20**,80k-100k,Healthcare
4740,30-49,22**,100k-120k,Healthcare
4741,30-49,20**,120k-140k,Technology
4742,50-65,21**,100k-120k,Education
4743,18-29,20**,80k-100k,Technology
4744,18-29,20**,60k-80k,Business
4745,18-29,20**,80k-100k,Technology
4746,50-65,20**,80k-100k,Business
4747,50-65,21**,120k-140k,Technology
4748,18-29,22**,60k-80k,Education
4749,50-65,20**,80k-100k,Education
4750,18-29,21**,60k-80k,Business
4751,30-49,20**,100k-120k,Technology
4752,30-49,21**,100k-120k,Management
4753,50-65,21**,80k-100k,Business
4754,30-49,21**,100k-120k,Technology
4755,50-65,21**,100k-120k,Finance
4756,18-29,20**,60k-80k,Finance
4757,30-49,22**,60k-80k,Business
4758,30-49,21**,100k-120k,Healthcare
4759,50-65,20**,100k-120k,Finance
4760,30-49,20**,60k-80k,Business
4761,50-65,20**,100k-120k,Technology
4762,30-49,20**,60k-80k,Healthcare
4763,50-65,20**,80k-100k,Finance
4764,30-49,21**,60k-80k,Finance
4765,30-49,20**,80k-100k,Technology
4766,50-65,21**,100k-120k,Management
4767,50-65,21**,80k-100k,Finance
4768,30-49,20**,80k-100k,Business
4769,50-65,20**,120k-140k,Management
4770,30-49,21**,80k-100k,Healthcare
4771,18-29,22**,80k-100k,Management
4772,18-29,20**,60k-80k,Healthcare
4773,50-65,21**,80k-100k,Finance
4774,18-29,22**,80k-100k,Technology
4775,18-29,22**,60k-80k,Finance
4776,30-49,21**,100k-120k,Technology
4777,50-65,21**,120k-140k,Technology
4778,30-49,21**,80k-100k,Finance
4779,50-65,20**,120k-140k,Technology
4780,18-29,20**,60k-80k,Technology
4781,30-49,20**,100k-120k,Technology
4782,30-49,21**,100k-120k,Technology
4783,30-49,20**,120k-140k,Management
4784,50-65,20**,80k-100k,Business
4785,30-49,21**,100k-120k,Technology
4786,30-49,21**,80k-100k,Finance
4787,50-65,21**,100k-120k,Technology
4788,18-29,20**,80k-100k,Technology
4789,18-29,22**,100k-120k,Management
4790,30-49,22**,60k-80k,Business
4791,18-29,21**,60k-80k,Education
4792,18-29,21**,80k-100k,Management
4793,18-29,21**,60k-80k,Finance
4794,50-65,22**,120k-140k,Technology
4795,50-65,21**,100k-120k,Business
4796,30-49,22**,80k-100k,Education
4797,30-49,20**,80k-100k,Technology
4798,30-49,21**,60k-80k,Technology
4799,18-29,22**,60k-80k,Education
4800,30-49,20**,80k-100k,Technology
4801,18-29,20**,80k-100k,Technology
4802,50-65,20**,120k-140k,Management
4803,18-29,21**,60k-80k,Business
4804,50-65,20**,80k-100k,Education
4805,50-65,20**,100k-120k,Education
4806,50-65,20**,80k-100k,Healthcare
4807,18-29,20**,60k-80k,Technology
4808,50-65,21**,100k-120k,Finance
4809,30-49,21**,60k-80k,Education
4810,50-65,20**,100k-120k,Education
4811,30-49,21**,60k-80k,Finance
4812,18-29,20**,60k-80k,Finance
4813,50-65,20**,140k-160k,Technology
4814,50-65,20**,100k-120k,Business
4815,18-29,20**,80k-100k,Technology
4816,30-49,20**,100k-120k,Technology
4817,30-49,20**,60k-80k,Business
4818,18-29,20**,60k-80k,Finance
4819,50-65,22**,120k-140k,Technology
4820,50-65,20**,120k-140k,Management
4821,50-65,20**,100k-120k,Finance
4822,18-29,21**,60k-80k,Finance
4823,50-65,20**,100k-120k,Education
4824,18-29,20**,80k-100k,Technology
4825,18-29,21**,60k-80k,Technology
4826,30-49,21**,100k-120k,Education
4827,18-29,20**,80k-100k,Finance
4828,50-65,20**,80k-100k,Finance
4829,18-29,22**,100k-120k,Technology
4830,50-65,22**,120k-140k,Technology
4831,30-49,22**,80k-100k,Finance
4832,18-29,20**,80k-100k,Management
4833,18-29,20**,80k-100k,Management
4834,50-65,21**,100k-120k,Finance
4835,30-49,21**,60k-80k,Technology
4836,50-65,20**,100k-120k,Healthcare
4837,30-49,20**,80k-100k,Education
4838,50-65,21**,100k-120k,Healthcare
4839,30-49,21**,60k-80k,Finance
4840,50-65,20**,120k-140k,Healthcare
4841,30-49,20**,80k-100k,Technology
4842,50-65,22**,80k-100k,Finance
4843,50-65,21**,120k-140k,Technology
4844,50-65,20**,100k-120k,Business
4845,18-29,20**,60k-80k,Technology
4846,50-65,22**,100k-120k,Technology
4847,50-65,20**,100k-120k,Healthcare
4848,30-49,21**,80k-100k,Technology
4849,50-65,22**,80k-100k,Finance
4850,50-65,21**,100k-120k,Technology
4851,30-49,21**,60k-80k,Finance
4852,18-29,21**,80k-100k,Technology
4853,30-49,22**,100k-120k,Healthcare
4854,50-65,21**,100k-120k,Finance
4855,50-65,20**,120k-140k,Technology
4856,30-49,22**,80k-100k,Finance
4857,30-49,20**,80k-100k,Business
4858,18-29,20**,60k-80k,Finance
4859,30-49,20**,100k-120k,Technology
4860,50-65,21**,100k-120k,Business
4861,30-49,20**,80k-100k,Healthcare
4862,18-29,20**,60k-80k,Finance
4863,30-49,21**,80k-100k,Technology
4864,18-29,21**,60k-80k,Business
4865,30-49,21**,60k-80k,Finance
4866,50-65,21**,100k-120k,Finance
4867,30-49,21**,100k-120k,Technology
4868,30-49,20**,100k-120k,Technology
4869,50-65,21**,100k-120k,Business
4870,50-65,22**,100k-120k,Management
4871,18-29,22**,60k-80k,Finance
4872,50-65,22**,80k-100k,Finance
4873,30-49,20**,100k-120k,Management
4874,18-29,21**,60k-80k,Technology
4875,30-49,20**,80k-100k,Finance
4876,50-65,21**,140k-160k,Management
4877,50-65,22**,120k-140k,Technology
4878,50-65,20**,80k-100k,Technology
4879,30-49,21**,100k-120k,Management
4880,30-49,21**,80k-100k,Technology
4881,18-29,22**,80k-100k,Technology
4882,50-65,20**,100k-120k,Healthcare
4883,50-65,22**,100k-120k,Finance
4884,50-65,21**,100k-120k,Business
4885,30-49,21**,100k-120k,Technology
4886,50-65,20**,100k-120k,Finance
4887,18-29,21**,60k-80k,Education
4888,30-49,20**,100k-120k,Management
4889,30-49,21**,60k-80k,Healthcare
4890,50-65,20**,140k-160k,Technology
4891,18-29,21**,60k-80k,Finance
4892,30-49,21**,80k-100k,Business
4893,50-65,20**,140k-160k,Technology
4894,30-49,20**,100k-120k,Technology
4895,30-49,20**,60k-80k,Education
4896,30-49,21**,80k-100k,Technology
4897,18-29,22**,80k-100k,Finance
4898,30-49,20**,80k-100k,Finance
4899,30-49,20**,60k-80k,Business
4900,30-49,21**,60k-80k,Business
4901,18-29,22**,60k-80k,Business
4902,50-65,22**,100k-120k,Technology
4903,30-49,21**,80k-100k,Finance
4904,18-29,21**,80k-100k,Technology
4905,30-49,20**,60k-80k,Business
4906,30-49,21**,80k-100k,Education
4907,50-65,20**,120k-140k,Technology
4908,50-65,20**,100k-120k,Business
4909,30-49,20**,80k-100k,Technology
4910,50-65,22**,100k-120k,Technology
4911,30-49,20**,60k-80k,Finance
4912,30-49,20**,80k-100k,Business
4913,30-49,20**,60k-80k,Business
4914,18-29,21**,60k-80k,Finance
4915,50-65,20**,100k-120k,Healthcare
4916,18-29,21**,60k-80k,Business
4917,18-29,20**,80k-100k,Education
4918,18-29,20**,60k-80k,Healthcare
4919,18-29,20**,60k-80k,Finance
4920,30-49,21**,100k-120k,Technology
4921,50-65,20**,140k-160k,Technology
4922,50-65,22**,140k-160k,Management
4923,50-65,20**,100k-120k,Business
4924,18-29,21**,60k-80k,Business
4925,30-49,21**,60k-80k,Business
4926,50-65,20**,100k-120k,Business
4927,30-49,20**,60k-80k,Business
4928,30-49,20**,80k-100k,Healthcare
4929,50-65,20**,100k-120k,Business
4930,18-29,20**,80k-100k,Technology
4931,50-65,20**,140k-160k,Management
4932,30-49,22**,100k-120k,Healthcare
4933,50-65,20**,140k-160k,Technology
4934,18-29,20**,80k-100k,Management
4935,30-49,21**,80k-100k,Technology
4936,50-65,20**,120k-140k,Technology
4937,50-65,20**,120k-140k,Technology
4938,50-65,20**,120k-140k,Technology
4939,30-49,20**,100k-120k,Management
4940,18-29,21**,60k-80k,Healthcare
4941,18-29,22**,60k-80k,Finance
4942,50-65,21**,120k-140k,Technology
4943,18-29,22**,80k-100k,Healthcare
4944,18-29,21**,60k-80k,Education
4945,50-65,20**,100k-120k,Finance
4946,18-29,20**,60k-80k,Technology
4947,50-65,20**,100k-120k,Technology
4948,18-29,20**,40k-60k,Business
4949,50-65,21**,100k-120k,Finance
4950,30-49,22**,100k-120k,Management
4951,18-29,20**,40k-60k,Business
4952,30-49,21**,80k-100k,Education
4953,50-65,20**,100k-120k,Finance
4954,18-29,21**,80k-100k,Technology
4955,50-65,21**,100k-120k,Business
4956,30-49,21**,60k-80k,Business
4957,18-29,20**,80k-100k,Technology
4958,50-65,20**,100k-120k,Technology
4959,30-49,21**,80k-100k,Technology
4960,30-49,20**,100k-120k,Technology
4961,18-29,22**,60k-80k,Technology
4962,30-49,21**,80k-100k,Healthcare
4963,18-29,22**,60k-80k,Education
4964,30-49,20**,100k-120k,Management
4965,30-49,20**,80k-100k,Business
4966,30-49,20**,120k-140k,Technology
4967,30-49,21**,60k-80k,Education
4968,30-49,20**,100k-120k,Finance
4969,30-49,21**,60k-80k,Technology
4970,50-65,20**,100k-120k,Business
4971,30-49,21**,80k-100k,Finance
4972,50-65,21**,120k-140k,Management
4973,18-29,22**,60k-80k,Business
4974,18-29,20**,80k-100k,Technology
4975,30-49,20**,80k-100k,Technology
4976,30-49,20**,100k-120k,Management
4977,50-65,20**,80k-100k,Technology
4978,50-65,21**,140k-160k,Technology
4979,30-49,21**,80k-100k,Finance
4980,30-49,21**,60k-80k,Finance
4981,30-49,20**,80k-100k,Finance
4982,50-65,20**,120k-140k,Technology
4983,50-65,22**,100k-120k,Finance
4984,50-65,22**,80k-100k,Business
4985,30-49,20**,80k-100k,Finance
4986,30-49,22**,80k-100k,Healthcare
4987,30-49,21**,100k-120k,Management
4988,18-29,20**,60k-80k,Finance
4989,30-49,21**,80k-100k,Technology
4990,50-65,20**,100k-120k,Healthcare
4991,30-49,20**,80k-100k,Finance
4992,30-49,22**,80k-100k,Finance
4993,30-49,22**,100k-120k,Management
4994,30-49,22**,60k-80k,Finance
4995,50-65,21**,120k-140k,Technology
4996,30-49,20**,80k-100k,Healthcare
4997,50-65,21**,80k-100k,Business
4998,18-29,22**,60k-80k,Finance
4999,30-49,21**,80k-100k,Finance
5000,50-65,20**,120k-140k,Technology
