record_id,age_group,postcode_group,income_range,occupation_group
1,50-59,20**,120k-130k,Technology
2,30-39,20**,60k-70k,Finance
3,60-65,20**,140k-150k,Management
4,40-49,20**,80k-90k,Technology
5,30-39,21**,80k-90k,Finance
6,18-19,20**,80k-90k,Management
7,40-49,21**,90k-100k,Finance
8,30-39,20**,80k-90k,Technology
9,30-39,20**,80k-90k,Finance
10,30-39,20**,100k-110k,Technology
11,20-29,21**,80k-90k,Education
12,30-39,22**,80k-90k,Technology
13,50-59,21**,110k-120k,Technology
14,50-59,22**,100k-110k,Finance
15,50-59,22**,90k-100k,Finance
16,20-29,20**,60k-70k,Finance
17,30-39,21**,90k-100k,Technology
18,40-49,20**,90k-100k,Education
19,40-49,22**,80k-90k,Finance
20,60-65,21**,130k-140k,Technology
21,50-59,20**,100k-110k,Finance
22,40-49,22**,100k-110k,Finance
23,30-39,20**,70k-80k,Education
24,20-29,21**,60k-70k,Education
25,20-29,21**,60k-70k,Finance
26,30-39,21**,70k-80k,Business
27,20-29,20**,70k-80k,Finance
28,60-65,21**,130k-140k,Management
29,60-65,21**,110k-120k,Business
30,40-49,20**,80k-90k,Education
31,50-59,20**,80k-90k,Business
32,20-29,22**,80k-90k,Technology
33,60-65,21**,100k-110k,Medical
34,40-49,21**,100k-110k,Medical
35,50-59,21**,90k-100k,Finance
36,60-65,22**,140k-150k,Technology
37,30-39,20**,80k-90k,Education
38,40-49,21**,100k-110k,Technology
39,60-65,21**,110k-120k,Finance
40,50-59,22**,110k-120k,Technology
41,50-59,21**,120k-130k,Management
42,20-29,20**,80k-90k,Education
43,50-59,21**,90k-100k,Technology
44,40-49,20**,90k-100k,Technology
45,30-39,20**,70k-80k,Finance
46,50-59,20**,130k-140k,Technology
47,20-29,20**,80k-90k,Management
48,60-65,21**,100k-110k,Business
49,30-39,21**,100k-110k,Management
50,30-39,22**,90k-100k,Management
51,60-65,21**,110k-120k,Finance
52,40-49,21**,100k-110k,Management
53,30-39,20**,70k-80k,Finance
54,18-19,21**,50k-60k,Business
55,50-59,20**,90k-100k,Finance
56,60-65,20**,100k-110k,Technology
57,20-29,20**,70k-80k,Education
58,30-39,22**,80k-90k,Finance
59,30-39,20**,100k-110k,Management
60,50-59,20**,100k-110k,Business
61,40-49,20**,80k-90k,Finance
62,60-65,21**,110k-120k,Medical
63,40-49,22**,70k-80k,Business
64,60-65,20**,130k-140k,Technology
65,60-65,20**,110k-120k,Education
66,30-39,21**,70k-80k,Finance
67,20-29,20**,70k-80k,Medical
68,40-49,20**,90k-100k,Finance
69,50-59,20**,130k-140k,Technology
70,18-19,20**,70k-80k,Technology
71,40-49,21**,80k-90k,Business
72,40-49,20**,90k-100k,Technology
73,18-19,20**,70k-80k,Medical
74,30-39,22**,90k-100k,Medical
75,60-65,20**,100k-110k,Business
76,30-39,20**,80k-90k,Finance
77,60-65,20**,140k-150k,Management
78,20-29,21**,70k-80k,Technology
79,50-59,20**,110k-120k,Management
80,50-59,20**,110k-120k,Technology
81,50-59,22**,120k-130k,Technology
82,40-49,21**,100k-110k,Technology
83,50-59,20**,90k-100k,Business
84,40-49,21**,90k-100k,Business
85,30-39,20**,80k-90k,Finance
86,30-39,21**,70k-80k,Finance
87,60-65,21**,110k-120k,Finance
88,20-29,21**,70k-80k,Technology
89,20-29,21**,80k-90k,Technology
90,50-59,20**,100k-110k,Finance
91,20-29,21**,60k-70k,Finance
92,20-29,21**,70k-80k,Business
93,50-59,20**,130k-140k,Management
94,30-39,20**,90k-100k,Technology
95,20-29,22**,90k-100k,Technology
96,20-29,20**,80k-90k,Finance
97,30-39,20**,70k-80k,Education
98,50-59,20**,80k-90k,Business
99,20-29,20**,70k-80k,Medical
100,18-19,20**,60k-70k,Education
101,20-29,21**,70k-80k,Business
102,50-59,20**,90k-100k,Technology
103,60-65,21**,130k-140k,Technology
104,40-49,21**,70k-80k,Business
105,40-49,20**,110k-120k,Technology
106,40-49,21**,80k-90k,Technology
107,60-65,22**,90k-100k,Finance
108,40-49,21**,100k-110k,Management
109,30-39,20**,100k-110k,Technology
110,18-19,22**,80k-90k,Technology
111,40-49,20**,80k-90k,Finance
112,60-65,21**,120k-130k,Technology
113,40-49,20**,90k-100k,Finance
114,40-49,20**,80k-90k,Finance
115,18-19,21**,60k-70k,Finance
116,30-39,20**,100k-110k,Technology
117,50-59,21**,130k-140k,Management
118,30-39,20**,80k-90k,Technology
119,20-29,20**,50k-60k,Business
120,20-29,21**,60k-70k,Business
121,60-65,21**,110k-120k,Education
122,50-59,21**,120k-130k,Technology
123,30-39,20**,80k-90k,Finance
124,18-19,21**,80k-90k,Management
125,40-49,20**,90k-100k,Medical
126,50-59,22**,100k-110k,Education
127,60-65,21**,110k-120k,Finance
128,60-65,20**,110k-120k,Medical
129,60-65,21**,110k-120k,Finance
130,30-39,22**,80k-90k,Medical
131,60-65,21**,140k-150k,Technology
132,30-39,21**,80k-90k,Medical
133,30-39,20**,90k-100k,Finance
134,50-59,22**,90k-100k,Business
135,40-49,21**,80k-90k,Business
136,50-59,22**,80k-90k,Business
137,60-65,20**,130k-140k,Technology
138,60-65,20**,90k-100k,Business
139,30-39,20**,70k-80k,Finance
140,20-29,20**,70k-80k,Technology
141,40-49,20**,90k-100k,Business
142,40-49,20**,80k-90k,Business
143,40-49,20**,90k-100k,Medical
144,50-59,20**,100k-110k,Technology
145,30-39,22**,100k-110k,Technology
146,40-49,21**,90k-100k,Technology
147,20-29,20**,70k-80k,Business
148,60-65,21**,140k-150k,Management
149,30-39,21**,80k-90k,Business
150,40-49,21**,100k-110k,Management
151,60-65,21**,100k-110k,Business
152,30-39,21**,80k-90k,Finance
153,50-59,20**,100k-110k,Finance
154,20-29,20**,60k-70k,Finance
155,30-39,21**,70k-80k,Education
156,20-29,20**,90k-100k,Technology
157,60-65,22**,130k-140k,Technology
158,20-29,21**,70k-80k,Medical
159,50-59,21**,80k-90k,Business
160,30-39,21**,90k-100k,Medical
161,60-65,21**,100k-110k,Technology
162,40-49,21**,90k-100k,Technology
163,40-49,21**,100k-110k,Medical
164,50-59,21**,90k-100k,Finance
165,30-39,21**,70k-80k,Medical
166,40-49,22**,90k-100k,Education
167,60-65,21**,130k-140k,Technology
168,50-59,20**,130k-140k,Management
169,50-59,22**,80k-90k,Business
170,20-29,20**,80k-90k,Medical
171,20-29,20**,70k-80k,Technology
172,30-39,21**,80k-90k,Finance
173,30-39,20**,90k-100k,Medical
174,30-39,21**,80k-90k,Technology
175,60-65,20**,140k-150k,Management
176,30-39,22**,80k-90k,Technology
177,18-19,20**,60k-70k,Finance
178,50-59,20**,120k-130k,Technology
179,40-49,21**,110k-120k,Technology
180,40-49,21**,90k-100k,Finance
181,50-59,22**,90k-100k,Business
182,20-29,20**,80k-90k,Finance
183,18-19,21**,60k-70k,Finance
184,40-49,20**,90k-100k,Finance
185,60-65,20**,100k-110k,Finance
186,60-65,20**,110k-120k,Business
187,20-29,21**,70k-80k,Education
188,60-65,20**,110k-120k,Education
189,50-59,20**,110k-120k,Education
190,40-49,21**,110k-120k,Technology
191,50-59,22**,90k-100k,Business
192,40-49,22**,120k-130k,Technology
193,50-59,21**,120k-130k,Finance
194,40-49,21**,100k-110k,Business
195,30-39,20**,70k-80k,Education
196,30-39,20**,80k-90k,Business
197,50-59,22**,90k-100k,Business
198,30-39,21**,80k-90k,Technology
199,20-29,20**,70k-80k,Business
200,30-39,20**,90k-100k,Education
201,60-65,21**,100k-110k,Finance
202,50-59,20**,90k-100k,Finance
203,60-65,21**,120k-130k,Medical
204,30-39,22**,80k-90k,Business
205,40-49,20**,90k-100k,Technology
206,30-39,22**,80k-90k,Medical
207,30-39,21**,80k-90k,Business
208,50-59,21**,120k-130k,Management
209,60-65,20**,140k-150k,Management
210,60-65,20**,100k-110k,Business
211,30-39,20**,70k-80k,Finance
212,30-39,22**,110k-120k,Technology
213,60-65,20**,130k-140k,Technology
214,60-65,20**,110k-120k,Business
215,50-59,20**,80k-90k,Business
216,30-39,20**,80k-90k,Finance
217,20-29,20**,80k-90k,Finance
218,20-29,20**,60k-70k,Finance
219,50-59,22**,100k-110k,Finance
220,50-59,20**,90k-100k,Business
221,50-59,21**,110k-120k,Finance
222,40-49,20**,80k-90k,Education
223,30-39,20**,60k-70k,Business
224,40-49,20**,90k-100k,Business
225,50-59,20**,90k-100k,Technology
226,50-59,20**,100k-110k,Finance
227,20-29,21**,90k-100k,Management
228,50-59,20**,100k-110k,Business
229,40-49,21**,80k-90k,Business
230,50-59,20**,110k-120k,Medical
231,50-59,21**,90k-100k,Technology
232,30-39,20**,60k-70k,Finance
233,20-29,20**,70k-80k,Finance
234,20-29,20**,80k-90k,Technology
235,40-49,21**,80k-90k,Business
236,20-29,20**,60k-70k,Finance
237,60-65,20**,100k-110k,Business
238,30-39,22**,70k-80k,Business
239,40-49,21**,100k-110k,Technology
240,50-59,20**,130k-140k,Technology
241,20-29,20**,60k-70k,Technology
242,50-59,20**,100k-110k,Business
243,20-29,22**,60k-70k,Business
244,60-65,20**,120k-130k,Medical
245,50-59,21**,80k-90k,Business
246,50-59,21**,100k-110k,Technology
247,50-59,20**,100k-110k,Finance
248,30-39,21**,60k-70k,Business
249,60-65,21**,100k-110k,Finance
250,20-29,21**,70k-80k,Business
251,30-39,21**,100k-110k,Technology
252,50-59,20**,100k-110k,Business
253,40-49,20**,90k-100k,Medical
254,60-65,20**,130k-140k,Technology
255,40-49,20**,90k-100k,Business
256,50-59,21**,90k-100k,Technology
257,30-39,20**,80k-90k,Finance
258,40-49,20**,110k-120k,Management
259,40-49,20**,90k-100k,Medical
260,50-59,21**,100k-110k,Education
261,50-59,20**,90k-100k,Business
262,30-39,20**,100k-110k,Management
263,40-49,20**,80k-90k,Business
264,50-59,20**,90k-100k,Business
265,30-39,20**,110k-120k,Management
266,40-49,20**,100k-110k,Technology
267,40-49,22**,110k-120k,Technology
268,40-49,21**,100k-110k,Finance
269,40-49,21**,80k-90k,Business
270,40-49,20**,110k-120k,Management
271,30-39,21**,60k-70k,Business
272,20-29,21**,70k-80k,Finance
273,50-59,20**,100k-110k,Finance
274,60-65,21**,120k-130k,Finance
275,60-65,20**,100k-110k,Business
276,50-59,21**,90k-100k,Business
277,50-59,21**,120k-130k,Management
278,30-39,22**,70k-80k,Finance
279,50-59,20**,110k-120k,Medical
280,20-29,22**,70k-80k,Education
281,60-65,21**,110k-120k,Medical
282,40-49,20**,100k-110k,Technology
283,50-59,20**,100k-110k,Education
284,20-29,21**,80k-90k,Management
285,60-65,21**,130k-140k,Technology
286,20-29,20**,60k-70k,Business
287,50-59,22**,100k-110k,Medical
288,30-39,21**,100k-110k,Management
289,50-59,21**,90k-100k,Business
290,50-59,20**,120k-130k,Technology
291,30-39,21**,80k-90k,Technology
292,50-59,21**,120k-130k,Technology
293,60-65,20**,100k-110k,Finance
294,30-39,20**,80k-90k,Technology
295,40-49,20**,90k-100k,Medical
296,50-59,21**,100k-110k,Medical
297,20-29,20**,100k-110k,Technology
298,40-49,22**,80k-90k,Business
299,40-49,20**,80k-90k,Business
300,40-49,21**,90k-100k,Finance
301,60-65,21**,100k-110k,Technology
302,60-65,20**,120k-130k,Management
303,40-49,21**,90k-100k,Education
304,50-59,22**,110k-120k,Medical
305,40-49,20**,100k-110k,Finance
306,40-49,20**,110k-120k,Technology
307,50-59,21**,100k-110k,Education
308,60-65,20**,110k-120k,Finance
309,30-39,21**,70k-80k,Technology
310,50-59,20**,90k-100k,Business
311,50-59,20**,100k-110k,Education
312,50-59,22**,100k-110k,Finance
313,50-59,22**,120k-130k,Technology
314,30-39,20**,80k-90k,Business
315,40-49,20**,110k-120k,Technology
316,30-39,20**,80k-90k,Medical
317,20-29,21**,90k-100k,Management
318,50-59,20**,100k-110k,Finance
319,40-49,22**,100k-110k,Finance
320,20-29,20**,60k-70k,Business
321,30-39,21**,80k-90k,Medical
322,20-29,20**,70k-80k,Medical
323,50-59,21**,120k-130k,Technology
324,60-65,21**,110k-120k,Finance
325,50-59,20**,100k-110k,Education
326,40-49,21**,100k-110k,Technology
327,30-39,20**,70k-80k,Business
328,50-59,22**,100k-110k,Business
329,50-59,20**,100k-110k,Medical
330,20-29,20**,70k-80k,Technology
331,20-29,20**,90k-100k,Technology
332,20-29,21**,80k-90k,Medical
333,60-65,21**,140k-150k,Management
334,60-65,21**,130k-140k,Technology
335,40-49,21**,90k-100k,Business
336,20-29,20**,70k-80k,Education
337,40-49,21**,80k-90k,Finance
338,60-65,21**,110k-120k,Education
339,20-29,20**,70k-80k,Medical
340,20-29,20**,60k-70k,Business
341,50-59,20**,90k-100k,Business
342,30-39,20**,90k-100k,Finance
343,30-39,21**,80k-90k,Technology
344,50-59,20**,100k-110k,Finance
345,20-29,20**,60k-70k,Business
346,20-29,21**,90k-100k,Technology
347,20-29,22**,80k-90k,Technology
348,20-29,21**,70k-80k,Technology
349,50-59,20**,100k-110k,Education
350,30-39,20**,80k-90k,Technology
351,50-59,22**,110k-120k,Technology
352,40-49,21**,90k-100k,Business
353,50-59,21**,130k-140k,Technology
354,30-39,20**,70k-80k,Business
355,30-39,22**,70k-80k,Business
356,20-29,21**,60k-70k,Business
357,60-65,21**,130k-140k,Technology
358,20-29,20**,90k-100k,Technology
359,20-29,20**,80k-90k,Technology
360,50-59,21**,100k-110k,Business
361,40-49,21**,80k-90k,Business
362,40-49,21**,120k-130k,Management
363,20-29,22**,90k-100k,Technology
364,60-65,21**,110k-120k,Finance
365,30-39,20**,80k-90k,Medical
366,40-49,22**,80k-90k,Medical
367,30-39,20**,80k-90k,Medical
368,40-49,22**,110k-120k,Technology
369,20-29,20**,70k-80k,Technology
370,40-49,22**,110k-120k,Technology
371,20-29,20**,90k-100k,Management
372,50-59,20**,110k-120k,Management
373,40-49,22**,90k-100k,Education
374,60-65,20**,110k-120k,Technology
375,30-39,20**,90k-100k,Education
376,50-59,20**,90k-100k,Finance
377,30-39,21**,100k-110k,Technology
378,40-49,20**,110k-120k,Technology
379,30-39,21**,90k-100k,Medical
380,18-19,22**,50k-60k,Business
381,18-19,20**,80k-90k,Technology
382,30-39,20**,80k-90k,Education
383,20-29,22**,60k-70k,Business
384,20-29,22**,80k-90k,Technology
385,20-29,20**,80k-90k,Management
386,40-49,20**,80k-90k,Business
387,40-49,22**,90k-100k,Finance
388,50-59,20**,80k-90k,Business
389,20-29,21**,80k-90k,Technology
390,60-65,20**,130k-140k,Technology
391,60-65,21**,120k-130k,Medical
392,40-49,20**,90k-100k,Medical
393,50-59,21**,120k-130k,Technology
394,20-29,22**,80k-90k,Finance
395,40-49,22**,110k-120k,Management
396,20-29,21**,70k-80k,Finance
397,20-29,20**,60k-70k,Technology
398,30-39,20**,90k-100k,Technology
399,30-39,20**,100k-110k,Technology
400,60-65,20**,110k-120k,Medical
401,40-49,22**,100k-110k,Management
402,50-59,22**,120k-130k,Management
403,20-29,22**,70k-80k,Medical
404,40-49,21**,80k-90k,Technology
405,30-39,21**,80k-90k,Business
406,40-49,20**,90k-100k,Medical
407,40-49,20**,80k-90k,Technology
408,50-59,22**,100k-110k,Business
409,20-29,20**,70k-80k,Medical
410,40-49,21**,90k-100k,Business
411,20-29,20**,70k-80k,Medical
412,30-39,20**,70k-80k,Education
413,50-59,21**,120k-130k,Technology
414,30-39,21**,70k-80k,Education
415,30-39,20**,90k-100k,Technology
416,30-39,21**,90k-100k,Technology
417,50-59,20**,130k-140k,Technology
418,40-49,21**,90k-100k,Business
419,60-65,22**,100k-110k,Business
420,50-59,20**,110k-120k,Education
421,20-29,21**,60k-70k,Business
422,30-39,20**,70k-80k,Business
423,50-59,20**,120k-130k,Technology
424,40-49,20**,90k-100k,Technology
425,30-39,22**,90k-100k,Technology
426,50-59,21**,100k-110k,Business
427,40-49,21**,80k-90k,Business
428,40-49,22**,80k-90k,Business
429,30-39,21**,80k-90k,Business
430,20-29,21**,60k-70k,Technology
431,30-39,21**,90k-100k,Technology
432,20-29,22**,60k-70k,Finance
433,40-49,21**,120k-130k,Management
434,20-29,21**,70k-80k,Education
435,40-49,20**,100k-110k,Medical
436,20-29,20**,60k-70k,Education
437,20-29,22**,90k-100k,Management
438,30-39,22**,90k-100k,Finance
439,20-29,20**,80k-90k,Education
440,60-65,21**,130k-140k,Technology
441,50-59,20**,120k-130k,Medical
442,60-65,20**,140k-150k,Technology
443,40-49,20**,90k-100k,Education
444,20-29,21**,70k-80k,Medical
445,18-19,20**,60k-70k,Education
446,30-39,21**,70k-80k,Education
447,30-39,20**,90k-100k,Technology
448,30-39,21**,100k-110k,Technology
449,60-65,20**,140k-150k,Management
450,50-59,21**,130k-140k,Technology
451,20-29,20**,80k-90k,Technology
452,60-65,20**,110k-120k,Business
453,40-49,21**,80k-90k,Finance
454,60-65,20**,110k-120k,Business
455,30-39,21**,70k-80k,Finance
456,40-49,21**,80k-90k,Business
457,30-39,21**,90k-100k,Medical
458,40-49,20**,120k-130k,Technology
459,20-29,20**,80k-90k,Finance
460,40-49,20**,110k-120k,Management
461,20-29,20**,60k-70k,Finance
462,30-39,21**,70k-80k,Business
463,40-49,20**,110k-120k,Technology
464,40-49,21**,70k-80k,Technology
465,40-49,21**,100k-110k,Management
466,40-49,21**,100k-110k,Technology
467,18-19,20**,60k-70k,Education
468,20-29,20**,90k-100k,Technology
469,40-49,22**,120k-130k,Technology
470,40-49,20**,80k-90k,Business
471,18-19,20**,60k-70k,Finance
472,50-59,21**,90k-100k,Business
473,20-29,20**,70k-80k,Finance
474,20-29,20**,70k-80k,Technology
475,50-59,21**,90k-100k,Business
476,20-29,21**,70k-80k,Business
477,18-19,21**,80k-90k,Management
478,60-65,20**,140k-150k,Technology
479,18-19,21**,50k-60k,Business
480,50-59,20**,100k-110k,Medical
481,50-59,20**,100k-110k,Education
482,50-59,21**,130k-140k,Management
483,18-19,21**,70k-80k,Medical
484,50-59,21**,110k-120k,Medical
485,60-65,21**,100k-110k,Technology
486,40-49,22**,70k-80k,Finance
487,50-59,20**,90k-100k,Education
488,40-49,20**,100k-110k,Management
489,60-65,22**,110k-120k,Business
490,50-59,20**,120k-130k,Technology
491,60-65,20**,100k-110k,Business
492,30-39,20**,60k-70k,Technology
493,30-39,21**,90k-100k,Finance
494,50-59,20**,80k-90k,Business
495,50-59,20**,100k-110k,Finance
496,20-29,20**,60k-70k,Education
497,40-49,21**,90k-100k,Medical
498,40-49,20**,90k-100k,Education
499,60-65,21**,110k-120k,Business
500,30-39,22**,100k-110k,Technology
501,20-29,21**,70k-80k,Medical
502,50-59,20**,90k-100k,Finance
503,20-29,22**,70k-80k,Education
504,30-39,21**,80k-90k,Business
505,20-29,21**,70k-80k,Business
506,20-29,21**,70k-80k,Education
507,30-39,20**,80k-90k,Technology
508,40-49,22**,100k-110k,Management
509,18-19,21**,80k-90k,Technology
510,20-29,20**,80k-90k,Technology
511,50-59,21**,110k-120k,Education
512,50-59,21**,90k-100k,Technology
513,60-65,21**,100k-110k,Business
514,40-49,21**,100k-110k,Technology
515,50-59,21**,100k-110k,Education
516,50-59,20**,100k-110k,Finance
517,18-19,21**,80k-90k,Technology
518,40-49,20**,100k-110k,Management
519,30-39,20**,70k-80k,Business
520,60-65,20**,100k-110k,Business
521,20-29,21**,80k-90k,Technology
522,60-65,20**,100k-110k,Business
523,60-65,22**,100k-110k,Education
524,50-59,20**,120k-130k,Management
525,20-29,21**,100k-110k,Technology
526,30-39,20**,80k-90k,Technology
527,30-39,20**,70k-80k,Business
528,50-59,21**,100k-110k,Business
529,50-59,21**,120k-130k,Technology
530,20-29,21**,70k-80k,Finance
531,50-59,21**,110k-120k,Medical
532,20-29,20**,80k-90k,Technology
533,40-49,22**,90k-100k,Business
534,40-49,21**,110k-120k,Technology
535,20-29,21**,100k-110k,Technology
536,20-29,21**,70k-80k,Technology
537,30-39,20**,100k-110k,Technology
538,60-65,21**,110k-120k,Finance
539,30-39,20**,90k-100k,Technology
540,50-59,20**,120k-130k,Management
541,50-59,21**,110k-120k,Finance
542,20-29,22**,80k-90k,Management
543,50-59,20**,90k-100k,Business
544,60-65,22**,110k-120k,Business
545,30-39,20**,70k-80k,Business
546,20-29,22**,70k-80k,Technology
547,30-39,21**,80k-90k,Finance
548,50-59,21**,110k-120k,Technology
549,30-39,21**,80k-90k,Finance
550,60-65,20**,120k-130k,Medical
551,20-29,20**,70k-80k,Technology
552,40-49,21**,80k-90k,Business
553,30-39,20**,70k-80k,Business
554,60-65,22**,110k-120k,Education
555,40-49,21**,120k-130k,Technology
556,50-59,20**,120k-130k,Technology
557,40-49,20**,110k-120k,Technology
558,30-39,20**,90k-100k,Technology
559,30-39,21**,90k-100k,Medical
560,30-39,20**,100k-110k,Technology
561,60-65,20**,100k-110k,Education
562,40-49,21**,120k-130k,Management
563,30-39,20**,70k-80k,Business
564,40-49,21**,100k-110k,Management
565,30-39,21**,60k-70k,Business
566,20-29,21**,70k-80k,Finance
567,50-59,20**,110k-120k,Business
568,18-19,21**,70k-80k,Technology
569,30-39,21**,80k-90k,Education
570,20-29,20**,80k-90k,Medical
571,50-59,21**,100k-110k,Finance
572,30-39,21**,100k-110k,Technology
573,40-49,20**,100k-110k,Management
574,20-29,21**,80k-90k,Technology
575,30-39,21**,100k-110k,Management
576,30-39,21**,70k-80k,Business
577,50-59,20**,80k-90k,Technology
578,20-29,21**,80k-90k,Education
579,40-49,21**,120k-130k,Technology
580,20-29,21**,70k-80k,Education
581,20-29,21**,80k-90k,Medical
582,50-59,21**,110k-120k,Education
583,50-59,22**,100k-110k,Business
584,30-39,20**,80k-90k,Business
585,30-39,21**,110k-120k,Technology
586,30-39,21**,80k-90k,Technology
587,30-39,21**,70k-80k,Business
588,60-65,21**,110k-120k,Technology
589,20-29,22**,90k-100k,Management
590,20-29,20**,70k-80k,Finance
591,60-65,20**,120k-130k,Technology
592,40-49,21**,80k-90k,Education
593,40-49,21**,90k-100k,Finance
594,50-59,22**,90k-100k,Business
595,60-65,21**,130k-140k,Technology
596,50-59,22**,100k-110k,Education
597,50-59,20**,100k-110k,Medical
598,40-49,20**,120k-130k,Management
599,40-49,21**,90k-100k,Finance
600,30-39,20**,80k-90k,Finance
601,30-39,20**,70k-80k,Finance
602,60-65,22**,110k-120k,Finance
603,30-39,21**,80k-90k,Business
604,60-65,20**,110k-120k,Finance
605,50-59,21**,120k-130k,Management
606,40-49,20**,100k-110k,Technology
607,30-39,21**,100k-110k,Technology
608,50-59,22**,110k-120k,Finance
609,30-39,21**,70k-80k,Finance
610,50-59,20**,90k-100k,Finance
611,50-59,20**,90k-100k,Business
612,20-29,20**,80k-90k,Management
613,20-29,21**,70k-80k,Technology
614,60-65,20**,100k-110k,Business
615,18-19,20**,80k-90k,Management
616,50-59,21**,100k-110k,Business
617,30-39,20**,70k-80k,Education
618,20-29,20**,60k-70k,Business
619,60-65,20**,110k-120k,Technology
620,20-29,21**,80k-90k,Technology
621,20-29,20**,60k-70k,Finance
622,30-39,21**,70k-80k,Business
623,30-39,21**,90k-100k,Finance
624,50-59,20**,100k-110k,Business
625,40-49,20**,90k-100k,Finance
626,30-39,22**,110k-120k,Technology
627,50-59,22**,100k-110k,Finance
628,18-19,20**,70k-80k,Education
629,60-65,20**,100k-110k,Finance
630,40-49,20**,100k-110k,Management
631,40-49,20**,100k-110k,Technology
632,40-49,20**,80k-90k,Education
633,30-39,20**,90k-100k,Medical
634,30-39,20**,90k-100k,Education
635,60-65,20**,100k-110k,Business
636,50-59,22**,100k-110k,Education
637,20-29,21**,70k-80k,Technology
638,20-29,22**,80k-90k,Medical
639,60-65,22**,110k-120k,Finance
640,50-59,21**,100k-110k,Finance
641,30-39,21**,90k-100k,Technology
642,40-49,21**,90k-100k,Business
643,60-65,21**,140k-150k,Management
644,60-65,20**,110k-120k,Finance
645,20-29,21**,90k-100k,Management
646,60-65,20**,110k-120k,Education
647,20-29,21**,70k-80k,Technology
648,30-39,21**,60k-70k,Business
649,20-29,21**,80k-90k,Education
650,20-29,22**,70k-80k,Finance
651,40-49,21**,120k-130k,Technology
652,20-29,20**,70k-80k,Business
653,40-49,21**,70k-80k,Business
654,50-59,22**,90k-100k,Business
655,60-65,21**,100k-110k,Technology
656,18-19,21**,60k-70k,Finance
657,20-29,21**,70k-80k,Medical
658,50-59,20**,100k-110k,Technology
659,20-29,21**,60k-70k,Finance
660,20-29,21**,80k-90k,Medical
661,40-49,21**,90k-100k,Medical
662,60-65,20**,130k-140k,Management
663,20-29,21**,90k-100k,Technology
664,50-59,22**,120k-130k,Technology
665,18-19,20**,70k-80k,Technology
666,60-65,21**,140k-150k,Management
667,40-49,20**,90k-100k,Finance
668,40-49,20**,100k-110k,Technology
669,60-65,20**,140k-150k,Technology
670,50-59,20**,90k-100k,Technology
671,20-29,21**,70k-80k,Technology
672,40-49,22**,70k-80k,Business
673,30-39,21**,80k-90k,Technology
674,30-39,20**,80k-90k,Management
675,20-29,20**,80k-90k,Management
676,60-65,20**,110k-120k,Business
677,50-59,20**,100k-110k,Education
678,20-29,20**,90k-100k,Management
679,30-39,20**,90k-100k,Finance
680,50-59,22**,130k-140k,Technology
681,50-59,20**,90k-100k,Business
682,50-59,21**,110k-120k,Medical
683,60-65,21**,110k-120k,Medical
684,30-39,20**,90k-100k,Medical
685,40-49,20**,90k-100k,Finance
686,60-65,21**,130k-140k,Technology
687,50-59,21**,110k-120k,Medical
688,50-59,21**,120k-130k,Technology
689,30-39,20**,60k-70k,Finance
690,40-49,20**,100k-110k,Education
691,60-65,20**,100k-110k,Finance
692,40-49,21**,70k-80k,Business
693,20-29,21**,70k-80k,Finance
694,30-39,20**,70k-80k,Business
695,30-39,20**,70k-80k,Technology
696,60-65,22**,140k-150k,Technology
697,30-39,22**,60k-70k,Business
698,40-49,21**,80k-90k,Finance
699,30-39,21**,90k-100k,Medical
700,50-59,20**,100k-110k,Education
701,40-49,21**,110k-120k,Management
702,20-29,20**,60k-70k,Business
703,40-49,21**,80k-90k,Education
704,50-59,22**,90k-100k,Finance
705,18-19,21**,70k-80k,Finance
706,50-59,20**,100k-110k,Medical
707,30-39,20**,80k-90k,Education
708,50-59,21**,100k-110k,Finance
709,50-59,20**,110k-120k,Education
710,60-65,21**,100k-110k,Business
711,60-65,20**,100k-110k,Education
712,60-65,21**,130k-140k,Management
713,50-59,21**,80k-90k,Technology
714,20-29,20**,70k-80k,Technology
715,20-29,20**,60k-70k,Finance
716,18-19,21**,60k-70k,Finance
717,40-49,21**,90k-100k,Technology
718,60-65,20**,90k-100k,Business
719,50-59,21**,110k-120k,Management
720,18-19,22**,80k-90k,Management
721,50-59,20**,110k-120k,Finance
722,60-65,20**,110k-120k,Medical
723,20-29,20**,80k-90k,Management
724,30-39,21**,60k-70k,Business
725,40-49,21**,80k-90k,Finance
726,40-49,21**,100k-110k,Medical
727,30-39,20**,60k-70k,Finance
728,50-59,20**,100k-110k,Technology
729,40-49,21**,100k-110k,Medical
730,20-29,22**,60k-70k,Technology
731,20-29,21**,60k-70k,Business
732,50-59,21**,110k-120k,Technology
733,30-39,22**,80k-90k,Finance
734,40-49,20**,90k-100k,Finance
735,60-65,21**,120k-130k,Finance
736,60-65,20**,100k-110k,Technology
737,18-19,21**,60k-70k,Finance
738,60-65,20**,110k-120k,Medical
739,20-29,20**,70k-80k,Business
740,40-49,20**,110k-120k,Management
741,60-65,22**,130k-140k,Technology
742,50-59,20**,90k-100k,Education
743,40-49,20**,80k-90k,Finance
744,50-59,21**,100k-110k,Business
745,30-39,22**,80k-90k,Technology
746,40-49,20**,90k-100k,Business
747,50-59,21**,100k-110k,Medical
748,60-65,22**,100k-110k,Business
749,20-29,20**,50k-60k,Business
750,60-65,20**,130k-140k,Technology
751,20-29,22**,70k-80k,Medical
752,60-65,20**,120k-130k,Medical
753,20-29,20**,80k-90k,Technology
754,40-49,20**,80k-90k,Education
755,20-29,20**,90k-100k,Technology
756,40-49,21**,120k-130k,Management
757,40-49,20**,100k-110k,Technology
758,40-49,20**,110k-120k,Management
759,50-59,21**,90k-100k,Education
760,30-39,21**,80k-90k,Medical
761,60-65,20**,140k-150k,Management
762,50-59,22**,120k-130k,Technology
763,20-29,20**,90k-100k,Technology
764,30-39,20**,70k-80k,Business
765,20-29,20**,80k-90k,Medical
766,30-39,20**,80k-90k,Business
767,30-39,22**,80k-90k,Finance
768,50-59,20**,100k-110k,Business
769,20-29,20**,80k-90k,Technology
770,40-49,21**,90k-100k,Education
771,30-39,20**,80k-90k,Business
772,50-59,20**,100k-110k,Business
773,30-39,22**,70k-80k,Business
774,40-49,20**,90k-100k,Education
775,30-39,22**,90k-100k,Finance
776,50-59,20**,100k-110k,Finance
777,30-39,21**,80k-90k,Medical
778,50-59,21**,100k-110k,Finance
779,20-29,20**,90k-100k,Management
780,60-65,21**,100k-110k,Finance
781,60-65,21**,140k-150k,Technology
782,20-29,20**,70k-80k,Finance
783,60-65,22**,140k-150k,Technology
784,40-49,21**,110k-120k,Technology
785,40-49,21**,90k-100k,Business
786,50-59,21**,90k-100k,Medical
787,40-49,21**,100k-110k,Management
788,20-29,22**,60k-70k,Finance
789,20-29,20**,70k-80k,Business
790,50-59,20**,110k-120k,Medical
791,20-29,20**,60k-70k,Technology
792,30-39,22**,100k-110k,Management
793,50-59,22**,100k-110k,Business
794,30-39,21**,70k-80k,Business
795,40-49,22**,90k-100k,Business
796,20-29,20**,80k-90k,Education
797,20-29,21**,60k-70k,Finance
798,20-29,21**,80k-90k,Technology
799,30-39,20**,80k-90k,Business
800,40-49,21**,90k-100k,Education
801,40-49,20**,80k-90k,Business
802,30-39,22**,70k-80k,Technology
803,18-19,22**,60k-70k,Education
804,60-65,22**,130k-140k,Technology
805,50-59,21**,120k-130k,Technology
806,30-39,21**,110k-120k,Management
807,30-39,22**,80k-90k,Medical
808,20-29,21**,70k-80k,Medical
809,60-65,20**,110k-120k,Business
810,50-59,21**,90k-100k,Medical
811,60-65,20**,100k-110k,Finance
812,60-65,21**,130k-140k,Technology
813,50-59,21**,120k-130k,Technology
814,30-39,20**,70k-80k,Business
815,60-65,21**,100k-110k,Business
816,50-59,21**,110k-120k,Medical
817,50-59,21**,120k-130k,Technology
818,40-49,20**,80k-90k,Business
819,50-59,20**,90k-100k,Business
820,30-39,20**,100k-110k,Technology
821,20-29,21**,80k-90k,Technology
822,50-59,21**,110k-120k,Medical
823,20-29,21**,60k-70k,Business
824,20-29,22**,70k-80k,Business
825,60-65,21**,130k-140k,Technology
826,40-49,20**,90k-100k,Finance
827,30-39,21**,70k-80k,Business
828,40-49,21**,80k-90k,Technology
829,30-39,21**,80k-90k,Medical
830,50-59,21**,100k-110k,Business
831,40-49,21**,80k-90k,Business
832,20-29,20**,50k-60k,Business
833,30-39,20**,70k-80k,Technology
834,50-59,20**,100k-110k,Finance
835,50-59,21**,100k-110k,Business
836,20-29,20**,60k-70k,Business
837,50-59,21**,90k-100k,Education
838,60-65,21**,100k-110k,Business
839,40-49,22**,110k-120k,Technology
840,30-39,21**,80k-90k,Technology
841,40-49,21**,90k-100k,Technology
842,30-39,22**,80k-90k,Finance
843,60-65,22**,110k-120k,Education
844,50-59,20**,100k-110k,Medical
845,30-39,20**,80k-90k,Finance
846,40-49,20**,110k-120k,Management
847,50-59,20**,120k-130k,Technology
848,30-39,20**,80k-90k,Business
849,60-65,20**,130k-140k,Technology
850,20-29,22**,60k-70k,Finance
851,60-65,20**,130k-140k,Technology
852,60-65,20**,110k-120k,Education
853,40-49,21**,120k-130k,Technology
854,50-59,21**,110k-120k,Medical
855,20-29,21**,80k-90k,Technology
856,60-65,22**,120k-130k,Finance
857,40-49,20**,90k-100k,Business
858,18-19,22**,80k-90k,Technology
859,50-59,20**,110k-120k,Education
860,40-49,21**,80k-90k,Finance
861,40-49,20**,100k-110k,Finance
862,30-39,21**,100k-110k,Management
863,50-59,20**,80k-90k,Business
864,20-29,22**,80k-90k,Technology
865,18-19,20**,80k-90k,Technology
866,40-49,21**,80k-90k,Technology
867,60-65,22**,140k-150k,Technology
868,20-29,20**,70k-80k,Finance
869,30-39,21**,90k-100k,Technology
870,20-29,22**,70k-80k,Medical
871,60-65,21**,100k-110k,Finance
872,60-65,20**,130k-140k,Technology
873,40-49,20**,120k-130k,Technology
874,30-39,22**,100k-110k,Management
875,18-19,22**,60k-70k,Technology
876,20-29,22**,70k-80k,Medical
877,40-49,20**,110k-120k,Technology
878,20-29,20**,80k-90k,Technology
879,40-49,20**,90k-100k,Finance
880,20-29,20**,90k-100k,Technology
881,50-59,21**,90k-100k,Technology
882,40-49,22**,90k-100k,Education
883,50-59,21**,130k-140k,Technology
884,30-39,20**,80k-90k,Technology
885,20-29,22**,60k-70k,Business
886,40-49,20**,80k-90k,Medical
887,30-39,22**,70k-80k,Finance
888,30-39,21**,100k-110k,Management
889,60-65,20**,90k-100k,Business
890,60-65,20**,120k-130k,Finance
891,50-59,20**,130k-140k,Management
892,30-39,20**,80k-90k,Technology
893,40-49,20**,110k-120k,Technology
894,50-59,20**,100k-110k,Business
895,18-19,20**,60k-70k,Education
896,40-49,21**,80k-90k,Business
897,50-59,21**,110k-120k,Technology
898,18-19,20**,50k-60k,Business
899,30-39,20**,60k-70k,Finance
900,40-49,20**,110k-120k,Management
901,40-49,22**,100k-110k,Medical
902,20-29,21**,80k-90k,Management
903,30-39,20**,90k-100k,Technology
904,50-59,20**,100k-110k,Finance
905,30-39,21**,80k-90k,Medical
906,30-39,22**,80k-90k,Medical
907,20-29,20**,60k-70k,Finance
908,20-29,21**,70k-80k,Business
909,20-29,22**,60k-70k,Finance
910,20-29,22**,60k-70k,Technology
911,60-65,20**,110k-120k,Technology
912,40-49,21**,100k-110k,Management
913,20-29,20**,70k-80k,Education
914,60-65,20**,130k-140k,Technology
915,40-49,21**,80k-90k,Finance
916,30-39,22**,60k-70k,Business
917,40-49,21**,90k-100k,Business
918,20-29,21**,60k-70k,Business
919,40-49,20**,100k-110k,Technology
920,50-59,20**,130k-140k,Technology
921,18-19,20**,60k-70k,Technology
922,20-29,21**,60k-70k,Business
923,20-29,20**,100k-110k,Technology
924,60-65,20**,110k-120k,Medical
925,30-39,22**,80k-90k,Medical
926,30-39,21**,100k-110k,Technology
927,20-29,22**,80k-90k,Management
928,20-29,21**,60k-70k,Finance
929,40-49,21**,100k-110k,Technology
930,30-39,20**,90k-100k,Education
931,40-49,21**,80k-90k,Technology
932,30-39,20**,70k-80k,Business
933,40-49,21**,100k-110k,Education
934,30-39,20**,90k-100k,Management
935,18-19,20**,70k-80k,Medical
936,50-59,22**,90k-100k,Education
937,30-39,22**,80k-90k,Technology
938,60-65,20**,110k-120k,Finance
939,50-59,21**,100k-110k,Finance
940,20-29,22**,80k-90k,Technology
941,20-29,20**,70k-80k,Technology
942,40-49,21**,80k-90k,Education
943,50-59,21**,120k-130k,Technology
944,50-59,20**,120k-130k,Medical
945,50-59,21**,90k-100k,Technology
946,30-39,20**,80k-90k,Finance
947,40-49,20**,90k-100k,Education
948,30-39,20**,70k-80k,Finance
949,20-29,20**,50k-60k,Business
950,20-29,21**,90k-100k,Technology
951,30-39,20**,90k-100k,Medical
952,40-49,21**,80k-90k,Finance
953,40-49,20**,90k-100k,Finance
954,20-29,22**,80k-90k,Finance
955,20-29,20**,60k-70k,Finance
956,20-29,21**,60k-70k,Finance
957,50-59,22**,90k-100k,Technology
958,30-39,20**,100k-110k,Technology
959,40-49,22**,120k-130k,Management
960,30-39,21**,80k-90k,Technology
961,20-29,20**,70k-80k,Technology
962,30-39,20**,100k-110k,Technology
963,40-49,21**,110k-120k,Technology
964,30-39,20**,80k-90k,Technology
965,30-39,20**,60k-70k,Business
966,30-39,20**,100k-110k,Technology
967,20-29,21**,80k-90k,Technology
968,60-65,21**,100k-110k,Medical
969,40-49,20**,90k-100k,Medical
970,30-39,20**,90k-100k,Technology
971,40-49,20**,110k-120k,Technology
972,50-59,21**,110k-120k,Finance
973,50-59,20**,90k-100k,Business
974,30-39,20**,90k-100k,Medical
975,30-39,20**,100k-110k,Management
976,18-19,22**,70k-80k,Medical
977,40-49,21**,110k-120k,Management
978,50-59,20**,120k-130k,Management
979,30-39,20**,100k-110k,Technology
980,50-59,20**,90k-100k,Finance
981,20-29,21**,60k-70k,Business
982,50-59,20**,90k-100k,Finance
983,30-39,20**,80k-90k,Finance
984,60-65,20**,110k-120k,Technology
985,40-49,20**,80k-90k,Education
986,30-39,20**,70k-80k,Business
987,50-59,22**,100k-110k,Technology
988,50-59,20**,100k-110k,Business
989,30-39,21**,70k-80k,Business
990,20-29,20**,60k-70k,Business
991,20-29,21**,60k-70k,Finance
992,18-19,21**,80k-90k,Management
993,30-39,20**,70k-80k,Business
994,30-39,20**,100k-110k,Technology
995,18-19,21**,80k-90k,Technology
996,20-29,21**,80k-90k,Management
997,40-49,21**,80k-90k,Medical
998,30-39,20**,80k-90k,Finance
999,20-29,22**,80k-90k,Medical
1000,50-59,20**,110k-120k,Education
1001,60-65,21**,100k-110k,Business
1002,60-65,20**,100k-110k,Business
1003,30-39,20**,80k-90k,Finance
1004,60-65,22**,110k-120k,Technology
1005,40-49,20**,80k-90k,Business
1006,50-59,21**,100k-110k,Education
1007,50-59,20**,100k-110k,Business
1008,20-29,22**,60k-70k,Education
1009,30-39,20**,70k-80k,Education
1010,50-59,22**,130k-140k,Technology
1011,40-49,20**,80k-90k,Technology
1012,30-39,21**,90k-100k,Technology
1013,20-29,20**,70k-80k,Technology
1014,40-49,20**,100k-110k,Medical
1015,40-49,21**,110k-120k,Medical
1016,40-49,21**,110k-120k,Technology
1017,50-59,20**,100k-110k,Finance
1018,20-29,20**,60k-70k,Technology
1019,30-39,20**,80k-90k,Finance
1020,30-39,21**,100k-110k,Technology
1021,60-65,21**,130k-140k,Technology
1022,30-39,21**,80k-90k,Business
1023,60-65,21**,100k-110k,Technology
1024,50-59,20**,100k-110k,Medical
1025,20-29,20**,60k-70k,Education
1026,40-49,22**,120k-130k,Management
1027,30-39,20**,80k-90k,Finance
1028,20-29,21**,70k-80k,Technology
1029,50-59,20**,80k-90k,Business
1030,40-49,21**,70k-80k,Technology
1031,30-39,21**,70k-80k,Business
1032,20-29,20**,60k-70k,Technology
1033,50-59,20**,110k-120k,Finance
1034,20-29,21**,70k-80k,Finance
1035,40-49,20**,100k-110k,Finance
1036,40-49,21**,110k-120k,Technology
1037,40-49,21**,100k-110k,Technology
1038,30-39,21**,70k-80k,Business
1039,30-39,21**,70k-80k,Finance
1040,20-29,20**,80k-90k,Technology
1041,50-59,21**,100k-110k,Medical
1042,50-59,21**,100k-110k,Technology
1043,40-49,22**,110k-120k,Management
1044,50-59,21**,90k-100k,Finance
1045,20-29,22**,70k-80k,Medical
1046,50-59,21**,100k-110k,Business
1047,60-65,20**,90k-100k,Business
1048,40-49,20**,110k-120k,Technology
1049,30-39,20**,100k-110k,Technology
1050,20-29,20**,70k-80k,Medical
1051,50-59,20**,100k-110k,Finance
1052,20-29,21**,70k-80k,Medical
1053,50-59,20**,100k-110k,Education
1054,40-49,22**,100k-110k,Technology
1055,50-59,20**,100k-110k,Medical
1056,20-29,21**,100k-110k,Technology
1057,50-59,20**,130k-140k,Technology
1058,20-29,21**,70k-80k,Finance
1059,40-49,21**,100k-110k,Finance
1060,50-59,21**,80k-90k,Business
1061,20-29,21**,70k-80k,Finance
1062,50-59,22**,100k-110k,Business
1063,20-29,20**,70k-80k,Medical
1064,20-29,20**,60k-70k,Business
1065,18-19,20**,60k-70k,Education
1066,30-39,22**,70k-80k,Business
1067,30-39,20**,100k-110k,Technology
1068,30-39,22**,90k-100k,Finance
1069,50-59,20**,130k-140k,Technology
1070,30-39,22**,80k-90k,Medical
1071,50-59,20**,100k-110k,Education
1072,20-29,20**,90k-100k,Technology
1073,40-49,21**,120k-130k,Technology
1074,18-19,20**,80k-90k,Technology
1075,20-29,20**,60k-70k,Finance
1076,20-29,22**,60k-70k,Education
1077,30-39,21**,80k-90k,Education
1078,40-49,22**,100k-110k,Technology
1079,30-39,21**,90k-100k,Education
1080,40-49,21**,120k-130k,Technology
1081,50-59,21**,90k-100k,Education
1082,30-39,20**,80k-90k,Technology
1083,40-49,20**,90k-100k,Technology
1084,30-39,22**,70k-80k,Finance
1085,60-65,20**,100k-110k,Finance
1086,50-59,22**,80k-90k,Technology
1087,40-49,22**,110k-120k,Technology
1088,50-59,20**,90k-100k,Technology
1089,50-59,22**,100k-110k,Finance
1090,40-49,21**,100k-110k,Medical
1091,30-39,21**,70k-80k,Finance
1092,60-65,21**,130k-140k,Management
1093,50-59,20**,130k-140k,Technology
1094,60-65,21**,110k-120k,Education
1095,50-59,20**,100k-110k,Finance
1096,40-49,20**,110k-120k,Technology
1097,50-59,20**,100k-110k,Education
1098,50-59,20**,100k-110k,Finance
1099,50-59,20**,100k-110k,Finance
1100,40-49,22**,80k-90k,Education
1101,60-65,22**,110k-120k,Technology
1102,30-39,21**,80k-90k,Finance
1103,40-49,21**,90k-100k,Technology
1104,30-39,22**,70k-80k,Education
1105,60-65,22**,140k-150k,Management
1106,60-65,21**,100k-110k,Education
1107,20-29,20**,90k-100k,Management
1108,20-29,20**,60k-70k,Business
1109,60-65,20**,130k-140k,Management
1110,50-59,20**,130k-140k,Technology
1111,30-39,21**,80k-90k,Finance
1112,40-49,21**,90k-100k,Finance
1113,40-49,21**,100k-110k,Technology
1114,50-59,21**,90k-100k,Business
1115,40-49,21**,80k-90k,Finance
1116,60-65,21**,110k-120k,Medical
1117,40-49,20**,80k-90k,Technology
1118,30-39,21**,80k-90k,Education
1119,40-49,20**,110k-120k,Technology
1120,20-29,20**,60k-70k,Business
1121,30-39,20**,80k-90k,Technology
1122,30-39,20**,80k-90k,Finance
1123,20-29,20**,60k-70k,Business
1124,50-59,22**,110k-120k,Medical
1125,40-49,21**,90k-100k,Medical
1126,18-19,21**,60k-70k,Technology
1127,60-65,20**,110k-120k,Education
1128,50-59,20**,80k-90k,Finance
1129,50-59,20**,100k-110k,Finance
1130,30-39,20**,100k-110k,Technology
1131,50-59,20**,80k-90k,Business
1132,20-29,20**,60k-70k,Technology
1133,40-49,21**,120k-130k,Management
1134,30-39,22**,80k-90k,Medical
1135,30-39,21**,70k-80k,Business
1136,20-29,20**,70k-80k,Medical
1137,30-39,20**,90k-100k,Technology
1138,50-59,20**,120k-130k,Management
1139,40-49,21**,80k-90k,Technology
1140,50-59,20**,100k-110k,Business
1141,20-29,22**,70k-80k,Technology
1142,20-29,21**,80k-90k,Technology
1143,40-49,21**,100k-110k,Technology
1144,40-49,20**,110k-120k,Technology
1145,30-39,22**,80k-90k,Medical
1146,60-65,20**,140k-150k,Management
1147,60-65,21**,130k-140k,Technology
1148,50-59,20**,90k-100k,Business
1149,20-29,21**,80k-90k,Technology
1150,50-59,20**,100k-110k,Finance
1151,30-39,22**,80k-90k,Education
1152,30-39,20**,110k-120k,Technology
1153,40-49,22**,90k-100k,Finance
1154,30-39,20**,70k-80k,Finance
1155,60-65,20**,140k-150k,Technology
1156,60-65,20**,90k-100k,Business
1157,50-59,22**,110k-120k,Technology
1158,30-39,21**,70k-80k,Finance
1159,30-39,20**,70k-80k,Business
1160,20-29,20**,70k-80k,Technology
1161,60-65,21**,100k-110k,Education
1162,20-29,20**,60k-70k,Technology
1163,60-65,20**,130k-140k,Technology
1164,40-49,20**,80k-90k,Business
1165,40-49,20**,80k-90k,Education
1166,40-49,21**,90k-100k,Medical
1167,40-49,21**,80k-90k,Business
1168,20-29,22**,80k-90k,Technology
1169,20-29,21**,90k-100k,Technology
1170,40-49,22**,90k-100k,Business
1171,20-29,21**,60k-70k,Business
1172,50-59,22**,90k-100k,Technology
1173,40-49,20**,90k-100k,Business
1174,40-49,20**,90k-100k,Technology
1175,50-59,20**,110k-120k,Education
1176,60-65,22**,110k-120k,Business
1177,30-39,21**,80k-90k,Education
1178,60-65,20**,110k-120k,Business
1179,60-65,21**,100k-110k,Finance
1180,60-65,20**,120k-130k,Medical
1181,50-59,20**,90k-100k,Technology
1182,50-59,21**,80k-90k,Business
1183,20-29,20**,60k-70k,Business
1184,30-39,20**,90k-100k,Finance
1185,30-39,22**,100k-110k,Management
1186,40-49,20**,90k-100k,Finance
1187,40-49,21**,80k-90k,Business
1188,40-49,20**,80k-90k,Business
1189,40-49,20**,90k-100k,Technology
1190,40-49,21**,90k-100k,Technology
1191,18-19,21**,70k-80k,Technology
1192,50-59,20**,120k-130k,Management
1193,30-39,20**,80k-90k,Education
1194,40-49,21**,100k-110k,Education
1195,40-49,22**,100k-110k,Education
1196,20-29,22**,80k-90k,Technology
1197,18-19,21**,60k-70k,Education
1198,50-59,21**,110k-120k,Management
1199,20-29,21**,80k-90k,Technology
1200,60-65,20**,110k-120k,Medical
1201,50-59,20**,90k-100k,Finance
1202,40-49,21**,80k-90k,Finance
1203,60-65,20**,110k-120k,Education
1204,20-29,20**,60k-70k,Business
1205,40-49,21**,80k-90k,Business
1206,40-49,21**,80k-90k,Technology
1207,50-59,21**,110k-120k,Medical
1208,50-59,22**,130k-140k,Technology
1209,20-29,20**,90k-100k,Technology
1210,60-65,21**,100k-110k,Business
1211,50-59,21**,110k-120k,Medical
1212,60-65,20**,100k-110k,Finance
1213,30-39,21**,80k-90k,Finance
1214,20-29,21**,80k-90k,Medical
1215,30-39,20**,110k-120k,Management
1216,50-59,20**,90k-100k,Finance
1217,50-59,22**,110k-120k,Finance
1218,60-65,22**,130k-140k,Technology
1219,50-59,22**,120k-130k,Management
1220,60-65,21**,140k-150k,Technology
1221,40-49,21**,90k-100k,Business
1222,60-65,20**,130k-140k,Management
1223,18-19,20**,80k-90k,Management
1224,40-49,20**,100k-110k,Technology
1225,30-39,20**,70k-80k,Finance
1226,60-65,20**,100k-110k,Finance
1227,60-65,20**,120k-130k,Finance
1228,20-29,21**,60k-70k,Education
1229,50-59,20**,130k-140k,Management
1230,40-49,21**,80k-90k,Finance
1231,60-65,21**,100k-110k,Technology
1232,40-49,21**,80k-90k,Education
1233,18-19,20**,60k-70k,Finance
1234,30-39,21**,80k-90k,Education
1235,60-65,20**,100k-110k,Business
1236,30-39,20**,70k-80k,Business
1237,20-29,22**,100k-110k,Technology
1238,20-29,20**,80k-90k,Medical
1239,30-39,20**,90k-100k,Management
1240,20-29,20**,50k-60k,Business
1241,30-39,22**,70k-80k,Business
1242,20-29,20**,90k-100k,Technology
1243,20-29,22**,50k-60k,Business
1244,40-49,21**,90k-100k,Business
1245,20-29,21**,60k-70k,Education
1246,20-29,20**,100k-110k,Management
1247,20-29,21**,80k-90k,Medical
1248,40-49,21**,100k-110k,Technology
1249,30-39,20**,80k-90k,Education
1250,30-39,21**,80k-90k,Finance
1251,40-49,22**,100k-110k,Management
1252,20-29,21**,70k-80k,Education
1253,50-59,21**,100k-110k,Business
1254,20-29,21**,60k-70k,Education
1255,40-49,21**,90k-100k,Finance
1256,18-19,21**,80k-90k,Management
1257,50-59,21**,80k-90k,Business
1258,30-39,20**,80k-90k,Finance
1259,20-29,20**,80k-90k,Technology
1260,50-59,22**,80k-90k,Technology
1261,30-39,22**,70k-80k,Finance
1262,20-29,21**,70k-80k,Finance
1263,50-59,22**,120k-130k,Technology
1264,18-19,22**,60k-70k,Business
1265,20-29,20**,70k-80k,Technology
1266,20-29,21**,70k-80k,Finance
1267,50-59,20**,100k-110k,Finance
1268,40-49,22**,80k-90k,Business
1269,40-49,20**,90k-100k,Education
1270,60-65,21**,120k-130k,Technology
1271,50-59,20**,110k-120k,Business
1272,20-29,21**,80k-90k,Technology
1273,20-29,22**,70k-80k,Finance
1274,50-59,20**,130k-140k,Technology
1275,40-49,22**,80k-90k,Medical
1276,40-49,21**,110k-120k,Technology
1277,20-29,21**,70k-80k,Medical
1278,50-59,20**,130k-140k,Technology
1279,18-19,21**,80k-90k,Management
1280,20-29,20**,80k-90k,Technology
1281,50-59,21**,110k-120k,Medical
1282,20-29,20**,70k-80k,Finance
1283,30-39,22**,90k-100k,Medical
1284,20-29,20**,80k-90k,Technology
1285,50-59,20**,100k-110k,Finance
1286,20-29,20**,70k-80k,Business
1287,40-49,20**,110k-120k,Management
1288,60-65,20**,120k-130k,Technology
1289,30-39,21**,60k-70k,Business
1290,40-49,22**,100k-110k,Technology
1291,20-29,21**,60k-70k,Finance
1292,30-39,21**,80k-90k,Education
1293,30-39,22**,70k-80k,Business
1294,60-65,20**,110k-120k,Business
1295,50-59,20**,100k-110k,Education
1296,20-29,20**,70k-80k,Technology
1297,30-39,20**,80k-90k,Medical
1298,20-29,21**,70k-80k,Education
1299,40-49,20**,100k-110k,Education
1300,50-59,20**,130k-140k,Technology
1301,20-29,20**,70k-80k,Finance
1302,30-39,22**,70k-80k,Finance
1303,60-65,20**,140k-150k,Technology
1304,50-59,21**,110k-120k,Technology
1305,40-49,20**,70k-80k,Business
1306,50-59,21**,110k-120k,Finance
1307,40-49,21**,120k-130k,Technology
1308,30-39,22**,70k-80k,Business
1309,20-29,21**,70k-80k,Business
1310,20-29,21**,80k-90k,Medical
1311,18-19,21**,60k-70k,Finance
1312,50-59,21**,110k-120k,Technology
1313,20-29,21**,60k-70k,Business
1314,60-65,21**,100k-110k,Business
1315,30-39,20**,60k-70k,Business
1316,30-39,20**,70k-80k,Education
1317,60-65,21**,100k-110k,Finance
1318,40-49,21**,70k-80k,Business
1319,20-29,20**,70k-80k,Education
1320,50-59,22**,110k-120k,Finance
1321,50-59,21**,120k-130k,Management
1322,40-49,21**,100k-110k,Medical
1323,50-59,21**,120k-130k,Technology
1324,40-49,21**,80k-90k,Finance
1325,40-49,21**,90k-100k,Education
1326,50-59,21**,90k-100k,Technology
1327,40-49,20**,110k-120k,Technology
1328,50-59,20**,90k-100k,Finance
1329,20-29,21**,100k-110k,Technology
1330,60-65,22**,130k-140k,Technology
1331,40-49,22**,80k-90k,Education
1332,40-49,21**,80k-90k,Business
1333,50-59,22**,130k-140k,Technology
1334,18-19,20**,60k-70k,Finance
1335,50-59,20**,90k-100k,Business
1336,50-59,20**,130k-140k,Management
1337,20-29,20**,70k-80k,Technology
1338,20-29,21**,100k-110k,Management
1339,50-59,22**,90k-100k,Technology
1340,20-29,21**,70k-80k,Finance
1341,40-49,20**,80k-90k,Business
1342,40-49,20**,90k-100k,Business
1343,20-29,22**,70k-80k,Business
1344,30-39,22**,100k-110k,Technology
1345,40-49,21**,80k-90k,Business
1346,30-39,21**,70k-80k,Medical
1347,20-29,20**,70k-80k,Technology
1348,50-59,20**,110k-120k,Medical
1349,20-29,21**,90k-100k,Technology
1350,20-29,21**,80k-90k,Management
1351,20-29,22**,60k-70k,Business
1352,50-59,20**,130k-140k,Management
1353,50-59,21**,90k-100k,Medical
1354,60-65,21**,130k-140k,Management
1355,40-49,21**,110k-120k,Medical
1356,60-65,20**,110k-120k,Business
1357,20-29,21**,70k-80k,Finance
1358,20-29,21**,70k-80k,Finance
1359,40-49,20**,80k-90k,Finance
1360,60-65,21**,110k-120k,Technology
1361,20-29,20**,90k-100k,Management
1362,50-59,22**,100k-110k,Finance
1363,40-49,20**,80k-90k,Education
1364,40-49,20**,80k-90k,Business
1365,50-59,21**,100k-110k,Medical
1366,50-59,22**,110k-120k,Finance
1367,30-39,21**,90k-100k,Medical
1368,40-49,21**,120k-130k,Technology
1369,50-59,20**,90k-100k,Business
1370,50-59,22**,100k-110k,Education
1371,60-65,22**,130k-140k,Technology
1372,60-65,21**,100k-110k,Finance
1373,20-29,21**,60k-70k,Finance
1374,30-39,21**,90k-100k,Management
1375,20-29,22**,70k-80k,Medical
1376,20-29,21**,90k-100k,Technology
1377,40-49,20**,110k-120k,Technology
1378,30-39,20**,80k-90k,Education
1379,20-29,21**,70k-80k,Medical
1380,30-39,20**,70k-80k,Business
1381,50-59,21**,90k-100k,Business
1382,30-39,20**,90k-100k,Management
1383,20-29,21**,60k-70k,Business
1384,60-65,21**,100k-110k,Finance
1385,60-65,21**,100k-110k,Technology
1386,50-59,20**,90k-100k,Technology
1387,30-39,21**,90k-100k,Medical
1388,40-49,20**,90k-100k,Business
1389,18-19,20**,80k-90k,Technology
1390,30-39,21**,100k-110k,Management
1391,40-49,20**,100k-110k,Finance
1392,30-39,21**,80k-90k,Business
1393,18-19,20**,60k-70k,Finance
1394,50-59,21**,110k-120k,Technology
1395,50-59,20**,90k-100k,Finance
1396,50-59,21**,110k-120k,Finance
1397,30-39,21**,80k-90k,Business
1398,40-49,20**,90k-100k,Finance
1399,60-65,21**,90k-100k,Business
1400,40-49,20**,100k-110k,Technology
1401,40-49,22**,80k-90k,Finance
1402,30-39,21**,90k-100k,Medical
1403,50-59,22**,90k-100k,Technology
1404,30-39,20**,80k-90k,Finance
1405,60-65,20**,110k-120k,Education
1406,20-29,20**,70k-80k,Business
1407,30-39,20**,60k-70k,Business
1408,60-65,21**,100k-110k,Finance
1409,30-39,20**,70k-80k,Finance
1410,30-39,20**,70k-80k,Finance
1411,20-29,20**,80k-90k,Technology
1412,60-65,21**,90k-100k,Business
1413,50-59,21**,90k-100k,Technology
1414,50-59,21**,110k-120k,Education
1415,30-39,20**,80k-90k,Business
1416,30-39,20**,90k-100k,Medical
1417,20-29,21**,70k-80k,Technology
1418,40-49,20**,120k-130k,Management
1419,40-49,22**,80k-90k,Medical
1420,40-49,22**,120k-130k,Technology
1421,40-49,22**,80k-90k,Education
1422,18-19,21**,60k-70k,Finance
1423,20-29,21**,60k-70k,Education
1424,20-29,20**,90k-100k,Management
1425,30-39,21**,70k-80k,Business
1426,40-49,21**,110k-120k,Technology
1427,30-39,22**,80k-90k,Medical
1428,40-49,20**,90k-100k,Medical
1429,20-29,20**,70k-80k,Business
1430,60-65,20**,100k-110k,Finance
1431,30-39,21**,100k-110k,Management
1432,30-39,22**,90k-100k,Technology
1433,40-49,20**,90k-100k,Technology
1434,40-49,22**,120k-130k,Technology
1435,50-59,21**,100k-110k,Education
1436,30-39,21**,90k-100k,Management
1437,40-49,22**,100k-110k,Technology
1438,20-29,20**,60k-70k,Finance
1439,50-59,21**,130k-140k,Technology
1440,30-39,21**,90k-100k,Education
1441,50-59,21**,90k-100k,Finance
1442,40-49,21**,120k-130k,Technology
1443,30-39,21**,70k-80k,Business
1444,20-29,21**,70k-80k,Finance
1445,60-65,21**,130k-140k,Management
1446,20-29,21**,70k-80k,Medical
1447,40-49,20**,120k-130k,Technology
1448,40-49,21**,80k-90k,Business
1449,20-29,20**,80k-90k,Technology
1450,30-39,20**,70k-80k,Education
1451,60-65,21**,120k-130k,Finance
1452,30-39,21**,80k-90k,Business
1453,50-59,21**,90k-100k,Business
1454,20-29,20**,70k-80k,Technology
1455,60-65,22**,100k-110k,Finance
1456,30-39,21**,90k-100k,Technology
1457,20-29,21**,90k-100k,Technology
1458,20-29,21**,70k-80k,Technology
1459,20-29,20**,70k-80k,Technology
1460,20-29,20**,70k-80k,Medical
1461,30-39,21**,70k-80k,Finance
1462,20-29,20**,80k-90k,Management
1463,20-29,20**,70k-80k,Education
1464,40-49,20**,120k-130k,Management
1465,40-49,22**,120k-130k,Technology
1466,20-29,21**,70k-80k,Business
1467,50-59,21**,100k-110k,Business
1468,50-59,20**,130k-140k,Management
1469,40-49,20**,110k-120k,Management
1470,40-49,21**,100k-110k,Finance
1471,30-39,20**,90k-100k,Technology
1472,18-19,20**,80k-90k,Management
1473,30-39,21**,60k-70k,Business
1474,60-65,21**,100k-110k,Business
1475,18-19,20**,70k-80k,Medical
1476,30-39,21**,80k-90k,Technology
1477,30-39,21**,80k-90k,Medical
1478,40-49,20**,80k-90k,Finance
1479,40-49,20**,70k-80k,Finance
1480,40-49,21**,80k-90k,Finance
1481,30-39,20**,100k-110k,Management
1482,30-39,20**,80k-90k,Technology
1483,30-39,22**,100k-110k,Technology
1484,50-59,20**,100k-110k,Business
1485,30-39,20**,70k-80k,Education
1486,20-29,20**,80k-90k,Management
1487,20-29,20**,60k-70k,Finance
1488,60-65,22**,90k-100k,Business
1489,30-39,20**,80k-90k,Technology
1490,40-49,20**,90k-100k,Finance
1491,30-39,21**,80k-90k,Business
1492,60-65,20**,90k-100k,Technology
1493,20-29,20**,70k-80k,Technology
1494,20-29,21**,80k-90k,Management
1495,30-39,21**,60k-70k,Finance
1496,20-29,21**,70k-80k,Finance
1497,30-39,20**,80k-90k,Technology
1498,60-65,21**,130k-140k,Technology
1499,40-49,22**,100k-110k,Medical
1500,30-39,22**,90k-100k,Technology
1501,60-65,21**,130k-140k,Management
1502,30-39,22**,70k-80k,Business
1503,30-39,20**,70k-80k,Education
1504,20-29,22**,70k-80k,Finance
1505,30-39,20**,80k-90k,Technology
1506,50-59,21**,120k-130k,Technology
1507,18-19,21**,70k-80k,Technology
1508,60-65,20**,100k-110k,Business
1509,20-29,20**,70k-80k,Finance
1510,20-29,20**,50k-60k,Business
1511,20-29,22**,60k-70k,Education
1512,60-65,20**,130k-140k,Management
1513,40-49,20**,100k-110k,Finance
1514,50-59,21**,100k-110k,Education
1515,18-19,21**,70k-80k,Medical
1516,30-39,21**,80k-90k,Technology
1517,50-59,21**,110k-120k,Finance
1518,30-39,20**,70k-80k,Business
1519,40-49,22**,90k-100k,Education
1520,30-39,21**,70k-80k,Business
1521,20-29,20**,80k-90k,Management
1522,30-39,21**,80k-90k,Finance
1523,40-49,22**,90k-100k,Technology
1524,40-49,20**,110k-120k,Technology
1525,50-59,20**,90k-100k,Finance
1526,60-65,21**,120k-130k,Management
1527,50-59,21**,90k-100k,Business
1528,50-59,20**,110k-120k,Finance
1529,50-59,20**,100k-110k,Education
1530,50-59,20**,110k-120k,Technology
1531,20-29,20**,60k-70k,Technology
1532,40-49,20**,80k-90k,Finance
1533,50-59,22**,110k-120k,Medical
1534,50-59,22**,100k-110k,Business
1535,30-39,21**,70k-80k,Technology
1536,50-59,20**,120k-130k,Technology
1537,50-59,20**,100k-110k,Business
1538,50-59,21**,110k-120k,Technology
1539,60-65,21**,110k-120k,Medical
1540,50-59,21**,100k-110k,Finance
1541,60-65,20**,130k-140k,Technology
1542,30-39,20**,80k-90k,Management
1543,60-65,21**,110k-120k,Finance
1544,30-39,21**,70k-80k,Finance
1545,50-59,21**,130k-140k,Technology
1546,40-49,22**,110k-120k,Technology
1547,40-49,22**,80k-90k,Business
1548,20-29,20**,90k-100k,Technology
1549,40-49,20**,100k-110k,Management
1550,50-59,21**,90k-100k,Business
1551,30-39,20**,100k-110k,Management
1552,40-49,22**,90k-100k,Medical
1553,50-59,21**,100k-110k,Finance
1554,30-39,21**,80k-90k,Medical
1555,40-49,21**,80k-90k,Business
1556,18-19,20**,70k-80k,Technology
1557,18-19,20**,80k-90k,Management
1558,18-19,20**,60k-70k,Finance
1559,30-39,22**,80k-90k,Technology
1560,50-59,21**,130k-140k,Management
1561,50-59,20**,120k-130k,Technology
1562,40-49,20**,90k-100k,Education
1563,30-39,21**,80k-90k,Education
1564,30-39,20**,70k-80k,Finance
1565,50-59,21**,100k-110k,Medical
1566,60-65,22**,130k-140k,Technology
1567,40-49,21**,130k-140k,Technology
1568,20-29,22**,60k-70k,Business
1569,20-29,21**,50k-60k,Business
1570,20-29,21**,70k-80k,Education
1571,40-49,20**,120k-130k,Technology
1572,18-19,20**,70k-80k,Medical
1573,50-59,20**,100k-110k,Technology
1574,50-59,20**,130k-140k,Technology
1575,60-65,20**,90k-100k,Finance
1576,60-65,21**,120k-130k,Medical
1577,50-59,20**,120k-130k,Management
1578,40-49,21**,90k-100k,Finance
1579,20-29,20**,70k-80k,Education
1580,50-59,21**,100k-110k,Technology
1581,30-39,21**,100k-110k,Technology
1582,40-49,20**,120k-130k,Technology
1583,50-59,21**,100k-110k,Finance
1584,50-59,20**,110k-120k,Business
1585,50-59,20**,120k-130k,Management
1586,20-29,21**,70k-80k,Finance
1587,60-65,20**,90k-100k,Business
1588,60-65,21**,110k-120k,Medical
1589,40-49,20**,80k-90k,Finance
1590,50-59,20**,90k-100k,Technology
1591,40-49,21**,70k-80k,Business
1592,40-49,20**,80k-90k,Technology
1593,60-65,20**,100k-110k,Education
1594,20-29,20**,60k-70k,Technology
1595,30-39,20**,70k-80k,Technology
1596,30-39,21**,70k-80k,Business
1597,30-39,22**,80k-90k,Finance
1598,30-39,21**,80k-90k,Finance
1599,30-39,21**,90k-100k,Management
1600,60-65,21**,110k-120k,Technology
1601,60-65,20**,130k-140k,Management
1602,20-29,20**,70k-80k,Technology
1603,60-65,20**,90k-100k,Business
1604,40-49,20**,90k-100k,Technology
1605,60-65,22**,110k-120k,Finance
1606,20-29,20**,70k-80k,Technology
1607,30-39,21**,70k-80k,Medical
1608,30-39,21**,80k-90k,Business
1609,20-29,20**,90k-100k,Technology
1610,40-49,22**,100k-110k,Management
1611,20-29,21**,60k-70k,Finance
1612,30-39,21**,70k-80k,Business
1613,18-19,22**,60k-70k,Education
1614,40-49,20**,90k-100k,Finance
1615,30-39,22**,70k-80k,Technology
1616,40-49,21**,80k-90k,Technology
1617,30-39,20**,100k-110k,Technology
1618,60-65,20**,140k-150k,Technology
1619,50-59,22**,90k-100k,Business
1620,40-49,21**,80k-90k,Finance
1621,40-49,21**,90k-100k,Finance
1622,40-49,20**,110k-120k,Management
1623,50-59,21**,140k-150k,Technology
1624,60-65,20**,100k-110k,Finance
1625,60-65,20**,140k-150k,Management
1626,20-29,20**,60k-70k,Business
1627,20-29,21**,80k-90k,Management
1628,20-29,20**,60k-70k,Education
1629,30-39,21**,90k-100k,Medical
1630,40-49,20**,90k-100k,Finance
1631,20-29,20**,80k-90k,Technology
1632,50-59,20**,110k-120k,Business
1633,50-59,20**,100k-110k,Business
1634,30-39,22**,60k-70k,Finance
1635,40-49,22**,110k-120k,Technology
1636,20-29,21**,90k-100k,Management
1637,60-65,20**,110k-120k,Education
1638,40-49,20**,80k-90k,Business
1639,30-39,20**,70k-80k,Finance
1640,18-19,21**,60k-70k,Finance
1641,60-65,20**,100k-110k,Finance
1642,20-29,21**,70k-80k,Business
1643,60-65,21**,100k-110k,Education
1644,40-49,20**,100k-110k,Medical
1645,60-65,22**,120k-130k,Medical
1646,40-49,22**,90k-100k,Business
1647,50-59,21**,110k-120k,Management
1648,50-59,21**,120k-130k,Technology
1649,20-29,21**,60k-70k,Finance
1650,40-49,21**,90k-100k,Technology
1651,50-59,20**,90k-100k,Technology
1652,40-49,20**,90k-100k,Medical
1653,40-49,21**,110k-120k,Technology
1654,50-59,22**,100k-110k,Technology
1655,20-29,22**,70k-80k,Business
1656,20-29,20**,80k-90k,Management
1657,50-59,20**,130k-140k,Management
1658,40-49,21**,80k-90k,Education
1659,20-29,21**,60k-70k,Business
1660,40-49,20**,110k-120k,Technology
1661,60-65,22**,130k-140k,Technology
1662,20-29,22**,80k-90k,Technology
1663,50-59,20**,110k-120k,Education
1664,60-65,22**,120k-130k,Medical
1665,50-59,21**,140k-150k,Technology
1666,40-49,20**,80k-90k,Technology
1667,50-59,20**,120k-130k,Technology
1668,20-29,21**,70k-80k,Technology
1669,30-39,20**,70k-80k,Business
1670,20-29,20**,80k-90k,Technology
1671,50-59,20**,110k-120k,Finance
1672,40-49,21**,80k-90k,Business
1673,50-59,20**,90k-100k,Business
1674,50-59,21**,100k-110k,Business
1675,40-49,21**,120k-130k,Technology
1676,18-19,21**,60k-70k,Finance
1677,50-59,20**,120k-130k,Management
1678,20-29,20**,90k-100k,Technology
1679,20-29,20**,90k-100k,Technology
1680,50-59,20**,100k-110k,Finance
1681,20-29,21**,70k-80k,Technology
1682,20-29,21**,80k-90k,Finance
1683,50-59,20**,130k-140k,Management
1684,60-65,21**,100k-110k,Business
1685,20-29,20**,70k-80k,Finance
1686,40-49,21**,110k-120k,Technology
1687,20-29,21**,60k-70k,Finance
1688,20-29,20**,80k-90k,Finance
1689,40-49,20**,110k-120k,Management
1690,50-59,20**,110k-120k,Technology
1691,60-65,20**,140k-150k,Management
1692,60-65,22**,100k-110k,Business
1693,40-49,20**,80k-90k,Business
1694,50-59,21**,90k-100k,Business
1695,20-29,21**,70k-80k,Business
1696,50-59,21**,90k-100k,Business
1697,50-59,22**,100k-110k,Finance
1698,30-39,20**,60k-70k,Technology
1699,40-49,22**,110k-120k,Technology
1700,50-59,21**,100k-110k,Medical
1701,30-39,21**,80k-90k,Education
1702,18-19,22**,60k-70k,Finance
1703,30-39,20**,90k-100k,Technology
1704,50-59,20**,110k-120k,Management
1705,20-29,20**,70k-80k,Education
1706,60-65,21**,90k-100k,Business
1707,20-29,20**,70k-80k,Finance
1708,60-65,21**,90k-100k,Business
1709,50-59,21**,130k-140k,Technology
1710,50-59,21**,100k-110k,Business
1711,40-49,22**,90k-100k,Medical
1712,50-59,21**,100k-110k,Finance
1713,50-59,20**,120k-130k,Management
1714,50-59,21**,90k-100k,Education
1715,20-29,20**,70k-80k,Finance
1716,40-49,20**,110k-120k,Management
1717,50-59,20**,110k-120k,Medical
1718,20-29,22**,70k-80k,Finance
1719,60-65,20**,110k-120k,Technology
1720,20-29,20**,60k-70k,Business
1721,40-49,20**,100k-110k,Finance
1722,30-39,20**,100k-110k,Technology
1723,20-29,20**,60k-70k,Finance
1724,50-59,21**,100k-110k,Technology
1725,20-29,20**,70k-80k,Finance
1726,60-65,20**,130k-140k,Management
1727,20-29,21**,80k-90k,Technology
1728,30-39,21**,80k-90k,Technology
1729,60-65,20**,120k-130k,Management
1730,30-39,22**,90k-100k,Technology
1731,20-29,21**,60k-70k,Education
1732,20-29,22**,80k-90k,Management
1733,18-19,20**,50k-60k,Business
1734,30-39,20**,80k-90k,Finance
1735,30-39,20**,100k-110k,Management
1736,60-65,20**,120k-130k,Technology
1737,20-29,20**,60k-70k,Finance
1738,50-59,21**,120k-130k,Management
1739,30-39,21**,100k-110k,Management
1740,30-39,20**,80k-90k,Finance
1741,50-59,20**,90k-100k,Finance
1742,30-39,20**,80k-90k,Business
1743,40-49,20**,80k-90k,Technology
1744,40-49,20**,90k-100k,Technology
1745,20-29,21**,80k-90k,Technology
1746,20-29,21**,70k-80k,Business
1747,50-59,20**,100k-110k,Education
1748,30-39,20**,100k-110k,Management
1749,50-59,20**,130k-140k,Technology
1750,20-29,20**,70k-80k,Business
1751,40-49,20**,80k-90k,Finance
1752,50-59,21**,110k-120k,Finance
1753,20-29,20**,80k-90k,Education
1754,40-49,20**,100k-110k,Technology
1755,20-29,21**,70k-80k,Education
1756,20-29,21**,80k-90k,Finance
1757,50-59,21**,120k-130k,Technology
1758,40-49,20**,110k-120k,Technology
1759,50-59,20**,130k-140k,Technology
1760,40-49,21**,100k-110k,Medical
1761,30-39,20**,80k-90k,Business
1762,20-29,21**,60k-70k,Business
1763,30-39,22**,90k-100k,Finance
1764,40-49,21**,90k-100k,Medical
1765,50-59,20**,80k-90k,Finance
1766,60-65,21**,100k-110k,Business
1767,50-59,21**,90k-100k,Business
1768,50-59,21**,110k-120k,Technology
1769,30-39,20**,90k-100k,Medical
1770,20-29,21**,60k-70k,Business
1771,40-49,20**,90k-100k,Technology
1772,20-29,22**,50k-60k,Business
1773,20-29,21**,90k-100k,Technology
1774,30-39,21**,90k-100k,Medical
1775,40-49,20**,90k-100k,Finance
1776,30-39,22**,70k-80k,Business
1777,40-49,20**,100k-110k,Education
1778,18-19,21**,50k-60k,Business
1779,20-29,20**,70k-80k,Finance
1780,50-59,20**,100k-110k,Technology
1781,40-49,20**,90k-100k,Technology
1782,30-39,22**,90k-100k,Medical
1783,40-49,22**,90k-100k,Education
1784,40-49,21**,100k-110k,Medical
1785,30-39,21**,90k-100k,Technology
1786,30-39,21**,90k-100k,Management
1787,40-49,20**,110k-120k,Technology
1788,20-29,20**,60k-70k,Technology
1789,20-29,22**,70k-80k,Business
1790,20-29,20**,80k-90k,Technology
1791,40-49,21**,80k-90k,Business
1792,40-49,21**,120k-130k,Management
1793,40-49,21**,90k-100k,Medical
1794,20-29,21**,70k-80k,Medical
1795,50-59,22**,90k-100k,Business
1796,60-65,20**,140k-150k,Management
1797,50-59,21**,80k-90k,Business
1798,20-29,21**,50k-60k,Business
1799,20-29,21**,50k-60k,Business
1800,20-29,20**,90k-100k,Management
1801,50-59,21**,130k-140k,Technology
1802,20-29,21**,60k-70k,Finance
1803,60-65,21**,130k-140k,Management
1804,50-59,20**,100k-110k,Technology
1805,18-19,21**,60k-70k,Business
1806,40-49,22**,90k-100k,Business
1807,40-49,20**,90k-100k,Education
1808,20-29,22**,80k-90k,Technology
1809,60-65,22**,120k-130k,Finance
1810,30-39,22**,80k-90k,Technology
1811,50-59,21**,120k-130k,Technology
1812,60-65,22**,100k-110k,Finance
1813,30-39,20**,70k-80k,Business
1814,50-59,20**,110k-120k,Technology
1815,20-29,20**,60k-70k,Business
1816,30-39,22**,70k-80k,Technology
1817,50-59,21**,120k-130k,Technology
1818,60-65,21**,100k-110k,Business
1819,30-39,21**,70k-80k,Finance
1820,50-59,20**,80k-90k,Technology
1821,20-29,20**,70k-80k,Business
1822,40-49,20**,100k-110k,Medical
1823,60-65,20**,140k-150k,Technology
1824,60-65,20**,110k-120k,Education
1825,20-29,20**,70k-80k,Technology
1826,40-49,20**,90k-100k,Business
1827,60-65,20**,140k-150k,Management
1828,60-65,21**,110k-120k,Medical
1829,20-29,21**,80k-90k,Management
1830,30-39,21**,70k-80k,Business
1831,50-59,20**,100k-110k,Technology
1832,50-59,21**,100k-110k,Education
1833,30-39,20**,80k-90k,Finance
1834,30-39,21**,70k-80k,Business
1835,60-65,22**,110k-120k,Finance
1836,30-39,20**,90k-100k,Management
1837,30-39,20**,90k-100k,Management
1838,20-29,21**,60k-70k,Technology
1839,50-59,22**,120k-130k,Technology
1840,40-49,22**,80k-90k,Finance
1841,30-39,20**,60k-70k,Finance
1842,50-59,20**,130k-140k,Technology
1843,60-65,21**,90k-100k,Finance
1844,60-65,20**,140k-150k,Technology
1845,20-29,22**,80k-90k,Medical
1846,20-29,22**,80k-90k,Technology
1847,30-39,21**,70k-80k,Finance
1848,50-59,20**,100k-110k,Business
1849,60-65,20**,100k-110k,Education
1850,20-29,20**,70k-80k,Finance
1851,40-49,20**,80k-90k,Education
1852,30-39,21**,90k-100k,Technology
1853,40-49,21**,90k-100k,Finance
1854,20-29,20**,60k-70k,Business
1855,50-59,20**,90k-100k,Medical
1856,40-49,20**,80k-90k,Finance
1857,20-29,21**,70k-80k,Technology
1858,40-49,21**,80k-90k,Technology
1859,50-59,20**,100k-110k,Technology
1860,30-39,22**,100k-110k,Technology
1861,40-49,20**,90k-100k,Business
1862,60-65,21**,110k-120k,Business
1863,40-49,21**,100k-110k,Technology
1864,18-19,22**,70k-80k,Medical
1865,20-29,21**,60k-70k,Business
1866,30-39,21**,80k-90k,Finance
1867,50-59,21**,130k-140k,Technology
1868,30-39,21**,100k-110k,Technology
1869,50-59,20**,110k-120k,Finance
1870,20-29,22**,70k-80k,Medical
1871,30-39,20**,90k-100k,Medical
1872,40-49,22**,120k-130k,Technology
1873,60-65,20**,100k-110k,Finance
1874,30-39,22**,80k-90k,Technology
1875,30-39,21**,60k-70k,Business
1876,50-59,21**,110k-120k,Finance
1877,40-49,20**,90k-100k,Technology
1878,20-29,22**,60k-70k,Education
1879,40-49,20**,110k-120k,Technology
1880,40-49,20**,120k-130k,Management
1881,30-39,20**,80k-90k,Technology
1882,40-49,21**,80k-90k,Technology
1883,30-39,20**,90k-100k,Technology
1884,50-59,20**,90k-100k,Technology
1885,40-49,20**,90k-100k,Business
1886,20-29,20**,80k-90k,Technology
1887,50-59,20**,90k-100k,Business
1888,30-39,20**,80k-90k,Medical
1889,30-39,22**,110k-120k,Technology
1890,50-59,20**,120k-130k,Technology
1891,20-29,20**,50k-60k,Business
1892,20-29,20**,70k-80k,Technology
1893,40-49,22**,110k-120k,Technology
1894,50-59,21**,120k-130k,Technology
1895,50-59,20**,90k-100k,Technology
1896,50-59,21**,90k-100k,Business
1897,18-19,20**,60k-70k,Business
1898,18-19,20**,80k-90k,Technology
1899,30-39,22**,90k-100k,Medical
1900,60-65,20**,130k-140k,Technology
1901,50-59,21**,110k-120k,Finance
1902,40-49,20**,70k-80k,Finance
1903,50-59,22**,130k-140k,Technology
1904,50-59,22**,120k-130k,Technology
1905,40-49,20**,100k-110k,Medical
1906,30-39,20**,80k-90k,Finance
1907,20-29,21**,60k-70k,Business
1908,50-59,21**,90k-100k,Finance
1909,30-39,20**,70k-80k,Technology
1910,20-29,21**,60k-70k,Business
1911,20-29,20**,70k-80k,Technology
1912,30-39,21**,70k-80k,Finance
1913,30-39,21**,70k-80k,Business
1914,20-29,21**,60k-70k,Technology
1915,20-29,21**,80k-90k,Technology
1916,20-29,20**,80k-90k,Technology
1917,50-59,20**,100k-110k,Business
1918,30-39,20**,70k-80k,Education
1919,30-39,20**,70k-80k,Finance
1920,60-65,20**,120k-130k,Medical
1921,30-39,21**,100k-110k,Technology
1922,40-49,21**,80k-90k,Technology
1923,30-39,21**,60k-70k,Business
1924,40-49,20**,90k-100k,Education
1925,60-65,22**,110k-120k,Finance
1926,30-39,20**,70k-80k,Finance
1927,20-29,20**,50k-60k,Business
1928,20-29,21**,90k-100k,Technology
1929,40-49,20**,110k-120k,Technology
1930,30-39,20**,70k-80k,Business
1931,50-59,20**,110k-120k,Management
1932,40-49,21**,110k-120k,Management
1933,50-59,21**,90k-100k,Business
1934,18-19,22**,70k-80k,Medical
1935,30-39,21**,80k-90k,Education
1936,30-39,20**,80k-90k,Business
1937,18-19,20**,70k-80k,Medical
1938,40-49,20**,120k-130k,Management
1939,50-59,21**,90k-100k,Medical
1940,40-49,20**,80k-90k,Business
1941,50-59,22**,100k-110k,Technology
1942,30-39,21**,90k-100k,Technology
1943,30-39,20**,100k-110k,Technology
1944,60-65,20**,110k-120k,Finance
1945,50-59,20**,100k-110k,Business
1946,40-49,22**,120k-130k,Technology
1947,20-29,22**,80k-90k,Education
1948,60-65,22**,100k-110k,Technology
1949,40-49,21**,80k-90k,Education
1950,30-39,20**,90k-100k,Medical
1951,50-59,22**,90k-100k,Finance
1952,50-59,22**,90k-100k,Education
1953,50-59,20**,90k-100k,Education
1954,40-49,21**,80k-90k,Education
1955,40-49,20**,90k-100k,Education
1956,60-65,21**,130k-140k,Technology
1957,20-29,20**,80k-90k,Education
1958,20-29,22**,70k-80k,Business
1959,60-65,22**,100k-110k,Finance
1960,30-39,20**,90k-100k,Education
1961,60-65,20**,100k-110k,Medical
1962,20-29,21**,70k-80k,Education
1963,40-49,21**,110k-120k,Management
1964,40-49,22**,120k-130k,Management
1965,30-39,21**,80k-90k,Business
1966,60-65,20**,130k-140k,Technology
1967,20-29,21**,70k-80k,Technology
1968,30-39,20**,90k-100k,Technology
1969,30-39,22**,90k-100k,Technology
1970,40-49,20**,120k-130k,Technology
1971,50-59,20**,100k-110k,Technology
1972,60-65,20**,140k-150k,Management
1973,40-49,21**,80k-90k,Medical
1974,30-39,20**,60k-70k,Finance
1975,30-39,22**,90k-100k,Management
1976,40-49,20**,80k-90k,Business
1977,40-49,22**,90k-100k,Business
1978,50-59,21**,90k-100k,Business
1979,50-59,20**,120k-130k,Technology
1980,30-39,21**,70k-80k,Finance
1981,30-39,20**,80k-90k,Technology
1982,30-39,20**,70k-80k,Business
1983,60-65,20**,130k-140k,Management
1984,20-29,20**,90k-100k,Technology
1985,20-29,20**,80k-90k,Technology
1986,20-29,20**,70k-80k,Business
1987,20-29,21**,60k-70k,Finance
1988,60-65,21**,100k-110k,Education
1989,40-49,21**,70k-80k,Business
1990,50-59,20**,90k-100k,Finance
1991,40-49,20**,90k-100k,Business
1992,30-39,20**,110k-120k,Technology
1993,50-59,22**,90k-100k,Education
1994,40-49,21**,90k-100k,Finance
1995,50-59,20**,90k-100k,Business
1996,60-65,20**,100k-110k,Business
1997,60-65,20**,130k-140k,Management
1998,18-19,21**,70k-80k,Medical
1999,40-49,20**,90k-100k,Education
2000,20-29,22**,50k-60k,Business
2001,50-59,20**,120k-130k,Management
2002,30-39,20**,80k-90k,Technology
2003,40-49,21**,110k-120k,Technology
2004,30-39,20**,80k-90k,Business
2005,50-59,20**,130k-140k,Management
2006,40-49,22**,110k-120k,Technology
2007,40-49,21**,80k-90k,Medical
2008,30-39,21**,80k-90k,Education
2009,40-49,20**,110k-120k,Management
2010,60-65,22**,110k-120k,Business
2011,40-49,20**,100k-110k,Finance
2012,60-65,20**,120k-130k,Medical
2013,50-59,20**,120k-130k,Technology
2014,30-39,21**,80k-90k,Business
2015,20-29,21**,50k-60k,Business
2016,18-19,22**,70k-80k,Medical
2017,40-49,21**,120k-130k,Technology
2018,60-65,20**,100k-110k,Business
2019,20-29,20**,80k-90k,Medical
2020,40-49,20**,100k-110k,Technology
2021,30-39,21**,80k-90k,Business
2022,30-39,20**,70k-80k,Technology
2023,30-39,22**,80k-90k,Finance
2024,20-29,21**,60k-70k,Finance
2025,40-49,20**,80k-90k,Finance
2026,30-39,20**,80k-90k,Business
2027,60-65,21**,110k-120k,Education
2028,50-59,20**,110k-120k,Medical
2029,60-65,21**,140k-150k,Technology
2030,60-65,20**,100k-110k,Business
2031,20-29,20**,60k-70k,Business
2032,30-39,22**,70k-80k,Business
2033,40-49,20**,100k-110k,Technology
2034,40-49,22**,90k-100k,Medical
2035,20-29,20**,70k-80k,Finance
2036,50-59,21**,120k-130k,Technology
2037,50-59,20**,140k-150k,Technology
2038,20-29,20**,90k-100k,Management
2039,60-65,20**,110k-120k,Finance
2040,20-29,21**,80k-90k,Management
2041,20-29,20**,80k-90k,Technology
2042,30-39,21**,80k-90k,Education
2043,30-39,20**,100k-110k,Technology
2044,20-29,20**,80k-90k,Management
2045,50-59,22**,100k-110k,Business
2046,50-59,22**,110k-120k,Management
2047,40-49,20**,80k-90k,Business
2048,20-29,21**,70k-80k,Technology
2049,30-39,20**,80k-90k,Education
2050,50-59,20**,120k-130k,Management
2051,60-65,20**,110k-120k,Finance
2052,30-39,22**,90k-100k,Technology
2053,60-65,20**,100k-110k,Finance
2054,30-39,20**,100k-110k,Technology
2055,60-65,20**,120k-130k,Technology
2056,40-49,20**,90k-100k,Medical
2057,20-29,22**,70k-80k,Technology
2058,50-59,21**,90k-100k,Technology
2059,30-39,20**,80k-90k,Technology
2060,60-65,20**,90k-100k,Technology
2061,50-59,21**,90k-100k,Finance
2062,20-29,20**,60k-70k,Education
2063,20-29,21**,70k-80k,Finance
2064,40-49,21**,100k-110k,Technology
2065,50-59,20**,80k-90k,Business
2066,50-59,21**,90k-100k,Technology
2067,60-65,20**,100k-110k,Finance
2068,50-59,22**,90k-100k,Technology
2069,30-39,22**,100k-110k,Management
2070,40-49,20**,80k-90k,Business
2071,60-65,20**,130k-140k,Technology
2072,40-49,20**,100k-110k,Medical
2073,30-39,20**,80k-90k,Medical
2074,20-29,20**,70k-80k,Business
2075,20-29,21**,60k-70k,Business
2076,50-59,20**,90k-100k,Technology
2077,40-49,21**,110k-120k,Technology
2078,40-49,22**,80k-90k,Business
2079,60-65,20**,110k-120k,Business
2080,40-49,21**,90k-100k,Finance
2081,20-29,22**,60k-70k,Business
2082,20-29,22**,80k-90k,Technology
2083,60-65,21**,130k-140k,Technology
2084,50-59,20**,110k-120k,Technology
2085,40-49,22**,100k-110k,Medical
2086,20-29,20**,90k-100k,Technology
2087,30-39,20**,80k-90k,Education
2088,40-49,20**,110k-120k,Technology
2089,60-65,20**,110k-120k,Business
2090,50-59,22**,110k-120k,Finance
2091,40-49,22**,90k-100k,Business
2092,40-49,21**,80k-90k,Business
2093,20-29,20**,60k-70k,Business
2094,30-39,21**,70k-80k,Business
2095,50-59,20**,120k-130k,Technology
2096,60-65,20**,110k-120k,Technology
2097,60-65,20**,100k-110k,Technology
2098,50-59,20**,100k-110k,Education
2099,50-59,20**,90k-100k,Business
2100,60-65,21**,130k-140k,Management
2101,30-39,22**,80k-90k,Finance
2102,40-49,20**,120k-130k,Management
2103,30-39,21**,90k-100k,Management
2104,20-29,20**,70k-80k,Medical
2105,40-49,21**,90k-100k,Education
2106,40-49,20**,80k-90k,Technology
2107,50-59,22**,100k-110k,Finance
2108,40-49,20**,100k-110k,Medical
2109,60-65,21**,110k-120k,Medical
2110,50-59,22**,100k-110k,Business
2111,60-65,21**,140k-150k,Management
2112,40-49,20**,120k-130k,Management
2113,20-29,20**,70k-80k,Medical
2114,50-59,21**,110k-120k,Medical
2115,30-39,20**,70k-80k,Education
2116,50-59,20**,100k-110k,Technology
2117,40-49,20**,80k-90k,Business
2118,40-49,21**,100k-110k,Technology
2119,40-49,21**,80k-90k,Medical
2120,60-65,20**,100k-110k,Finance
2121,50-59,21**,100k-110k,Finance
2122,60-65,20**,120k-130k,Technology
2123,30-39,20**,110k-120k,Technology
2124,30-39,21**,80k-90k,Technology
2125,50-59,21**,120k-130k,Management
2126,18-19,21**,60k-70k,Business
2127,30-39,21**,90k-100k,Medical
2128,30-39,20**,80k-90k,Business
2129,20-29,20**,70k-80k,Finance
2130,50-59,20**,90k-100k,Education
2131,40-49,20**,100k-110k,Medical
2132,50-59,21**,120k-130k,Technology
2133,30-39,20**,80k-90k,Finance
2134,50-59,20**,100k-110k,Medical
2135,60-65,20**,110k-120k,Business
2136,30-39,20**,90k-100k,Finance
2137,50-59,21**,90k-100k,Business
2138,40-49,22**,100k-110k,Technology
2139,50-59,21**,110k-120k,Finance
2140,30-39,21**,80k-90k,Finance
2141,30-39,21**,70k-80k,Business
2142,60-65,20**,120k-130k,Management
2143,50-59,20**,130k-140k,Management
2144,40-49,22**,90k-100k,Finance
2145,30-39,21**,100k-110k,Management
2146,50-59,21**,90k-100k,Technology
2147,40-49,20**,80k-90k,Business
2148,20-29,21**,70k-80k,Finance
2149,30-39,22**,90k-100k,Technology
2150,40-49,20**,90k-100k,Finance
2151,30-39,20**,70k-80k,Business
2152,30-39,20**,90k-100k,Technology
2153,18-19,20**,60k-70k,Finance
2154,40-49,21**,120k-130k,Management
2155,50-59,20**,90k-100k,Technology
2156,30-39,20**,100k-110k,Technology
2157,30-39,20**,90k-100k,Management
2158,60-65,20**,100k-110k,Business
2159,20-29,21**,70k-80k,Education
2160,20-29,21**,70k-80k,Medical
2161,40-49,20**,100k-110k,Technology
2162,50-59,20**,130k-140k,Management
2163,60-65,21**,100k-110k,Business
2164,40-49,20**,120k-130k,Technology
2165,20-29,20**,80k-90k,Education
2166,60-65,22**,110k-120k,Medical
2167,40-49,20**,80k-90k,Finance
2168,20-29,20**,70k-80k,Finance
2169,40-49,21**,80k-90k,Finance
2170,40-49,21**,110k-120k,Management
2171,30-39,21**,110k-120k,Management
2172,60-65,20**,100k-110k,Finance
2173,40-49,22**,80k-90k,Business
2174,30-39,22**,90k-100k,Technology
2175,20-29,22**,60k-70k,Technology
2176,30-39,21**,100k-110k,Management
2177,50-59,22**,100k-110k,Education
2178,50-59,21**,90k-100k,Finance
2179,18-19,20**,70k-80k,Medical
2180,20-29,20**,60k-70k,Finance
2181,20-29,22**,70k-80k,Business
2182,50-59,20**,110k-120k,Medical
2183,20-29,21**,60k-70k,Business
2184,30-39,20**,80k-90k,Medical
2185,60-65,21**,100k-110k,Finance
2186,40-49,21**,100k-110k,Medical
2187,60-65,21**,100k-110k,Education
2188,20-29,22**,80k-90k,Technology
2189,50-59,20**,130k-140k,Technology
2190,30-39,20**,80k-90k,Finance
2191,20-29,20**,80k-90k,Technology
2192,50-59,21**,120k-130k,Technology
2193,30-39,21**,70k-80k,Business
2194,30-39,22**,110k-120k,Technology
2195,30-39,20**,80k-90k,Finance
2196,40-49,20**,90k-100k,Education
2197,40-49,20**,70k-80k,Business
2198,18-19,22**,80k-90k,Management
2199,20-29,20**,60k-70k,Business
2200,60-65,20**,140k-150k,Technology
2201,50-59,21**,110k-120k,Medical
2202,20-29,21**,80k-90k,Technology
2203,50-59,20**,130k-140k,Technology
2204,40-49,22**,90k-100k,Business
2205,20-29,22**,60k-70k,Finance
2206,30-39,20**,80k-90k,Finance
2207,40-49,21**,100k-110k,Technology
2208,50-59,20**,90k-100k,Finance
2209,40-49,21**,110k-120k,Technology
2210,18-19,20**,60k-70k,Finance
2211,50-59,20**,100k-110k,Business
2212,50-59,20**,80k-90k,Business
2213,40-49,20**,120k-130k,Technology
2214,60-65,22**,100k-110k,Finance
2215,60-65,22**,120k-130k,Medical
2216,30-39,20**,100k-110k,Technology
2217,20-29,20**,60k-70k,Technology
2218,40-49,21**,100k-110k,Education
2219,60-65,20**,100k-110k,Technology
2220,50-59,21**,90k-100k,Business
2221,40-49,20**,90k-100k,Education
2222,20-29,20**,50k-60k,Business
2223,20-29,21**,90k-100k,Management
2224,40-49,20**,120k-130k,Technology
2225,60-65,21**,130k-140k,Management
2226,30-39,20**,80k-90k,Technology
2227,20-29,20**,70k-80k,Business
2228,40-49,20**,90k-100k,Finance
2229,50-59,21**,90k-100k,Education
2230,30-39,20**,80k-90k,Business
2231,60-65,20**,100k-110k,Business
2232,20-29,20**,60k-70k,Technology
2233,20-29,20**,60k-70k,Business
2234,60-65,21**,100k-110k,Business
2235,40-49,21**,90k-100k,Technology
2236,60-65,21**,140k-150k,Management
2237,40-49,22**,110k-120k,Technology
2238,20-29,20**,60k-70k,Education
2239,30-39,20**,110k-120k,Technology
2240,30-39,22**,80k-90k,Business
2241,30-39,20**,70k-80k,Business
2242,50-59,21**,120k-130k,Technology
2243,30-39,22**,60k-70k,Business
2244,30-39,20**,70k-80k,Technology
2245,40-49,21**,80k-90k,Education
2246,30-39,20**,100k-110k,Technology
2247,40-49,21**,80k-90k,Business
2248,50-59,20**,90k-100k,Technology
2249,50-59,21**,100k-110k,Business
2250,60-65,20**,100k-110k,Business
2251,20-29,20**,60k-70k,Finance
2252,60-65,21**,140k-150k,Technology
2253,40-49,21**,100k-110k,Technology
2254,20-29,21**,60k-70k,Finance
2255,18-19,20**,60k-70k,Finance
2256,40-49,22**,80k-90k,Finance
2257,20-29,21**,70k-80k,Finance
2258,60-65,22**,120k-130k,Finance
2259,20-29,22**,60k-70k,Education
2260,40-49,20**,110k-120k,Management
2261,40-49,21**,90k-100k,Medical
2262,50-59,21**,90k-100k,Business
2263,40-49,21**,80k-90k,Education
2264,40-49,20**,90k-100k,Medical
2265,50-59,21**,90k-100k,Education
2266,50-59,21**,140k-150k,Technology
2267,50-59,20**,130k-140k,Management
2268,40-49,20**,100k-110k,Medical
2269,30-39,20**,100k-110k,Technology
2270,30-39,21**,90k-100k,Management
2271,50-59,21**,90k-100k,Technology
2272,20-29,20**,80k-90k,Management
2273,40-49,20**,100k-110k,Medical
2274,60-65,20**,100k-110k,Business
2275,30-39,20**,80k-90k,Business
2276,18-19,22**,80k-90k,Technology
2277,20-29,21**,80k-90k,Technology
2278,20-29,22**,70k-80k,Medical
2279,30-39,22**,80k-90k,Business
2280,60-65,21**,100k-110k,Business
2281,30-39,20**,100k-110k,Technology
2282,20-29,20**,50k-60k,Business
2283,40-49,20**,100k-110k,Management
2284,40-49,20**,100k-110k,Technology
2285,50-59,21**,100k-110k,Business
2286,60-65,22**,110k-120k,Business
2287,30-39,21**,70k-80k,Business
2288,60-65,20**,100k-110k,Medical
2289,20-29,20**,80k-90k,Technology
2290,20-29,22**,60k-70k,Technology
2291,18-19,21**,60k-70k,Finance
2292,50-59,21**,110k-120k,Finance
2293,30-39,20**,90k-100k,Technology
2294,20-29,21**,60k-70k,Business
2295,20-29,20**,90k-100k,Technology
2296,40-49,20**,90k-100k,Business
2297,50-59,20**,90k-100k,Finance
2298,50-59,20**,100k-110k,Medical
2299,18-19,22**,70k-80k,Technology
2300,40-49,22**,90k-100k,Business
2301,50-59,20**,110k-120k,Management
2302,40-49,21**,100k-110k,Medical
2303,50-59,22**,100k-110k,Business
2304,30-39,21**,60k-70k,Technology
2305,40-49,20**,90k-100k,Business
2306,20-29,22**,70k-80k,Finance
2307,40-49,21**,110k-120k,Technology
2308,40-49,20**,90k-100k,Medical
2309,30-39,21**,80k-90k,Finance
2310,40-49,21**,80k-90k,Finance
2311,50-59,21**,100k-110k,Education
2312,20-29,22**,70k-80k,Finance
2313,40-49,21**,80k-90k,Education
2314,50-59,20**,90k-100k,Finance
2315,60-65,20**,100k-110k,Business
2316,30-39,21**,100k-110k,Technology
2317,20-29,21**,70k-80k,Medical
2318,30-39,21**,60k-70k,Finance
2319,18-19,20**,60k-70k,Education
2320,60-65,20**,140k-150k,Technology
2321,20-29,20**,80k-90k,Technology
2322,20-29,20**,50k-60k,Business
2323,50-59,21**,90k-100k,Finance
2324,30-39,20**,90k-100k,Education
2325,30-39,22**,110k-120k,Technology
2326,50-59,22**,110k-120k,Technology
2327,40-49,20**,80k-90k,Business
2328,50-59,20**,100k-110k,Business
2329,20-29,20**,80k-90k,Management
2330,50-59,20**,130k-140k,Technology
2331,20-29,22**,80k-90k,Finance
2332,50-59,22**,80k-90k,Business
2333,20-29,20**,60k-70k,Education
2334,20-29,21**,70k-80k,Finance
2335,18-19,21**,60k-70k,Finance
2336,30-39,20**,90k-100k,Management
2337,30-39,22**,80k-90k,Education
2338,40-49,20**,90k-100k,Finance
2339,40-49,20**,90k-100k,Finance
2340,40-49,21**,100k-110k,Medical
2341,60-65,20**,110k-120k,Education
2342,20-29,22**,80k-90k,Technology
2343,20-29,20**,80k-90k,Technology
2344,40-49,21**,100k-110k,Technology
2345,40-49,22**,80k-90k,Technology
2346,50-59,22**,100k-110k,Technology
2347,30-39,21**,90k-100k,Medical
2348,30-39,21**,70k-80k,Education
2349,30-39,21**,90k-100k,Management
2350,60-65,21**,110k-120k,Medical
2351,50-59,21**,90k-100k,Business
2352,60-65,22**,110k-120k,Education
2353,30-39,20**,70k-80k,Finance
2354,50-59,21**,90k-100k,Education
2355,50-59,20**,110k-120k,Management
2356,20-29,21**,80k-90k,Management
2357,50-59,22**,90k-100k,Education
2358,18-19,21**,70k-80k,Technology
2359,30-39,20**,80k-90k,Finance
2360,50-59,22**,110k-120k,Technology
2361,40-49,22**,90k-100k,Finance
2362,40-49,20**,90k-100k,Technology
2363,40-49,21**,80k-90k,Finance
2364,40-49,20**,100k-110k,Education
2365,50-59,21**,120k-130k,Management
2366,40-49,20**,90k-100k,Finance
2367,60-65,22**,140k-150k,Technology
2368,50-59,20**,90k-100k,Finance
2369,50-59,20**,90k-100k,Business
2370,40-49,20**,110k-120k,Technology
2371,40-49,20**,100k-110k,Technology
2372,40-49,21**,110k-120k,Technology
2373,40-49,21**,120k-130k,Technology
2374,40-49,21**,90k-100k,Business
2375,40-49,21**,100k-110k,Finance
2376,50-59,21**,110k-120k,Medical
2377,60-65,20**,110k-120k,Medical
2378,50-59,21**,120k-130k,Technology
2379,20-29,21**,80k-90k,Management
2380,60-65,21**,110k-120k,Finance
2381,20-29,21**,80k-90k,Technology
2382,20-29,21**,50k-60k,Business
2383,20-29,21**,70k-80k,Education
2384,20-29,20**,80k-90k,Management
2385,40-49,21**,90k-100k,Finance
2386,30-39,20**,70k-80k,Business
2387,20-29,21**,50k-60k,Business
2388,30-39,20**,80k-90k,Finance
2389,60-65,20**,100k-110k,Business
2390,50-59,20**,90k-100k,Education
2391,40-49,21**,80k-90k,Business
2392,50-59,20**,100k-110k,Business
2393,40-49,20**,80k-90k,Business
2394,50-59,21**,90k-100k,Business
2395,20-29,20**,70k-80k,Education
2396,40-49,21**,80k-90k,Finance
2397,50-59,22**,100k-110k,Technology
2398,60-65,22**,110k-120k,Finance
2399,20-29,21**,70k-80k,Technology
2400,50-59,22**,130k-140k,Technology
2401,20-29,21**,70k-80k,Finance
2402,50-59,21**,100k-110k,Technology
2403,30-39,21**,60k-70k,Business
2404,20-29,20**,80k-90k,Management
2405,30-39,20**,80k-90k,Finance
2406,40-49,21**,120k-130k,Technology
2407,30-39,21**,80k-90k,Medical
2408,40-49,20**,90k-100k,Technology
2409,20-29,20**,80k-90k,Medical
2410,30-39,20**,80k-90k,Medical
2411,20-29,21**,80k-90k,Technology
2412,30-39,20**,100k-110k,Technology
2413,20-29,20**,90k-100k,Technology
2414,60-65,20**,140k-150k,Technology
2415,20-29,22**,60k-70k,Technology
2416,30-39,20**,90k-100k,Medical
2417,20-29,20**,70k-80k,Medical
2418,40-49,20**,100k-110k,Technology
2419,30-39,21**,70k-80k,Business
2420,40-49,21**,120k-130k,Management
2421,20-29,20**,70k-80k,Finance
2422,40-49,21**,100k-110k,Management
2423,40-49,21**,90k-100k,Technology
2424,18-19,21**,70k-80k,Finance
2425,60-65,20**,140k-150k,Technology
2426,50-59,20**,140k-150k,Technology
2427,40-49,20**,90k-100k,Business
2428,30-39,21**,100k-110k,Technology
2429,20-29,21**,70k-80k,Finance
2430,50-59,20**,80k-90k,Business
2431,40-49,20**,80k-90k,Business
2432,18-19,21**,60k-70k,Technology
2433,50-59,22**,110k-120k,Finance
2434,40-49,21**,90k-100k,Finance
2435,30-39,20**,80k-90k,Technology
2436,50-59,20**,110k-120k,Technology
2437,40-49,20**,110k-120k,Technology
2438,30-39,20**,90k-100k,Medical
2439,30-39,22**,80k-90k,Education
2440,60-65,20**,100k-110k,Business
2441,60-65,20**,100k-110k,Education
2442,40-49,20**,70k-80k,Business
2443,60-65,22**,130k-140k,Technology
2444,50-59,20**,90k-100k,Business
2445,60-65,21**,140k-150k,Technology
2446,60-65,21**,110k-120k,Business
2447,20-29,21**,70k-80k,Technology
2448,60-65,22**,90k-100k,Business
2449,40-49,21**,90k-100k,Medical
2450,40-49,22**,100k-110k,Technology
2451,20-29,21**,60k-70k,Business
2452,40-49,20**,80k-90k,Technology
2453,30-39,20**,70k-80k,Education
2454,50-59,22**,100k-110k,Finance
2455,30-39,21**,60k-70k,Business
2456,30-39,22**,80k-90k,Business
2457,30-39,20**,80k-90k,Technology
2458,20-29,21**,70k-80k,Finance
2459,40-49,21**,110k-120k,Technology
2460,60-65,22**,110k-120k,Business
2461,50-59,20**,130k-140k,Technology
2462,20-29,20**,80k-90k,Technology
2463,50-59,21**,90k-100k,Finance
2464,30-39,22**,80k-90k,Technology
2465,50-59,22**,110k-120k,Finance
2466,40-49,21**,80k-90k,Technology
2467,30-39,21**,90k-100k,Medical
2468,20-29,21**,90k-100k,Management
2469,40-49,20**,100k-110k,Management
2470,20-29,21**,70k-80k,Finance
2471,40-49,20**,90k-100k,Education
2472,30-39,20**,80k-90k,Education
2473,18-19,22**,60k-70k,Finance
2474,20-29,20**,60k-70k,Finance
2475,30-39,20**,80k-90k,Finance
2476,18-19,21**,60k-70k,Business
2477,50-59,20**,100k-110k,Education
2478,20-29,20**,60k-70k,Business
2479,20-29,21**,60k-70k,Education
2480,20-29,21**,60k-70k,Business
2481,20-29,21**,60k-70k,Business
2482,20-29,20**,70k-80k,Technology
2483,30-39,20**,90k-100k,Technology
2484,40-49,20**,90k-100k,Technology
2485,20-29,22**,70k-80k,Technology
2486,50-59,20**,100k-110k,Technology
2487,40-49,21**,110k-120k,Technology
2488,30-39,22**,60k-70k,Business
2489,40-49,21**,100k-110k,Medical
2490,50-59,20**,100k-110k,Business
2491,50-59,21**,110k-120k,Technology
2492,30-39,20**,70k-80k,Business
2493,20-29,21**,60k-70k,Technology
2494,50-59,21**,90k-100k,Finance
2495,50-59,20**,130k-140k,Management
2496,40-49,22**,90k-100k,Business
2497,20-29,20**,60k-70k,Finance
2498,20-29,20**,90k-100k,Technology
2499,40-49,22**,110k-120k,Management
2500,30-39,21**,70k-80k,Business
2501,20-29,20**,70k-80k,Business
2502,30-39,21**,70k-80k,Finance
2503,50-59,22**,80k-90k,Business
2504,20-29,21**,70k-80k,Finance
2505,20-29,21**,70k-80k,Medical
2506,30-39,20**,70k-80k,Finance
2507,30-39,22**,70k-80k,Business
2508,50-59,21**,110k-120k,Education
2509,30-39,20**,80k-90k,Business
2510,30-39,20**,110k-120k,Technology
2511,20-29,20**,60k-70k,Business
2512,50-59,22**,100k-110k,Finance
2513,40-49,20**,80k-90k,Business
2514,40-49,22**,90k-100k,Education
2515,30-39,20**,70k-80k,Medical
2516,40-49,20**,80k-90k,Technology
2517,18-19,20**,80k-90k,Management
2518,30-39,20**,80k-90k,Business
2519,40-49,20**,80k-90k,Technology
2520,30-39,20**,70k-80k,Finance
2521,30-39,20**,110k-120k,Technology
2522,30-39,20**,90k-100k,Technology
2523,20-29,20**,60k-70k,Finance
2524,60-65,21**,130k-140k,Technology
2525,30-39,20**,80k-90k,Finance
2526,30-39,21**,70k-80k,Education
2527,50-59,21**,80k-90k,Business
2528,20-29,20**,80k-90k,Technology
2529,30-39,21**,90k-100k,Management
2530,30-39,21**,70k-80k,Business
2531,20-29,21**,50k-60k,Business
2532,50-59,20**,100k-110k,Finance
2533,30-39,22**,70k-80k,Technology
2534,20-29,21**,90k-100k,Management
2535,30-39,21**,80k-90k,Technology
2536,20-29,21**,90k-100k,Management
2537,40-49,21**,80k-90k,Business
2538,20-29,22**,70k-80k,Education
2539,50-59,22**,100k-110k,Business
2540,40-49,21**,100k-110k,Finance
2541,50-59,22**,90k-100k,Business
2542,30-39,20**,70k-80k,Finance
2543,30-39,20**,80k-90k,Medical
2544,40-49,21**,90k-100k,Medical
2545,40-49,21**,80k-90k,Finance
2546,20-29,20**,90k-100k,Technology
2547,50-59,20**,100k-110k,Education
2548,20-29,21**,60k-70k,Business
2549,40-49,21**,90k-100k,Business
2550,40-49,21**,90k-100k,Education
2551,30-39,20**,80k-90k,Medical
2552,40-49,20**,80k-90k,Finance
2553,40-49,20**,110k-120k,Technology
2554,50-59,22**,110k-120k,Management
2555,30-39,20**,70k-80k,Finance
2556,20-29,20**,70k-80k,Education
2557,30-39,20**,70k-80k,Education
2558,30-39,22**,80k-90k,Finance
2559,30-39,20**,70k-80k,Business
2560,30-39,20**,70k-80k,Technology
2561,40-49,21**,100k-110k,Medical
2562,50-59,21**,110k-120k,Technology
2563,20-29,20**,70k-80k,Medical
2564,60-65,21**,100k-110k,Finance
2565,50-59,21**,90k-100k,Business
2566,60-65,20**,100k-110k,Business
2567,30-39,21**,80k-90k,Finance
2568,30-39,21**,80k-90k,Business
2569,18-19,20**,70k-80k,Education
2570,20-29,22**,60k-70k,Finance
2571,40-49,20**,90k-100k,Education
2572,40-49,22**,100k-110k,Medical
2573,60-65,20**,130k-140k,Management
2574,50-59,21**,90k-100k,Technology
2575,20-29,20**,90k-100k,Technology
2576,50-59,21**,110k-120k,Business
2577,40-49,20**,90k-100k,Medical
2578,20-29,21**,80k-90k,Management
2579,40-49,20**,120k-130k,Technology
2580,40-49,20**,90k-100k,Finance
2581,20-29,20**,80k-90k,Management
2582,60-65,21**,90k-100k,Business
2583,20-29,20**,70k-80k,Finance
2584,30-39,20**,70k-80k,Finance
2585,60-65,20**,130k-140k,Management
2586,20-29,21**,60k-70k,Education
2587,20-29,21**,70k-80k,Education
2588,20-29,20**,90k-100k,Technology
2589,40-49,22**,70k-80k,Business
2590,40-49,20**,80k-90k,Finance
2591,30-39,22**,90k-100k,Medical
2592,20-29,21**,60k-70k,Business
2593,50-59,21**,100k-110k,Finance
2594,30-39,20**,70k-80k,Finance
2595,40-49,21**,120k-130k,Technology
2596,30-39,20**,100k-110k,Management
2597,40-49,21**,100k-110k,Business
2598,20-29,20**,80k-90k,Technology
2599,40-49,21**,80k-90k,Finance
2600,40-49,20**,90k-100k,Finance
2601,40-49,22**,90k-100k,Medical
2602,60-65,20**,100k-110k,Business
2603,60-65,20**,100k-110k,Technology
2604,30-39,20**,90k-100k,Management
2605,60-65,21**,110k-120k,Finance
2606,50-59,21**,110k-120k,Technology
2607,20-29,20**,90k-100k,Management
2608,40-49,20**,110k-120k,Technology
2609,50-59,21**,80k-90k,Technology
2610,20-29,21**,60k-70k,Business
2611,60-65,20**,120k-130k,Medical
2612,20-29,20**,60k-70k,Technology
2613,60-65,20**,140k-150k,Technology
2614,40-49,20**,80k-90k,Business
2615,50-59,22**,100k-110k,Finance
2616,20-29,20**,60k-70k,Business
2617,20-29,21**,60k-70k,Technology
2618,20-29,20**,80k-90k,Finance
2619,60-65,20**,110k-120k,Medical
2620,60-65,22**,100k-110k,Technology
2621,20-29,21**,60k-70k,Business
2622,30-39,22**,80k-90k,Technology
2623,30-39,22**,60k-70k,Business
2624,50-59,22**,120k-130k,Management
2625,40-49,21**,80k-90k,Finance
2626,50-59,20**,100k-110k,Technology
2627,30-39,21**,70k-80k,Finance
2628,30-39,20**,90k-100k,Technology
2629,18-19,20**,60k-70k,Technology
2630,60-65,20**,120k-130k,Technology
2631,60-65,22**,130k-140k,Technology
2632,20-29,21**,70k-80k,Medical
2633,30-39,21**,80k-90k,Education
2634,50-59,21**,100k-110k,Finance
2635,40-49,20**,100k-110k,Technology
2636,20-29,20**,60k-70k,Education
2637,18-19,22**,70k-80k,Medical
2638,18-19,20**,70k-80k,Medical
2639,30-39,22**,90k-100k,Technology
2640,50-59,21**,90k-100k,Business
2641,20-29,21**,60k-70k,Finance
2642,50-59,20**,100k-110k,Business
2643,50-59,20**,120k-130k,Technology
2644,50-59,22**,100k-110k,Education
2645,60-65,20**,130k-140k,Technology
2646,50-59,22**,110k-120k,Education
2647,20-29,20**,70k-80k,Education
2648,50-59,21**,100k-110k,Business
2649,50-59,21**,110k-120k,Finance
2650,60-65,20**,90k-100k,Technology
2651,50-59,20**,120k-130k,Technology
2652,60-65,20**,110k-120k,Medical
2653,20-29,21**,90k-100k,Technology
2654,30-39,20**,80k-90k,Finance
2655,30-39,20**,80k-90k,Technology
2656,40-49,20**,90k-100k,Education
2657,30-39,21**,80k-90k,Technology
2658,50-59,20**,110k-120k,Finance
2659,60-65,20**,110k-120k,Education
2660,30-39,20**,90k-100k,Management
2661,60-65,21**,100k-110k,Finance
2662,50-59,20**,100k-110k,Education
2663,50-59,20**,100k-110k,Technology
2664,20-29,20**,60k-70k,Finance
2665,30-39,20**,90k-100k,Technology
2666,50-59,20**,120k-130k,Management
2667,50-59,21**,120k-130k,Technology
2668,30-39,22**,100k-110k,Technology
2669,30-39,20**,90k-100k,Medical
2670,30-39,20**,90k-100k,Finance
2671,40-49,20**,90k-100k,Finance
2672,20-29,21**,70k-80k,Education
2673,20-29,21**,70k-80k,Business
2674,50-59,22**,90k-100k,Business
2675,20-29,20**,70k-80k,Business
2676,40-49,20**,120k-130k,Technology
2677,50-59,21**,120k-130k,Technology
2678,30-39,21**,80k-90k,Medical
2679,40-49,21**,100k-110k,Finance
2680,50-59,20**,100k-110k,Business
2681,20-29,20**,60k-70k,Business
2682,30-39,20**,80k-90k,Technology
2683,60-65,21**,110k-120k,Education
2684,40-49,22**,90k-100k,Medical
2685,40-49,20**,90k-100k,Business
2686,20-29,20**,70k-80k,Medical
2687,40-49,20**,70k-80k,Business
2688,40-49,22**,90k-100k,Finance
2689,50-59,22**,90k-100k,Business
2690,60-65,22**,100k-110k,Technology
2691,40-49,20**,90k-100k,Finance
2692,20-29,22**,60k-70k,Education
2693,60-65,20**,140k-150k,Technology
2694,40-49,20**,110k-120k,Technology
2695,50-59,22**,90k-100k,Business
2696,18-19,20**,70k-80k,Technology
2697,40-49,20**,90k-100k,Business
2698,30-39,20**,80k-90k,Medical
2699,30-39,21**,90k-100k,Finance
2700,60-65,21**,110k-120k,Medical
2701,60-65,22**,110k-120k,Medical
2702,20-29,21**,50k-60k,Business
2703,30-39,22**,80k-90k,Finance
2704,60-65,20**,110k-120k,Finance
2705,40-49,20**,80k-90k,Technology
2706,60-65,21**,120k-130k,Medical
2707,50-59,22**,110k-120k,Finance
2708,20-29,21**,80k-90k,Technology
2709,60-65,20**,140k-150k,Technology
2710,20-29,20**,90k-100k,Management
2711,50-59,20**,90k-100k,Finance
2712,20-29,20**,80k-90k,Technology
2713,40-49,22**,80k-90k,Business
2714,50-59,20**,130k-140k,Technology
2715,20-29,20**,70k-80k,Medical
2716,20-29,20**,70k-80k,Education
2717,30-39,21**,60k-70k,Business
2718,18-19,20**,60k-70k,Technology
2719,60-65,20**,90k-100k,Business
2720,30-39,20**,90k-100k,Management
2721,50-59,20**,130k-140k,Management
2722,40-49,21**,100k-110k,Education
2723,30-39,22**,80k-90k,Education
2724,30-39,21**,80k-90k,Finance
2725,40-49,20**,80k-90k,Business
2726,30-39,20**,100k-110k,Technology
2727,60-65,22**,110k-120k,Medical
2728,18-19,20**,60k-70k,Business
2729,30-39,21**,80k-90k,Finance
2730,50-59,21**,100k-110k,Business
2731,60-65,20**,100k-110k,Finance
2732,18-19,20**,60k-70k,Education
2733,60-65,20**,110k-120k,Business
2734,40-49,22**,90k-100k,Medical
2735,40-49,21**,80k-90k,Medical
2736,60-65,20**,120k-130k,Medical
2737,30-39,21**,100k-110k,Technology
2738,60-65,20**,130k-140k,Management
2739,40-49,20**,120k-130k,Technology
2740,40-49,21**,110k-120k,Technology
2741,40-49,20**,110k-120k,Management
2742,30-39,22**,90k-100k,Technology
2743,20-29,22**,70k-80k,Medical
2744,20-29,21**,70k-80k,Education
2745,30-39,22**,80k-90k,Finance
2746,60-65,22**,120k-130k,Technology
2747,50-59,20**,90k-100k,Business
2748,30-39,21**,60k-70k,Business
2749,50-59,21**,110k-120k,Education
2750,50-59,21**,120k-130k,Management
2751,30-39,20**,80k-90k,Finance
2752,20-29,20**,80k-90k,Technology
2753,60-65,20**,100k-110k,Business
2754,50-59,20**,100k-110k,Education
2755,40-49,22**,70k-80k,Business
2756,30-39,21**,90k-100k,Technology
2757,30-39,21**,80k-90k,Medical
2758,40-49,21**,120k-130k,Technology
2759,50-59,20**,100k-110k,Finance
2760,18-19,21**,80k-90k,Management
2761,20-29,20**,80k-90k,Finance
2762,60-65,20**,110k-120k,Business
2763,30-39,22**,90k-100k,Technology
2764,50-59,20**,110k-120k,Education
2765,60-65,20**,140k-150k,Technology
2766,40-49,21**,90k-100k,Finance
2767,60-65,20**,110k-120k,Medical
2768,20-29,22**,60k-70k,Finance
2769,60-65,20**,110k-120k,Technology
2770,60-65,20**,110k-120k,Medical
2771,18-19,21**,80k-90k,Management
2772,40-49,21**,90k-100k,Business
2773,40-49,21**,100k-110k,Technology
2774,30-39,22**,80k-90k,Finance
2775,40-49,20**,110k-120k,Technology
2776,50-59,22**,100k-110k,Technology
2777,40-49,21**,110k-120k,Technology
2778,40-49,20**,80k-90k,Business
2779,30-39,22**,70k-80k,Finance
2780,60-65,21**,110k-120k,Technology
2781,20-29,21**,90k-100k,Technology
2782,60-65,20**,130k-140k,Technology
2783,40-49,20**,70k-80k,Business
2784,20-29,22**,90k-100k,Management
2785,50-59,20**,110k-120k,Medical
2786,30-39,20**,70k-80k,Technology
2787,40-49,20**,90k-100k,Business
2788,20-29,22**,70k-80k,Medical
2789,40-49,20**,100k-110k,Medical
2790,40-49,20**,80k-90k,Technology
2791,20-29,21**,80k-90k,Technology
2792,30-39,21**,80k-90k,Technology
2793,50-59,20**,90k-100k,Business
2794,50-59,21**,130k-140k,Technology
2795,50-59,20**,120k-130k,Medical
2796,20-29,20**,70k-80k,Technology
2797,60-65,20**,140k-150k,Management
2798,60-65,21**,110k-120k,Technology
2799,50-59,21**,110k-120k,Management
2800,50-59,21**,80k-90k,Business
2801,30-39,20**,100k-110k,Technology
2802,60-65,20**,140k-150k,Technology
2803,40-49,20**,80k-90k,Education
2804,20-29,20**,50k-60k,Business
2805,20-29,20**,80k-90k,Management
2806,20-29,21**,80k-90k,Technology
2807,40-49,20**,110k-120k,Management
2808,60-65,20**,100k-110k,Technology
2809,20-29,20**,90k-100k,Management
2810,40-49,21**,120k-130k,Technology
2811,60-65,21**,110k-120k,Education
2812,50-59,21**,120k-130k,Management
2813,60-65,22**,120k-130k,Technology
2814,30-39,20**,70k-80k,Technology
2815,30-39,20**,80k-90k,Finance
2816,50-59,21**,90k-100k,Finance
2817,30-39,22**,100k-110k,Technology
2818,20-29,20**,80k-90k,Management
2819,40-49,21**,110k-120k,Technology
2820,20-29,22**,70k-80k,Finance
2821,60-65,21**,130k-140k,Technology
2822,20-29,22**,60k-70k,Finance
2823,60-65,21**,110k-120k,Education
2824,50-59,21**,120k-130k,Technology
2825,30-39,21**,80k-90k,Medical
2826,50-59,20**,90k-100k,Finance
2827,20-29,20**,90k-100k,Management
2828,40-49,20**,100k-110k,Technology
2829,40-49,20**,80k-90k,Education
2830,30-39,20**,70k-80k,Finance
2831,40-49,21**,70k-80k,Finance
2832,20-29,21**,80k-90k,Technology
2833,50-59,20**,100k-110k,Business
2834,40-49,20**,80k-90k,Business
2835,30-39,20**,60k-70k,Business
2836,20-29,21**,70k-80k,Education
2837,40-49,21**,110k-120k,Management
2838,40-49,21**,80k-90k,Business
2839,30-39,22**,80k-90k,Technology
2840,60-65,22**,130k-140k,Technology
2841,20-29,21**,70k-80k,Medical
2842,20-29,22**,60k-70k,Education
2843,60-65,21**,110k-120k,Business
2844,20-29,21**,70k-80k,Business
2845,50-59,20**,100k-110k,Finance
2846,50-59,20**,80k-90k,Finance
2847,30-39,20**,80k-90k,Medical
2848,50-59,20**,120k-130k,Technology
2849,20-29,21**,80k-90k,Technology
2850,20-29,21**,70k-80k,Finance
2851,18-19,22**,70k-80k,Medical
2852,60-65,21**,140k-150k,Technology
2853,50-59,22**,110k-120k,Management
2854,40-49,21**,80k-90k,Technology
2855,60-65,22**,110k-120k,Technology
2856,60-65,22**,130k-140k,Management
2857,30-39,22**,100k-110k,Management
2858,20-29,21**,50k-60k,Business
2859,60-65,20**,130k-140k,Management
2860,20-29,20**,70k-80k,Education
2861,40-49,21**,90k-100k,Technology
2862,40-49,21**,100k-110k,Technology
2863,30-39,21**,70k-80k,Finance
2864,30-39,21**,80k-90k,Finance
2865,30-39,20**,80k-90k,Finance
2866,40-49,20**,90k-100k,Finance
2867,20-29,21**,60k-70k,Business
2868,20-29,20**,70k-80k,Education
2869,30-39,21**,80k-90k,Finance
2870,18-19,22**,60k-70k,Education
2871,40-49,20**,80k-90k,Education
2872,40-49,20**,80k-90k,Business
2873,50-59,20**,120k-130k,Management
2874,20-29,20**,60k-70k,Business
2875,60-65,20**,110k-120k,Finance
2876,40-49,20**,90k-100k,Education
2877,40-49,21**,110k-120k,Technology
2878,20-29,22**,70k-80k,Business
2879,20-29,21**,90k-100k,Technology
2880,18-19,22**,60k-70k,Education
2881,20-29,20**,60k-70k,Finance
2882,20-29,21**,70k-80k,Medical
2883,20-29,22**,80k-90k,Technology
2884,40-49,20**,100k-110k,Finance
2885,40-49,21**,110k-120k,Management
2886,30-39,21**,90k-100k,Medical
2887,20-29,20**,70k-80k,Technology
2888,20-29,21**,90k-100k,Technology
2889,18-19,20**,60k-70k,Finance
2890,40-49,22**,70k-80k,Business
2891,40-49,20**,80k-90k,Business
2892,40-49,21**,110k-120k,Technology
2893,50-59,22**,140k-150k,Technology
2894,20-29,20**,60k-70k,Finance
2895,30-39,22**,80k-90k,Finance
2896,30-39,22**,60k-70k,Business
2897,60-65,21**,130k-140k,Management
2898,30-39,22**,60k-70k,Business
2899,30-39,20**,90k-100k,Technology
2900,20-29,20**,60k-70k,Finance
2901,40-49,21**,80k-90k,Technology
2902,20-29,21**,70k-80k,Technology
2903,50-59,22**,100k-110k,Finance
2904,30-39,21**,80k-90k,Education
2905,20-29,21**,80k-90k,Management
2906,30-39,20**,100k-110k,Technology
2907,30-39,22**,80k-90k,Education
2908,30-39,20**,70k-80k,Education
2909,20-29,20**,60k-70k,Technology
2910,30-39,21**,70k-80k,Finance
2911,50-59,21**,120k-130k,Technology
2912,30-39,21**,70k-80k,Business
2913,30-39,20**,90k-100k,Technology
2914,60-65,20**,130k-140k,Management
2915,40-49,22**,90k-100k,Education
2916,50-59,21**,90k-100k,Business
2917,50-59,20**,120k-130k,Finance
2918,40-49,20**,100k-110k,Technology
2919,50-59,20**,90k-100k,Business
2920,50-59,20**,100k-110k,Finance
2921,20-29,21**,80k-90k,Technology
2922,30-39,20**,80k-90k,Business
2923,60-65,20**,130k-140k,Technology
2924,30-39,21**,80k-90k,Medical
2925,50-59,21**,100k-110k,Education
2926,50-59,21**,120k-130k,Technology
2927,40-49,21**,100k-110k,Medical
2928,18-19,21**,80k-90k,Technology
2929,60-65,20**,130k-140k,Technology
2930,50-59,22**,90k-100k,Technology
2931,60-65,21**,120k-130k,Medical
2932,50-59,20**,120k-130k,Technology
2933,50-59,21**,100k-110k,Medical
2934,40-49,20**,80k-90k,Business
2935,20-29,20**,80k-90k,Technology
2936,30-39,22**,60k-70k,Business
2937,50-59,21**,100k-110k,Business
2938,30-39,20**,80k-90k,Finance
2939,60-65,21**,110k-120k,Finance
2940,20-29,20**,70k-80k,Finance
2941,30-39,20**,70k-80k,Finance
2942,30-39,20**,90k-100k,Technology
2943,50-59,20**,110k-120k,Finance
2944,20-29,22**,70k-80k,Technology
2945,50-59,21**,100k-110k,Business
2946,20-29,20**,80k-90k,Management
2947,40-49,20**,80k-90k,Business
2948,20-29,21**,60k-70k,Technology
2949,60-65,20**,110k-120k,Finance
2950,18-19,22**,90k-100k,Management
2951,20-29,22**,70k-80k,Medical
2952,50-59,21**,90k-100k,Business
2953,40-49,20**,80k-90k,Finance
2954,30-39,22**,70k-80k,Business
2955,20-29,20**,70k-80k,Business
2956,40-49,21**,100k-110k,Technology
2957,40-49,21**,110k-120k,Technology
2958,20-29,21**,70k-80k,Finance
2959,60-65,22**,140k-150k,Technology
2960,18-19,20**,60k-70k,Finance
2961,40-49,20**,70k-80k,Business
2962,20-29,21**,80k-90k,Technology
2963,40-49,20**,100k-110k,Medical
2964,20-29,21**,60k-70k,Technology
2965,40-49,20**,80k-90k,Medical
2966,18-19,20**,60k-70k,Technology
2967,20-29,20**,80k-90k,Finance
2968,18-19,20**,70k-80k,Technology
2969,60-65,22**,100k-110k,Education
2970,30-39,21**,100k-110k,Technology
2971,40-49,20**,110k-120k,Technology
2972,40-49,20**,110k-120k,Technology
2973,50-59,22**,110k-120k,Finance
2974,20-29,20**,60k-70k,Technology
2975,50-59,20**,110k-120k,Finance
2976,40-49,20**,110k-120k,Technology
2977,18-19,21**,60k-70k,Finance
2978,20-29,22**,70k-80k,Education
2979,30-39,22**,70k-80k,Medical
2980,40-49,20**,120k-130k,Technology
2981,20-29,21**,60k-70k,Finance
2982,50-59,20**,100k-110k,Education
2983,20-29,21**,60k-70k,Technology
2984,20-29,21**,80k-90k,Medical
2985,50-59,22**,130k-140k,Technology
2986,20-29,21**,70k-80k,Finance
2987,40-49,20**,110k-120k,Technology
2988,60-65,20**,100k-110k,Education
2989,18-19,22**,80k-90k,Technology
2990,30-39,21**,110k-120k,Technology
2991,60-65,20**,100k-110k,Business
2992,50-59,22**,100k-110k,Medical
2993,20-29,20**,80k-90k,Technology
2994,20-29,21**,80k-90k,Medical
2995,40-49,21**,100k-110k,Medical
2996,50-59,20**,100k-110k,Education
2997,40-49,21**,100k-110k,Medical
2998,50-59,21**,130k-140k,Management
2999,50-59,21**,80k-90k,Finance
3000,50-59,21**,110k-120k,Medical
3001,60-65,22**,90k-100k,Finance
3002,30-39,20**,70k-80k,Education
3003,18-19,21**,70k-80k,Education
3004,20-29,20**,80k-90k,Technology
3005,40-49,20**,110k-120k,Technology
3006,20-29,21**,80k-90k,Management
3007,30-39,20**,60k-70k,Finance
3008,20-29,21**,80k-90k,Technology
3009,60-65,21**,100k-110k,Medical
3010,60-65,22**,140k-150k,Technology
3011,20-29,21**,60k-70k,Business
3012,18-19,21**,80k-90k,Technology
3013,20-29,20**,60k-70k,Finance
3014,50-59,20**,100k-110k,Medical
3015,40-49,22**,120k-130k,Technology
3016,60-65,21**,110k-120k,Finance
3017,60-65,21**,100k-110k,Education
3018,30-39,20**,90k-100k,Technology
3019,50-59,21**,90k-100k,Technology
3020,50-59,20**,120k-130k,Technology
3021,40-49,21**,80k-90k,Business
3022,50-59,20**,120k-130k,Management
3023,40-49,20**,110k-120k,Technology
3024,50-59,20**,100k-110k,Medical
3025,40-49,20**,80k-90k,Business
3026,40-49,22**,120k-130k,Technology
3027,50-59,22**,130k-140k,Technology
3028,40-49,22**,100k-110k,Education
3029,40-49,20**,110k-120k,Technology
3030,50-59,20**,110k-120k,Medical
3031,20-29,20**,80k-90k,Technology
3032,50-59,20**,100k-110k,Education
3033,30-39,21**,90k-100k,Technology
3034,20-29,21**,60k-70k,Finance
3035,30-39,21**,70k-80k,Finance
3036,50-59,20**,100k-110k,Technology
3037,20-29,21**,50k-60k,Business
3038,50-59,20**,80k-90k,Business
3039,30-39,20**,90k-100k,Technology
3040,40-49,21**,90k-100k,Finance
3041,30-39,21**,70k-80k,Education
3042,20-29,20**,80k-90k,Technology
3043,60-65,20**,140k-150k,Management
3044,20-29,21**,70k-80k,Technology
3045,40-49,20**,80k-90k,Business
3046,20-29,22**,90k-100k,Technology
3047,20-29,22**,70k-80k,Technology
3048,30-39,22**,90k-100k,Technology
3049,50-59,22**,130k-140k,Management
3050,50-59,20**,130k-140k,Management
3051,20-29,20**,70k-80k,Education
3052,50-59,20**,110k-120k,Medical
3053,30-39,21**,80k-90k,Finance
3054,20-29,21**,90k-100k,Technology
3055,20-29,20**,70k-80k,Technology
3056,50-59,21**,110k-120k,Technology
3057,40-49,20**,90k-100k,Education
3058,20-29,20**,90k-100k,Technology
3059,40-49,20**,80k-90k,Education
3060,20-29,20**,70k-80k,Business
3061,30-39,22**,70k-80k,Business
3062,20-29,21**,50k-60k,Business
3063,40-49,21**,90k-100k,Finance
3064,50-59,21**,130k-140k,Technology
3065,50-59,20**,90k-100k,Business
3066,20-29,21**,80k-90k,Medical
3067,30-39,21**,70k-80k,Technology
3068,60-65,22**,110k-120k,Finance
3069,18-19,20**,80k-90k,Technology
3070,40-49,21**,110k-120k,Technology
3071,20-29,21**,60k-70k,Finance
3072,60-65,21**,130k-140k,Technology
3073,40-49,21**,110k-120k,Management
3074,20-29,22**,80k-90k,Technology
3075,40-49,20**,90k-100k,Medical
3076,30-39,20**,100k-110k,Technology
3077,50-59,20**,100k-110k,Business
3078,20-29,21**,60k-70k,Finance
3079,50-59,21**,120k-130k,Technology
3080,50-59,20**,110k-120k,Finance
3081,20-29,21**,50k-60k,Business
3082,40-49,21**,90k-100k,Medical
3083,20-29,20**,60k-70k,Finance
3084,30-39,22**,80k-90k,Finance
3085,20-29,20**,80k-90k,Technology
3086,40-49,20**,110k-120k,Technology
3087,40-49,20**,110k-120k,Management
3088,20-29,20**,70k-80k,Technology
3089,30-39,20**,80k-90k,Finance
3090,40-49,21**,90k-100k,Medical
3091,50-59,22**,130k-140k,Technology
3092,40-49,21**,70k-80k,Business
3093,50-59,20**,80k-90k,Business
3094,60-65,21**,100k-110k,Business
3095,30-39,20**,80k-90k,Education
3096,40-49,21**,120k-130k,Technology
3097,20-29,20**,80k-90k,Medical
3098,60-65,21**,100k-110k,Technology
3099,50-59,22**,110k-120k,Business
3100,20-29,20**,60k-70k,Technology
3101,40-49,20**,120k-130k,Management
3102,40-49,21**,80k-90k,Finance
3103,30-39,20**,70k-80k,Business
3104,40-49,20**,80k-90k,Technology
3105,50-59,22**,120k-130k,Technology
3106,50-59,21**,100k-110k,Business
3107,40-49,21**,90k-100k,Education
3108,50-59,20**,90k-100k,Education
3109,40-49,21**,90k-100k,Medical
3110,50-59,20**,100k-110k,Business
3111,40-49,20**,100k-110k,Medical
3112,50-59,22**,100k-110k,Finance
3113,20-29,20**,70k-80k,Technology
3114,50-59,20**,110k-120k,Medical
3115,60-65,21**,100k-110k,Business
3116,50-59,21**,110k-120k,Business
3117,20-29,21**,60k-70k,Finance
3118,30-39,21**,70k-80k,Business
3119,20-29,21**,60k-70k,Finance
3120,40-49,21**,80k-90k,Business
3121,18-19,20**,70k-80k,Education
3122,30-39,22**,80k-90k,Finance
3123,30-39,22**,80k-90k,Medical
3124,18-19,20**,70k-80k,Medical
3125,18-19,21**,80k-90k,Technology
3126,60-65,20**,110k-120k,Business
3127,20-29,21**,60k-70k,Business
3128,50-59,20**,110k-120k,Medical
3129,20-29,21**,50k-60k,Business
3130,50-59,22**,100k-110k,Medical
3131,40-49,21**,80k-90k,Education
3132,40-49,20**,80k-90k,Finance
3133,50-59,22**,120k-130k,Technology
3134,40-49,21**,80k-90k,Finance
3135,30-39,20**,70k-80k,Finance
3136,18-19,20**,80k-90k,Medical
3137,20-29,21**,80k-90k,Technology
3138,20-29,21**,50k-60k,Business
3139,60-65,21**,140k-150k,Technology
3140,20-29,22**,60k-70k,Finance
3141,30-39,21**,70k-80k,Finance
3142,60-65,20**,110k-120k,Medical
3143,30-39,20**,80k-90k,Technology
3144,50-59,20**,90k-100k,Business
3145,40-49,20**,80k-90k,Business
3146,20-29,20**,70k-80k,Finance
3147,20-29,21**,80k-90k,Technology
3148,30-39,20**,80k-90k,Medical
3149,18-19,20**,70k-80k,Medical
3150,50-59,20**,130k-140k,Technology
3151,40-49,22**,90k-100k,Education
3152,20-29,20**,80k-90k,Technology
3153,20-29,22**,70k-80k,Business
3154,20-29,20**,70k-80k,Technology
3155,40-49,21**,90k-100k,Business
3156,18-19,21**,80k-90k,Technology
3157,20-29,21**,60k-70k,Finance
3158,50-59,21**,100k-110k,Technology
3159,20-29,21**,60k-70k,Finance
3160,30-39,20**,70k-80k,Technology
3161,30-39,22**,80k-90k,Technology
3162,30-39,21**,80k-90k,Finance
3163,20-29,22**,70k-80k,Education
3164,50-59,21**,110k-120k,Finance
3165,40-49,21**,110k-120k,Management
3166,30-39,20**,100k-110k,Technology
3167,40-49,21**,110k-120k,Technology
3168,30-39,20**,110k-120k,Technology
3169,40-49,21**,90k-100k,Business
3170,60-65,20**,110k-120k,Finance
3171,50-59,21**,100k-110k,Medical
3172,50-59,21**,90k-100k,Education
3173,40-49,20**,120k-130k,Technology
3174,30-39,21**,70k-80k,Business
3175,50-59,21**,130k-140k,Management
3176,18-19,20**,70k-80k,Technology
3177,40-49,21**,110k-120k,Technology
3178,20-29,22**,60k-70k,Finance
3179,40-49,20**,100k-110k,Technology
3180,18-19,22**,60k-70k,Education
3181,60-65,20**,110k-120k,Education
3182,50-59,20**,110k-120k,Education
3183,20-29,20**,80k-90k,Medical
3184,30-39,20**,80k-90k,Management
3185,50-59,22**,110k-120k,Finance
3186,60-65,21**,130k-140k,Technology
3187,60-65,20**,110k-120k,Medical
3188,30-39,20**,70k-80k,Finance
3189,40-49,20**,90k-100k,Technology
3190,20-29,21**,80k-90k,Technology
3191,50-59,21**,100k-110k,Education
3192,30-39,20**,70k-80k,Business
3193,18-19,20**,60k-70k,Business
3194,30-39,21**,90k-100k,Technology
3195,50-59,20**,120k-130k,Management
3196,50-59,20**,100k-110k,Technology
3197,20-29,22**,70k-80k,Medical
3198,30-39,21**,80k-90k,Education
3199,20-29,20**,90k-100k,Management
3200,50-59,21**,100k-110k,Technology
3201,60-65,21**,100k-110k,Business
3202,40-49,20**,70k-80k,Business
3203,30-39,20**,70k-80k,Technology
3204,20-29,22**,70k-80k,Education
3205,30-39,20**,90k-100k,Technology
3206,60-65,21**,100k-110k,Education
3207,60-65,20**,90k-100k,Technology
3208,20-29,20**,60k-70k,Technology
3209,30-39,22**,80k-90k,Education
3210,30-39,20**,110k-120k,Technology
3211,40-49,20**,110k-120k,Technology
3212,20-29,21**,70k-80k,Business
3213,60-65,21**,140k-150k,Technology
3214,30-39,21**,70k-80k,Business
3215,30-39,22**,80k-90k,Education
3216,30-39,20**,90k-100k,Technology
3217,60-65,21**,140k-150k,Technology
3218,30-39,22**,60k-70k,Finance
3219,20-29,20**,60k-70k,Business
3220,18-19,21**,60k-70k,Finance
3221,30-39,20**,70k-80k,Business
3222,30-39,21**,70k-80k,Business
3223,30-39,22**,90k-100k,Finance
3224,50-59,21**,130k-140k,Technology
3225,20-29,21**,70k-80k,Finance
3226,40-49,21**,80k-90k,Business
3227,40-49,20**,80k-90k,Finance
3228,40-49,22**,110k-120k,Technology
3229,50-59,20**,120k-130k,Technology
3230,20-29,20**,70k-80k,Technology
3231,40-49,20**,110k-120k,Technology
3232,40-49,21**,110k-120k,Management
3233,30-39,21**,80k-90k,Technology
3234,40-49,20**,80k-90k,Medical
3235,40-49,21**,110k-120k,Management
3236,30-39,21**,80k-90k,Technology
3237,40-49,20**,100k-110k,Technology
3238,60-65,20**,110k-120k,Medical
3239,30-39,20**,90k-100k,Medical
3240,30-39,21**,100k-110k,Management
3241,50-59,20**,90k-100k,Medical
3242,50-59,20**,100k-110k,Finance
3243,20-29,20**,80k-90k,Technology
3244,30-39,20**,80k-90k,Finance
3245,20-29,20**,70k-80k,Finance
3246,40-49,20**,90k-100k,Medical
3247,60-65,21**,110k-120k,Finance
3248,20-29,21**,70k-80k,Finance
3249,60-65,20**,90k-100k,Business
3250,20-29,21**,90k-100k,Technology
3251,60-65,22**,110k-120k,Finance
3252,20-29,22**,60k-70k,Education
3253,20-29,20**,90k-100k,Technology
3254,20-29,22**,70k-80k,Technology
3255,40-49,20**,80k-90k,Education
3256,30-39,20**,80k-90k,Technology
3257,50-59,21**,110k-120k,Education
3258,18-19,20**,60k-70k,Business
3259,20-29,20**,80k-90k,Technology
3260,60-65,20**,120k-130k,Finance
3261,50-59,20**,110k-120k,Technology
3262,20-29,22**,70k-80k,Finance
3263,40-49,22**,90k-100k,Business
3264,50-59,22**,110k-120k,Finance
3265,30-39,21**,70k-80k,Education
3266,40-49,22**,90k-100k,Finance
3267,50-59,21**,80k-90k,Business
3268,30-39,22**,90k-100k,Management
3269,20-29,20**,70k-80k,Medical
3270,40-49,20**,80k-90k,Business
3271,50-59,21**,100k-110k,Medical
3272,60-65,20**,140k-150k,Technology
3273,50-59,20**,130k-140k,Technology
3274,40-49,20**,110k-120k,Management
3275,60-65,20**,110k-120k,Education
3276,50-59,20**,100k-110k,Medical
3277,30-39,21**,80k-90k,Technology
3278,60-65,21**,100k-110k,Education
3279,40-49,21**,90k-100k,Business
3280,30-39,20**,100k-110k,Technology
3281,60-65,21**,130k-140k,Technology
3282,50-59,21**,110k-120k,Finance
3283,60-65,20**,140k-150k,Technology
3284,30-39,20**,90k-100k,Technology
3285,40-49,20**,90k-100k,Technology
3286,50-59,20**,130k-140k,Technology
3287,30-39,21**,80k-90k,Technology
3288,60-65,20**,100k-110k,Technology
3289,20-29,20**,70k-80k,Education
3290,60-65,20**,120k-130k,Management
3291,60-65,20**,110k-120k,Finance
3292,40-49,20**,80k-90k,Business
3293,30-39,21**,80k-90k,Technology
3294,30-39,21**,80k-90k,Medical
3295,20-29,20**,80k-90k,Finance
3296,30-39,21**,110k-120k,Technology
3297,60-65,21**,100k-110k,Education
3298,60-65,20**,100k-110k,Finance
3299,40-49,20**,110k-120k,Management
3300,30-39,20**,100k-110k,Technology
3301,50-59,21**,90k-100k,Business
3302,40-49,20**,90k-100k,Medical
3303,50-59,22**,90k-100k,Business
3304,50-59,21**,100k-110k,Education
3305,40-49,21**,90k-100k,Business
3306,40-49,21**,80k-90k,Technology
3307,40-49,20**,110k-120k,Technology
3308,30-39,21**,70k-80k,Business
3309,20-29,21**,70k-80k,Business
3310,30-39,21**,70k-80k,Technology
3311,40-49,21**,90k-100k,Technology
3312,40-49,20**,80k-90k,Technology
3313,30-39,20**,100k-110k,Technology
3314,20-29,21**,70k-80k,Finance
3315,60-65,20**,100k-110k,Education
3316,60-65,22**,110k-120k,Business
3317,60-65,22**,100k-110k,Technology
3318,50-59,21**,130k-140k,Technology
3319,20-29,22**,60k-70k,Finance
3320,30-39,22**,70k-80k,Finance
3321,40-49,22**,80k-90k,Business
3322,20-29,20**,70k-80k,Technology
3323,50-59,21**,120k-130k,Technology
3324,30-39,20**,80k-90k,Finance
3325,18-19,21**,80k-90k,Management
3326,20-29,20**,80k-90k,Technology
3327,40-49,20**,120k-130k,Technology
3328,30-39,22**,70k-80k,Business
3329,60-65,20**,100k-110k,Business
3330,20-29,20**,60k-70k,Technology
3331,60-65,20**,110k-120k,Finance
3332,60-65,20**,140k-150k,Management
3333,40-49,20**,90k-100k,Finance
3334,50-59,21**,90k-100k,Business
3335,40-49,22**,90k-100k,Medical
3336,40-49,21**,90k-100k,Medical
3337,18-19,21**,60k-70k,Finance
3338,50-59,20**,110k-120k,Medical
3339,30-39,22**,80k-90k,Technology
3340,20-29,20**,70k-80k,Education
3341,60-65,20**,90k-100k,Business
3342,20-29,21**,80k-90k,Education
3343,30-39,22**,80k-90k,Education
3344,40-49,20**,100k-110k,Management
3345,50-59,21**,140k-150k,Technology
3346,30-39,22**,70k-80k,Business
3347,30-39,21**,70k-80k,Finance
3348,50-59,21**,100k-110k,Business
3349,50-59,21**,130k-140k,Technology
3350,60-65,20**,120k-130k,Management
3351,60-65,21**,110k-120k,Education
3352,40-49,21**,80k-90k,Business
3353,20-29,20**,60k-70k,Technology
3354,30-39,22**,80k-90k,Technology
3355,40-49,20**,90k-100k,Business
3356,60-65,20**,100k-110k,Finance
3357,60-65,21**,110k-120k,Medical
3358,20-29,20**,50k-60k,Business
3359,20-29,21**,80k-90k,Technology
3360,50-59,20**,100k-110k,Technology
3361,20-29,21**,60k-70k,Business
3362,50-59,21**,90k-100k,Business
3363,30-39,21**,80k-90k,Finance
3364,60-65,20**,110k-120k,Finance
3365,60-65,21**,140k-150k,Technology
3366,30-39,21**,80k-90k,Technology
3367,50-59,20**,120k-130k,Technology
3368,20-29,21**,70k-80k,Technology
3369,50-59,20**,120k-130k,Management
3370,20-29,21**,90k-100k,Management
3371,30-39,21**,70k-80k,Business
3372,40-49,21**,90k-100k,Education
3373,20-29,21**,90k-100k,Technology
3374,50-59,20**,120k-130k,Medical
3375,20-29,21**,80k-90k,Technology
3376,20-29,21**,80k-90k,Technology
3377,20-29,21**,50k-60k,Business
3378,18-19,20**,60k-70k,Finance
3379,40-49,20**,80k-90k,Education
3380,30-39,21**,100k-110k,Technology
3381,30-39,21**,100k-110k,Management
3382,30-39,21**,80k-90k,Medical
3383,50-59,21**,120k-130k,Technology
3384,30-39,20**,80k-90k,Technology
3385,40-49,20**,90k-100k,Finance
3386,20-29,20**,90k-100k,Technology
3387,60-65,22**,100k-110k,Education
3388,30-39,20**,80k-90k,Business
3389,50-59,21**,90k-100k,Technology
3390,40-49,22**,70k-80k,Business
3391,50-59,20**,90k-100k,Business
3392,60-65,20**,100k-110k,Technology
3393,40-49,20**,120k-130k,Management
3394,40-49,20**,80k-90k,Business
3395,18-19,20**,60k-70k,Technology
3396,50-59,21**,80k-90k,Business
3397,50-59,20**,90k-100k,Business
3398,40-49,21**,110k-120k,Technology
3399,50-59,20**,130k-140k,Technology
3400,20-29,21**,60k-70k,Business
3401,30-39,21**,60k-70k,Education
3402,30-39,20**,80k-90k,Finance
3403,18-19,21**,60k-70k,Finance
3404,50-59,20**,90k-100k,Technology
3405,20-29,20**,70k-80k,Technology
3406,40-49,20**,110k-120k,Technology
3407,30-39,21**,80k-90k,Education
3408,30-39,21**,100k-110k,Technology
3409,40-49,22**,100k-110k,Technology
3410,20-29,21**,60k-70k,Finance
3411,40-49,20**,100k-110k,Education
3412,60-65,21**,120k-130k,Finance
3413,30-39,21**,70k-80k,Finance
3414,30-39,21**,90k-100k,Management
3415,20-29,21**,70k-80k,Education
3416,30-39,20**,90k-100k,Technology
3417,50-59,20**,100k-110k,Finance
3418,30-39,21**,80k-90k,Technology
3419,20-29,22**,60k-70k,Finance
3420,50-59,20**,90k-100k,Business
3421,40-49,20**,90k-100k,Technology
3422,50-59,20**,100k-110k,Medical
3423,20-29,21**,70k-80k,Finance
3424,40-49,21**,90k-100k,Technology
3425,40-49,20**,80k-90k,Technology
3426,40-49,22**,110k-120k,Technology
3427,50-59,22**,90k-100k,Technology
3428,20-29,21**,80k-90k,Management
3429,50-59,20**,110k-120k,Education
3430,30-39,20**,80k-90k,Technology
3431,40-49,20**,90k-100k,Technology
3432,40-49,21**,90k-100k,Finance
3433,40-49,22**,90k-100k,Business
3434,50-59,20**,100k-110k,Finance
3435,40-49,20**,80k-90k,Finance
3436,30-39,20**,80k-90k,Finance
3437,50-59,20**,110k-120k,Finance
3438,40-49,21**,80k-90k,Technology
3439,40-49,22**,90k-100k,Finance
3440,50-59,20**,90k-100k,Business
3441,30-39,22**,70k-80k,Business
3442,30-39,21**,100k-110k,Technology
3443,18-19,20**,60k-70k,Business
3444,20-29,21**,70k-80k,Education
3445,30-39,20**,90k-100k,Medical
3446,20-29,21**,70k-80k,Finance
3447,30-39,21**,90k-100k,Technology
3448,30-39,20**,80k-90k,Finance
3449,20-29,22**,60k-70k,Finance
3450,20-29,22**,50k-60k,Business
3451,30-39,22**,80k-90k,Technology
3452,20-29,21**,100k-110k,Management
3453,30-39,21**,80k-90k,Technology
3454,20-29,20**,60k-70k,Finance
3455,60-65,21**,100k-110k,Education
3456,50-59,21**,90k-100k,Finance
3457,20-29,21**,80k-90k,Management
3458,50-59,20**,110k-120k,Technology
3459,30-39,21**,80k-90k,Business
3460,20-29,20**,70k-80k,Medical
3461,18-19,21**,60k-70k,Education
3462,30-39,22**,90k-100k,Medical
3463,40-49,21**,90k-100k,Finance
3464,20-29,20**,70k-80k,Education
3465,20-29,20**,50k-60k,Business
3466,50-59,20**,100k-110k,Finance
3467,60-65,21**,130k-140k,Management
3468,30-39,21**,70k-80k,Medical
3469,60-65,21**,130k-140k,Technology
3470,20-29,21**,70k-80k,Finance
3471,50-59,22**,120k-130k,Management
3472,50-59,21**,110k-120k,Technology
3473,50-59,22**,100k-110k,Business
3474,50-59,20**,90k-100k,Business
3475,30-39,20**,60k-70k,Business
3476,30-39,21**,70k-80k,Finance
3477,40-49,22**,80k-90k,Education
3478,60-65,21**,110k-120k,Finance
3479,40-49,21**,110k-120k,Technology
3480,50-59,21**,120k-130k,Technology
3481,50-59,21**,100k-110k,Finance
3482,30-39,20**,70k-80k,Business
3483,30-39,22**,90k-100k,Medical
3484,60-65,21**,130k-140k,Technology
3485,30-39,20**,70k-80k,Education
3486,20-29,21**,80k-90k,Medical
3487,20-29,21**,60k-70k,Business
3488,20-29,20**,60k-70k,Business
3489,20-29,20**,80k-90k,Medical
3490,60-65,22**,100k-110k,Business
3491,20-29,21**,60k-70k,Technology
3492,60-65,20**,130k-140k,Technology
3493,50-59,21**,120k-130k,Management
3494,40-49,21**,110k-120k,Technology
3495,30-39,20**,80k-90k,Finance
3496,30-39,21**,70k-80k,Business
3497,60-65,20**,110k-120k,Technology
3498,40-49,22**,100k-110k,Medical
3499,60-65,20**,120k-130k,Medical
3500,60-65,22**,130k-140k,Technology
3501,60-65,21**,100k-110k,Business
3502,20-29,21**,80k-90k,Technology
3503,40-49,21**,80k-90k,Business
3504,40-49,21**,120k-130k,Technology
3505,30-39,20**,90k-100k,Technology
3506,40-49,20**,100k-110k,Education
3507,50-59,21**,120k-130k,Management
3508,40-49,20**,90k-100k,Finance
3509,30-39,20**,90k-100k,Technology
3510,60-65,21**,110k-120k,Finance
3511,30-39,21**,70k-80k,Business
3512,20-29,20**,60k-70k,Education
3513,20-29,20**,70k-80k,Finance
3514,40-49,20**,80k-90k,Finance
3515,30-39,20**,70k-80k,Business
3516,60-65,20**,100k-110k,Finance
3517,30-39,21**,90k-100k,Management
3518,18-19,20**,60k-70k,Business
3519,50-59,20**,100k-110k,Finance
3520,18-19,20**,60k-70k,Education
3521,50-59,22**,110k-120k,Medical
3522,50-59,21**,120k-130k,Technology
3523,20-29,21**,80k-90k,Technology
3524,40-49,20**,90k-100k,Finance
3525,30-39,21**,90k-100k,Technology
3526,60-65,22**,100k-110k,Finance
3527,30-39,21**,100k-110k,Technology
3528,30-39,22**,80k-90k,Business
3529,60-65,22**,130k-140k,Technology
3530,20-29,20**,70k-80k,Medical
3531,30-39,21**,70k-80k,Finance
3532,50-59,20**,90k-100k,Technology
3533,50-59,20**,100k-110k,Medical
3534,30-39,20**,80k-90k,Business
3535,20-29,20**,60k-70k,Business
3536,30-39,21**,80k-90k,Technology
3537,18-19,20**,70k-80k,Medical
3538,50-59,20**,90k-100k,Business
3539,20-29,22**,70k-80k,Medical
3540,50-59,22**,120k-130k,Medical
3541,30-39,21**,80k-90k,Education
3542,60-65,20**,130k-140k,Technology
3543,30-39,21**,80k-90k,Business
3544,50-59,21**,110k-120k,Education
3545,30-39,20**,90k-100k,Technology
3546,30-39,21**,80k-90k,Medical
3547,30-39,20**,80k-90k,Medical
3548,40-49,22**,80k-90k,Education
3549,40-49,22**,80k-90k,Medical
3550,40-49,21**,90k-100k,Business
3551,60-65,20**,100k-110k,Finance
3552,30-39,20**,100k-110k,Management
3553,20-29,20**,80k-90k,Management
3554,60-65,21**,110k-120k,Education
3555,40-49,21**,90k-100k,Medical
3556,20-29,21**,60k-70k,Finance
3557,30-39,20**,80k-90k,Technology
3558,40-49,21**,80k-90k,Finance
3559,50-59,22**,80k-90k,Finance
3560,50-59,20**,90k-100k,Business
3561,50-59,20**,110k-120k,Management
3562,40-49,22**,100k-110k,Technology
3563,40-49,20**,90k-100k,Management
3564,50-59,21**,100k-110k,Finance
3565,30-39,21**,90k-100k,Technology
3566,60-65,20**,100k-110k,Finance
3567,40-49,21**,80k-90k,Education
3568,50-59,20**,80k-90k,Finance
3569,18-19,20**,80k-90k,Management
3570,40-49,20**,80k-90k,Business
3571,30-39,20**,80k-90k,Finance
3572,50-59,20**,100k-110k,Finance
3573,60-65,21**,140k-150k,Technology
3574,20-29,20**,60k-70k,Finance
3575,20-29,22**,80k-90k,Management
3576,18-19,22**,70k-80k,Technology
3577,50-59,20**,140k-150k,Technology
3578,40-49,21**,80k-90k,Finance
3579,30-39,21**,80k-90k,Medical
3580,30-39,21**,80k-90k,Finance
3581,20-29,22**,80k-90k,Finance
3582,40-49,20**,100k-110k,Medical
3583,20-29,21**,70k-80k,Finance
3584,30-39,20**,80k-90k,Business
3585,50-59,21**,80k-90k,Finance
3586,40-49,21**,110k-120k,Medical
3587,60-65,21**,130k-140k,Technology
3588,50-59,21**,90k-100k,Technology
3589,40-49,21**,100k-110k,Education
3590,20-29,20**,60k-70k,Finance
3591,50-59,20**,130k-140k,Technology
3592,20-29,21**,80k-90k,Finance
3593,30-39,20**,90k-100k,Technology
3594,50-59,21**,110k-120k,Business
3595,30-39,21**,70k-80k,Technology
3596,40-49,22**,90k-100k,Finance
3597,20-29,20**,80k-90k,Technology
3598,50-59,20**,100k-110k,Medical
3599,60-65,21**,110k-120k,Finance
3600,50-59,20**,90k-100k,Business
3601,30-39,22**,80k-90k,Business
3602,50-59,22**,110k-120k,Management
3603,20-29,22**,70k-80k,Medical
3604,40-49,20**,100k-110k,Technology
3605,50-59,20**,110k-120k,Technology
3606,40-49,20**,110k-120k,Technology
3607,40-49,22**,130k-140k,Technology
3608,40-49,22**,130k-140k,Technology
3609,40-49,20**,90k-100k,Medical
3610,20-29,20**,70k-80k,Medical
3611,50-59,21**,100k-110k,Education
3612,50-59,20**,120k-130k,Technology
3613,50-59,21**,90k-100k,Finance
3614,50-59,20**,90k-100k,Business
3615,40-49,20**,80k-90k,Finance
3616,20-29,22**,90k-100k,Management
3617,18-19,21**,60k-70k,Education
3618,20-29,20**,60k-70k,Business
3619,30-39,20**,70k-80k,Finance
3620,50-59,20**,80k-90k,Business
3621,20-29,21**,60k-70k,Business
3622,20-29,21**,90k-100k,Technology
3623,30-39,22**,70k-80k,Education
3624,30-39,20**,80k-90k,Finance
3625,50-59,21**,110k-120k,Finance
3626,30-39,21**,90k-100k,Management
3627,20-29,20**,50k-60k,Business
3628,60-65,20**,100k-110k,Finance
3629,30-39,20**,60k-70k,Business
3630,50-59,22**,90k-100k,Business
3631,30-39,21**,80k-90k,Business
3632,30-39,22**,80k-90k,Business
3633,30-39,20**,90k-100k,Technology
3634,30-39,21**,80k-90k,Technology
3635,20-29,21**,80k-90k,Technology
3636,30-39,20**,90k-100k,Technology
3637,50-59,21**,90k-100k,Business
3638,30-39,21**,80k-90k,Finance
3639,30-39,21**,100k-110k,Management
3640,40-49,21**,80k-90k,Business
3641,50-59,21**,90k-100k,Education
3642,50-59,20**,90k-100k,Finance
3643,60-65,21**,140k-150k,Technology
3644,40-49,22**,80k-90k,Business
3645,60-65,21**,130k-140k,Technology
3646,50-59,20**,90k-100k,Education
3647,40-49,22**,80k-90k,Business
3648,60-65,20**,120k-130k,Medical
3649,30-39,21**,70k-80k,Medical
3650,60-65,20**,110k-120k,Technology
3651,40-49,20**,90k-100k,Management
3652,50-59,20**,100k-110k,Finance
3653,40-49,21**,80k-90k,Finance
3654,50-59,20**,100k-110k,Finance
3655,50-59,21**,90k-100k,Business
3656,60-65,20**,100k-110k,Finance
3657,50-59,22**,100k-110k,Technology
3658,50-59,21**,90k-100k,Business
3659,40-49,20**,100k-110k,Management
3660,40-49,21**,80k-90k,Technology
3661,60-65,20**,130k-140k,Technology
3662,40-49,20**,110k-120k,Technology
3663,50-59,20**,90k-100k,Technology
3664,50-59,20**,90k-100k,Finance
3665,30-39,22**,80k-90k,Education
3666,50-59,21**,90k-100k,Education
3667,60-65,21**,100k-110k,Medical
3668,20-29,21**,60k-70k,Finance
3669,60-65,20**,110k-120k,Finance
3670,40-49,20**,100k-110k,Technology
3671,30-39,21**,90k-100k,Management
3672,50-59,20**,100k-110k,Technology
3673,50-59,20**,100k-110k,Education
3674,40-49,22**,80k-90k,Business
3675,50-59,20**,90k-100k,Business
3676,20-29,22**,80k-90k,Technology
3677,20-29,21**,60k-70k,Education
3678,20-29,20**,70k-80k,Technology
3679,40-49,22**,110k-120k,Technology
3680,30-39,22**,70k-80k,Finance
3681,30-39,21**,80k-90k,Technology
3682,20-29,20**,80k-90k,Finance
3683,30-39,20**,80k-90k,Medical
3684,30-39,20**,70k-80k,Finance
3685,30-39,20**,70k-80k,Business
3686,40-49,21**,90k-100k,Education
3687,40-49,21**,100k-110k,Management
3688,20-29,21**,50k-60k,Business
3689,50-59,20**,90k-100k,Business
3690,40-49,20**,90k-100k,Finance
3691,60-65,21**,130k-140k,Management
3692,20-29,20**,80k-90k,Management
3693,30-39,20**,60k-70k,Business
3694,20-29,22**,80k-90k,Management
3695,40-49,21**,130k-140k,Technology
3696,30-39,21**,80k-90k,Education
3697,60-65,20**,100k-110k,Business
3698,60-65,22**,130k-140k,Technology
3699,18-19,21**,80k-90k,Technology
3700,30-39,22**,80k-90k,Education
3701,20-29,20**,70k-80k,Education
3702,40-49,20**,100k-110k,Management
3703,40-49,21**,90k-100k,Business
3704,50-59,22**,110k-120k,Medical
3705,40-49,20**,90k-100k,Finance
3706,50-59,21**,100k-110k,Education
3707,30-39,20**,80k-90k,Technology
3708,20-29,21**,70k-80k,Medical
3709,50-59,21**,90k-100k,Medical
3710,20-29,20**,90k-100k,Management
3711,50-59,20**,130k-140k,Management
3712,20-29,22**,90k-100k,Technology
3713,20-29,20**,70k-80k,Technology
3714,40-49,21**,70k-80k,Business
3715,40-49,22**,80k-90k,Technology
3716,30-39,20**,90k-100k,Technology
3717,20-29,20**,80k-90k,Technology
3718,40-49,22**,110k-120k,Technology
3719,20-29,21**,80k-90k,Management
3720,40-49,21**,110k-120k,Technology
3721,40-49,22**,120k-130k,Management
3722,60-65,21**,100k-110k,Finance
3723,40-49,20**,90k-100k,Finance
3724,20-29,20**,70k-80k,Education
3725,30-39,22**,90k-100k,Finance
3726,50-59,21**,100k-110k,Medical
3727,40-49,22**,90k-100k,Business
3728,18-19,21**,60k-70k,Finance
3729,30-39,21**,80k-90k,Education
3730,50-59,21**,100k-110k,Technology
3731,40-49,22**,100k-110k,Technology
3732,20-29,20**,60k-70k,Business
3733,30-39,21**,70k-80k,Finance
3734,30-39,22**,80k-90k,Medical
3735,40-49,20**,110k-120k,Technology
3736,40-49,20**,80k-90k,Business
3737,40-49,20**,110k-120k,Technology
3738,60-65,20**,140k-150k,Management
3739,20-29,22**,60k-70k,Education
3740,50-59,20**,100k-110k,Medical
3741,30-39,21**,110k-120k,Technology
3742,40-49,20**,90k-100k,Business
3743,50-59,21**,100k-110k,Medical
3744,30-39,20**,80k-90k,Medical
3745,50-59,21**,100k-110k,Business
3746,40-49,21**,90k-100k,Education
3747,20-29,21**,90k-100k,Technology
3748,40-49,20**,90k-100k,Technology
3749,30-39,20**,70k-80k,Business
3750,50-59,22**,90k-100k,Business
3751,40-49,21**,90k-100k,Technology
3752,20-29,21**,80k-90k,Technology
3753,40-49,21**,80k-90k,Technology
3754,30-39,20**,80k-90k,Medical
3755,18-19,20**,80k-90k,Management
3756,30-39,21**,70k-80k,Education
3757,40-49,20**,80k-90k,Education
3758,50-59,21**,110k-120k,Technology
3759,50-59,20**,100k-110k,Medical
3760,20-29,20**,80k-90k,Management
3761,60-65,22**,140k-150k,Technology
3762,40-49,21**,100k-110k,Finance
3763,60-65,20**,110k-120k,Business
3764,50-59,20**,90k-100k,Business
3765,30-39,20**,80k-90k,Education
3766,50-59,21**,130k-140k,Technology
3767,60-65,20**,130k-140k,Technology
3768,40-49,20**,90k-100k,Medical
3769,60-65,22**,110k-120k,Finance
3770,40-49,20**,120k-130k,Technology
3771,30-39,21**,90k-100k,Finance
3772,50-59,22**,80k-90k,Finance
3773,40-49,21**,70k-80k,Business
3774,40-49,22**,90k-100k,Finance
3775,30-39,22**,90k-100k,Management
3776,50-59,20**,100k-110k,Medical
3777,30-39,21**,70k-80k,Technology
3778,18-19,22**,70k-80k,Medical
3779,30-39,21**,90k-100k,Finance
3780,50-59,20**,100k-110k,Education
3781,30-39,22**,70k-80k,Technology
3782,30-39,21**,90k-100k,Technology
3783,60-65,21**,110k-120k,Business
3784,40-49,20**,90k-100k,Business
3785,40-49,21**,70k-80k,Business
3786,30-39,20**,80k-90k,Education
3787,40-49,21**,120k-130k,Technology
3788,30-39,22**,90k-100k,Management
3789,60-65,20**,110k-120k,Medical
3790,20-29,20**,60k-70k,Business
3791,50-59,20**,90k-100k,Education
3792,60-65,21**,130k-140k,Management
3793,30-39,21**,80k-90k,Education
3794,18-19,21**,90k-100k,Technology
3795,20-29,21**,70k-80k,Business
3796,40-49,20**,90k-100k,Medical
3797,50-59,20**,90k-100k,Business
3798,50-59,21**,130k-140k,Technology
3799,20-29,21**,80k-90k,Technology
3800,30-39,21**,90k-100k,Technology
3801,20-29,22**,90k-100k,Technology
3802,50-59,21**,100k-110k,Medical
3803,40-49,20**,80k-90k,Business
3804,40-49,22**,100k-110k,Technology
3805,50-59,21**,120k-130k,Management
3806,30-39,21**,90k-100k,Medical
3807,30-39,20**,70k-80k,Business
3808,40-49,20**,100k-110k,Finance
3809,30-39,22**,70k-80k,Business
3810,60-65,21**,140k-150k,Technology
3811,50-59,21**,110k-120k,Medical
3812,30-39,21**,70k-80k,Technology
3813,20-29,21**,70k-80k,Business
3814,20-29,21**,60k-70k,Business
3815,18-19,21**,60k-70k,Education
3816,20-29,22**,70k-80k,Business
3817,60-65,21**,120k-130k,Technology
3818,60-65,22**,110k-120k,Business
3819,50-59,20**,110k-120k,Management
3820,40-49,22**,90k-100k,Education
3821,20-29,22**,60k-70k,Business
3822,30-39,20**,90k-100k,Technology
3823,18-19,21**,60k-70k,Finance
3824,40-49,22**,100k-110k,Finance
3825,40-49,20**,90k-100k,Finance
3826,50-59,21**,120k-130k,Technology
3827,20-29,21**,60k-70k,Finance
3828,18-19,22**,60k-70k,Technology
3829,50-59,21**,80k-90k,Business
3830,40-49,22**,100k-110k,Finance
3831,20-29,22**,70k-80k,Business
3832,60-65,21**,110k-120k,Technology
3833,60-65,20**,110k-120k,Technology
3834,60-65,21**,110k-120k,Technology
3835,60-65,22**,140k-150k,Management
3836,40-49,20**,100k-110k,Technology
3837,30-39,20**,60k-70k,Business
3838,40-49,22**,90k-100k,Medical
3839,20-29,21**,60k-70k,Finance
3840,30-39,20**,80k-90k,Technology
3841,40-49,20**,80k-90k,Business
3842,30-39,22**,90k-100k,Finance
3843,30-39,22**,80k-90k,Business
3844,50-59,21**,90k-100k,Finance
3845,20-29,21**,90k-100k,Technology
3846,18-19,21**,60k-70k,Finance
3847,40-49,20**,80k-90k,Finance
3848,50-59,21**,110k-120k,Finance
3849,60-65,20**,100k-110k,Finance
3850,20-29,20**,60k-70k,Business
3851,30-39,20**,70k-80k,Finance
3852,50-59,20**,110k-120k,Finance
3853,18-19,21**,70k-80k,Finance
3854,60-65,21**,140k-150k,Management
3855,50-59,21**,120k-130k,Technology
3856,50-59,20**,130k-140k,Management
3857,40-49,21**,90k-100k,Medical
3858,50-59,20**,100k-110k,Business
3859,40-49,22**,80k-90k,Technology
3860,30-39,20**,70k-80k,Finance
3861,30-39,20**,100k-110k,Technology
3862,60-65,22**,130k-140k,Technology
3863,40-49,21**,90k-100k,Business
3864,50-59,22**,110k-120k,Technology
3865,30-39,21**,60k-70k,Finance
3866,40-49,20**,110k-120k,Technology
3867,20-29,21**,70k-80k,Finance
3868,60-65,20**,130k-140k,Management
3869,40-49,21**,80k-90k,Business
3870,30-39,22**,70k-80k,Finance
3871,60-65,20**,110k-120k,Finance
3872,20-29,21**,70k-80k,Technology
3873,50-59,20**,100k-110k,Finance
3874,60-65,20**,140k-150k,Technology
3875,30-39,20**,80k-90k,Technology
3876,30-39,21**,70k-80k,Business
3877,40-49,21**,100k-110k,Technology
3878,30-39,20**,100k-110k,Technology
3879,20-29,20**,70k-80k,Business
3880,30-39,21**,100k-110k,Technology
3881,30-39,21**,70k-80k,Business
3882,50-59,21**,100k-110k,Technology
3883,20-29,22**,60k-70k,Business
3884,50-59,21**,80k-90k,Business
3885,30-39,21**,80k-90k,Medical
3886,40-49,20**,120k-130k,Technology
3887,40-49,20**,110k-120k,Management
3888,30-39,20**,100k-110k,Management
3889,30-39,21**,100k-110k,Management
3890,50-59,20**,90k-100k,Business
3891,40-49,20**,100k-110k,Technology
3892,40-49,20**,80k-90k,Business
3893,20-29,22**,70k-80k,Medical
3894,20-29,20**,70k-80k,Business
3895,20-29,20**,60k-70k,Finance
3896,30-39,21**,80k-90k,Finance
3897,30-39,21**,90k-100k,Management
3898,60-65,21**,110k-120k,Finance
3899,50-59,20**,120k-130k,Technology
3900,30-39,20**,70k-80k,Medical
3901,50-59,20**,140k-150k,Technology
3902,40-49,21**,80k-90k,Business
3903,30-39,21**,80k-90k,Finance
3904,40-49,20**,110k-120k,Technology
3905,60-65,22**,110k-120k,Education
3906,40-49,21**,100k-110k,Finance
3907,40-49,20**,90k-100k,Medical
3908,20-29,21**,70k-80k,Medical
3909,40-49,20**,90k-100k,Finance
3910,30-39,20**,80k-90k,Finance
3911,18-19,21**,60k-70k,Education
3912,30-39,21**,100k-110k,Management
3913,30-39,21**,70k-80k,Business
3914,30-39,20**,90k-100k,Technology
3915,20-29,22**,80k-90k,Education
3916,60-65,21**,100k-110k,Business
3917,60-65,22**,120k-130k,Medical
3918,30-39,21**,90k-100k,Finance
3919,40-49,20**,70k-80k,Technology
3920,50-59,20**,110k-120k,Education
3921,40-49,20**,70k-80k,Business
3922,40-49,22**,110k-120k,Technology
3923,30-39,20**,80k-90k,Medical
3924,50-59,21**,100k-110k,Finance
3925,50-59,21**,120k-130k,Technology
3926,30-39,21**,70k-80k,Business
3927,50-59,20**,110k-120k,Management
3928,20-29,22**,80k-90k,Technology
3929,40-49,22**,80k-90k,Business
3930,20-29,21**,70k-80k,Education
3931,40-49,20**,90k-100k,Education
3932,60-65,20**,120k-130k,Finance
3933,60-65,20**,100k-110k,Technology
3934,50-59,21**,110k-120k,Medical
3935,40-49,21**,80k-90k,Technology
3936,50-59,20**,100k-110k,Education
3937,40-49,21**,90k-100k,Technology
3938,50-59,20**,100k-110k,Business
3939,30-39,22**,90k-100k,Technology
3940,50-59,21**,110k-120k,Technology
3941,50-59,21**,110k-120k,Technology
3942,50-59,21**,90k-100k,Business
3943,20-29,20**,70k-80k,Medical
3944,40-49,22**,110k-120k,Technology
3945,20-29,22**,90k-100k,Technology
3946,30-39,21**,80k-90k,Business
3947,18-19,21**,70k-80k,Medical
3948,18-19,21**,50k-60k,Business
3949,18-19,20**,60k-70k,Finance
3950,20-29,20**,80k-90k,Finance
3951,60-65,21**,110k-120k,Education
3952,50-59,21**,100k-110k,Finance
3953,60-65,20**,100k-110k,Business
3954,20-29,20**,60k-70k,Finance
3955,20-29,21**,80k-90k,Technology
3956,20-29,21**,80k-90k,Technology
3957,20-29,20**,60k-70k,Education
3958,60-65,20**,100k-110k,Finance
3959,20-29,20**,70k-80k,Medical
3960,30-39,20**,70k-80k,Education
3961,40-49,21**,100k-110k,Technology
3962,40-49,21**,80k-90k,Finance
3963,40-49,21**,80k-90k,Business
3964,30-39,21**,70k-80k,Medical
3965,20-29,21**,90k-100k,Technology
3966,60-65,20**,130k-140k,Management
3967,30-39,21**,100k-110k,Technology
3968,40-49,21**,80k-90k,Education
3969,30-39,21**,90k-100k,Technology
3970,40-49,21**,90k-100k,Finance
3971,40-49,20**,90k-100k,Technology
3972,40-49,20**,90k-100k,Medical
3973,40-49,20**,90k-100k,Finance
3974,50-59,20**,100k-110k,Finance
3975,50-59,21**,100k-110k,Medical
3976,30-39,20**,70k-80k,Education
3977,30-39,21**,90k-100k,Technology
3978,20-29,20**,80k-90k,Management
3979,60-65,20**,90k-100k,Business
3980,50-59,22**,100k-110k,Finance
3981,40-49,21**,70k-80k,Business
3982,40-49,20**,120k-130k,Technology
3983,20-29,21**,80k-90k,Technology
3984,20-29,21**,70k-80k,Technology
3985,30-39,22**,90k-100k,Medical
3986,30-39,20**,60k-70k,Business
3987,18-19,20**,70k-80k,Education
3988,20-29,21**,80k-90k,Technology
3989,50-59,21**,110k-120k,Medical
3990,20-29,20**,80k-90k,Technology
3991,40-49,20**,80k-90k,Finance
3992,20-29,21**,80k-90k,Technology
3993,40-49,21**,100k-110k,Management
3994,50-59,20**,100k-110k,Technology
3995,40-49,20**,100k-110k,Finance
3996,60-65,21**,120k-130k,Management
3997,40-49,22**,100k-110k,Business
3998,30-39,20**,100k-110k,Technology
3999,20-29,20**,80k-90k,Technology
4000,60-65,22**,140k-150k,Technology
4001,30-39,20**,70k-80k,Business
4002,30-39,20**,80k-90k,Finance
4003,30-39,22**,90k-100k,Business
4004,50-59,21**,120k-130k,Management
4005,20-29,21**,70k-80k,Education
4006,60-65,21**,120k-130k,Technology
4007,60-65,22**,110k-120k,Medical
4008,30-39,20**,90k-100k,Technology
4009,50-59,20**,90k-100k,Technology
4010,40-49,20**,100k-110k,Education
4011,40-49,21**,80k-90k,Business
4012,50-59,21**,100k-110k,Business
4013,30-39,21**,70k-80k,Business
4014,50-59,20**,90k-100k,Business
4015,50-59,20**,130k-140k,Management
4016,20-29,20**,80k-90k,Finance
4017,50-59,22**,90k-100k,Business
4018,60-65,21**,100k-110k,Education
4019,20-29,21**,60k-70k,Education
4020,50-59,20**,120k-130k,Technology
4021,40-49,20**,120k-130k,Technology
4022,60-65,20**,110k-120k,Finance
4023,30-39,21**,80k-90k,Business
4024,20-29,20**,80k-90k,Management
4025,50-59,20**,90k-100k,Finance
4026,18-19,22**,60k-70k,Finance
4027,50-59,20**,100k-110k,Business
4028,50-59,20**,120k-130k,Management
4029,40-49,20**,110k-120k,Management
4030,20-29,20**,60k-70k,Education
4031,60-65,22**,130k-140k,Technology
4032,60-65,21**,140k-150k,Technology
4033,40-49,20**,80k-90k,Finance
4034,40-49,21**,100k-110k,Finance
4035,40-49,21**,80k-90k,Business
4036,20-29,20**,60k-70k,Finance
4037,30-39,22**,100k-110k,Management
4038,30-39,21**,60k-70k,Business
4039,20-29,20**,70k-80k,Medical
4040,40-49,20**,120k-130k,Technology
4041,20-29,21**,90k-100k,Medical
4042,30-39,21**,60k-70k,Finance
4043,30-39,20**,80k-90k,Finance
4044,20-29,22**,50k-60k,Business
4045,30-39,20**,70k-80k,Business
4046,30-39,22**,70k-80k,Technology
4047,50-59,21**,90k-100k,Finance
4048,50-59,21**,90k-100k,Business
4049,60-65,20**,90k-100k,Business
4050,50-59,21**,80k-90k,Business
4051,20-29,20**,60k-70k,Education
4052,40-49,20**,90k-100k,Finance
4053,40-49,20**,90k-100k,Business
4054,30-39,21**,70k-80k,Finance
4055,20-29,21**,60k-70k,Business
4056,30-39,22**,80k-90k,Business
4057,40-49,22**,80k-90k,Technology
4058,30-39,20**,90k-100k,Finance
4059,30-39,22**,90k-100k,Medical
4060,40-49,20**,90k-100k,Technology
4061,60-65,20**,110k-120k,Business
4062,40-49,21**,90k-100k,Finance
4063,60-65,20**,120k-130k,Finance
4064,50-59,21**,90k-100k,Business
4065,50-59,22**,130k-140k,Management
4066,20-29,20**,60k-70k,Business
4067,50-59,21**,120k-130k,Technology
4068,20-29,21**,70k-80k,Finance
4069,60-65,21**,100k-110k,Business
4070,60-65,21**,110k-120k,Technology
4071,40-49,21**,80k-90k,Business
4072,40-49,22**,80k-90k,Medical
4073,30-39,20**,60k-70k,Business
4074,50-59,20**,100k-110k,Education
4075,40-49,22**,90k-100k,Technology
4076,30-39,22**,80k-90k,Education
4077,40-49,20**,80k-90k,Finance
4078,20-29,21**,60k-70k,Education
4079,20-29,21**,70k-80k,Finance
4080,50-59,22**,110k-120k,Education
4081,40-49,21**,100k-110k,Technology
4082,30-39,21**,90k-100k,Education
4083,60-65,20**,110k-120k,Finance
4084,20-29,22**,80k-90k,Technology
4085,30-39,21**,70k-80k,Business
4086,40-49,20**,90k-100k,Finance
4087,40-49,21**,90k-100k,Education
4088,20-29,20**,80k-90k,Technology
4089,20-29,21**,60k-70k,Finance
4090,50-59,20**,120k-130k,Management
4091,50-59,21**,110k-120k,Technology
4092,30-39,20**,100k-110k,Technology
4093,60-65,20**,100k-110k,Medical
4094,60-65,21**,110k-120k,Education
4095,40-49,21**,100k-110k,Technology
4096,60-65,21**,120k-130k,Finance
4097,20-29,20**,70k-80k,Education
4098,20-29,21**,60k-70k,Finance
4099,60-65,20**,120k-130k,Finance
4100,30-39,20**,70k-80k,Finance
4101,40-49,20**,80k-90k,Finance
4102,30-39,20**,80k-90k,Finance
4103,40-49,21**,100k-110k,Medical
4104,50-59,21**,90k-100k,Finance
4105,50-59,21**,100k-110k,Business
4106,40-49,22**,90k-100k,Finance
4107,30-39,21**,80k-90k,Medical
4108,30-39,21**,80k-90k,Education
4109,20-29,20**,80k-90k,Technology
4110,50-59,20**,80k-90k,Business
4111,50-59,21**,90k-100k,Business
4112,20-29,20**,60k-70k,Business
4113,60-65,20**,140k-150k,Management
4114,30-39,20**,70k-80k,Business
4115,50-59,21**,110k-120k,Business
4116,40-49,20**,100k-110k,Technology
4117,50-59,21**,80k-90k,Business
4118,40-49,22**,70k-80k,Business
4119,20-29,20**,60k-70k,Education
4120,50-59,22**,90k-100k,Finance
4121,60-65,21**,110k-120k,Business
4122,60-65,21**,130k-140k,Technology
4123,60-65,20**,110k-120k,Business
4124,60-65,20**,110k-120k,Finance
4125,50-59,21**,120k-130k,Management
4126,50-59,20**,80k-90k,Business
4127,50-59,22**,100k-110k,Technology
4128,50-59,20**,110k-120k,Technology
4129,50-59,22**,100k-110k,Medical
4130,60-65,20**,110k-120k,Finance
4131,20-29,20**,100k-110k,Technology
4132,60-65,20**,130k-140k,Technology
4133,20-29,21**,70k-80k,Medical
4134,40-49,22**,100k-110k,Medical
4135,20-29,20**,60k-70k,Education
4136,30-39,20**,80k-90k,Education
4137,30-39,20**,70k-80k,Business
4138,30-39,20**,80k-90k,Medical
4139,40-49,20**,110k-120k,Technology
4140,20-29,20**,80k-90k,Management
4141,50-59,21**,90k-100k,Technology
4142,60-65,20**,100k-110k,Education
4143,18-19,20**,80k-90k,Management
4144,30-39,20**,80k-90k,Medical
4145,50-59,21**,80k-90k,Business
4146,20-29,22**,70k-80k,Finance
4147,20-29,20**,90k-100k,Management
4148,20-29,21**,90k-100k,Technology
4149,50-59,21**,120k-130k,Technology
4150,50-59,21**,110k-120k,Technology
4151,50-59,21**,90k-100k,Technology
4152,30-39,20**,80k-90k,Finance
4153,60-65,21**,140k-150k,Technology
4154,20-29,21**,80k-90k,Technology
4155,50-59,21**,130k-140k,Technology
4156,40-49,21**,120k-130k,Management
4157,20-29,20**,90k-100k,Management
4158,30-39,20**,70k-80k,Education
4159,40-49,21**,80k-90k,Finance
4160,40-49,21**,90k-100k,Technology
4161,20-29,20**,80k-90k,Management
4162,50-59,21**,100k-110k,Business
4163,50-59,21**,100k-110k,Medical
4164,30-39,20**,80k-90k,Education
4165,30-39,22**,80k-90k,Finance
4166,40-49,21**,80k-90k,Medical
4167,40-49,21**,80k-90k,Technology
4168,30-39,21**,110k-120k,Management
4169,40-49,21**,90k-100k,Finance
4170,60-65,21**,90k-100k,Technology
4171,30-39,20**,100k-110k,Technology
4172,60-65,21**,100k-110k,Business
4173,50-59,22**,100k-110k,Education
4174,50-59,20**,90k-100k,Technology
4175,40-49,21**,90k-100k,Finance
4176,20-29,22**,70k-80k,Medical
4177,50-59,21**,120k-130k,Technology
4178,60-65,20**,90k-100k,Technology
4179,40-49,20**,120k-130k,Technology
4180,20-29,21**,60k-70k,Finance
4181,50-59,20**,80k-90k,Business
4182,40-49,22**,70k-80k,Finance
4183,30-39,20**,80k-90k,Technology
4184,20-29,20**,80k-90k,Medical
4185,40-49,20**,80k-90k,Technology
4186,50-59,21**,90k-100k,Finance
4187,40-49,22**,80k-90k,Business
4188,30-39,21**,70k-80k,Finance
4189,40-49,21**,90k-100k,Medical
4190,30-39,20**,80k-90k,Business
4191,18-19,20**,70k-80k,Medical
4192,20-29,20**,60k-70k,Finance
4193,20-29,21**,80k-90k,Technology
4194,20-29,20**,80k-90k,Management
4195,60-65,22**,120k-130k,Finance
4196,30-39,20**,100k-110k,Management
4197,50-59,20**,100k-110k,Finance
4198,40-49,20**,90k-100k,Finance
4199,40-49,20**,90k-100k,Finance
4200,20-29,21**,60k-70k,Business
4201,20-29,20**,70k-80k,Finance
4202,20-29,22**,80k-90k,Technology
4203,30-39,21**,80k-90k,Medical
4204,40-49,21**,120k-130k,Technology
4205,20-29,20**,80k-90k,Management
4206,60-65,20**,110k-120k,Education
4207,18-19,20**,80k-90k,Technology
4208,20-29,21**,70k-80k,Education
4209,50-59,21**,100k-110k,Technology
4210,20-29,21**,60k-70k,Finance
4211,30-39,22**,90k-100k,Technology
4212,30-39,20**,80k-90k,Business
4213,20-29,21**,70k-80k,Finance
4214,30-39,20**,90k-100k,Management
4215,50-59,20**,90k-100k,Education
4216,60-65,21**,140k-150k,Technology
4217,50-59,21**,90k-100k,Technology
4218,60-65,21**,100k-110k,Education
4219,20-29,22**,80k-90k,Technology
4220,18-19,20**,70k-80k,Medical
4221,20-29,21**,70k-80k,Medical
4222,30-39,21**,80k-90k,Technology
4223,20-29,22**,70k-80k,Technology
4224,50-59,20**,110k-120k,Medical
4225,40-49,22**,90k-100k,Finance
4226,50-59,21**,110k-120k,Finance
4227,40-49,21**,120k-130k,Technology
4228,40-49,20**,80k-90k,Finance
4229,50-59,21**,130k-140k,Technology
4230,20-29,22**,60k-70k,Education
4231,40-49,20**,80k-90k,Finance
4232,40-49,22**,100k-110k,Medical
4233,30-39,20**,80k-90k,Medical
4234,30-39,21**,80k-90k,Medical
4235,40-49,21**,90k-100k,Business
4236,40-49,20**,90k-100k,Education
4237,60-65,20**,120k-130k,Medical
4238,30-39,20**,70k-80k,Finance
4239,50-59,22**,100k-110k,Finance
4240,40-49,21**,110k-120k,Management
4241,50-59,20**,110k-120k,Finance
4242,20-29,20**,70k-80k,Business
4243,50-59,20**,100k-110k,Business
4244,20-29,20**,60k-70k,Finance
4245,50-59,22**,130k-140k,Technology
4246,50-59,20**,100k-110k,Medical
4247,18-19,21**,60k-70k,Finance
4248,60-65,20**,140k-150k,Technology
4249,20-29,21**,70k-80k,Medical
4250,20-29,20**,80k-90k,Medical
4251,30-39,21**,100k-110k,Technology
4252,50-59,21**,90k-100k,Business
4253,60-65,20**,120k-130k,Technology
4254,18-19,20**,60k-70k,Technology
4255,20-29,21**,60k-70k,Education
4256,60-65,20**,140k-150k,Technology
4257,20-29,21**,60k-70k,Education
4258,50-59,21**,100k-110k,Business
4259,60-65,20**,140k-150k,Technology
4260,20-29,20**,80k-90k,Management
4261,20-29,20**,80k-90k,Medical
4262,50-59,20**,110k-120k,Medical
4263,50-59,22**,90k-100k,Business
4264,60-65,20**,100k-110k,Finance
4265,40-49,20**,100k-110k,Technology
4266,40-49,21**,90k-100k,Business
4267,20-29,21**,70k-80k,Technology
4268,40-49,21**,80k-90k,Business
4269,40-49,21**,100k-110k,Technology
4270,40-49,20**,90k-100k,Education
4271,20-29,20**,80k-90k,Technology
4272,60-65,20**,100k-110k,Medical
4273,60-65,22**,100k-110k,Finance
4274,30-39,21**,100k-110k,Technology
4275,40-49,21**,100k-110k,Technology
4276,40-49,21**,110k-120k,Technology
4277,30-39,20**,100k-110k,Management
4278,18-19,20**,60k-70k,Business
4279,20-29,22**,60k-70k,Finance
4280,30-39,21**,70k-80k,Business
4281,20-29,22**,70k-80k,Finance
4282,60-65,20**,140k-150k,Technology
4283,20-29,21**,80k-90k,Technology
4284,60-65,20**,100k-110k,Business
4285,40-49,21**,80k-90k,Finance
4286,40-49,22**,80k-90k,Technology
4287,60-65,20**,110k-120k,Medical
4288,50-59,21**,100k-110k,Medical
4289,20-29,22**,70k-80k,Education
4290,50-59,21**,90k-100k,Finance
4291,30-39,21**,90k-100k,Technology
4292,60-65,21**,100k-110k,Education
4293,18-19,20**,80k-90k,Technology
4294,20-29,21**,80k-90k,Technology
4295,20-29,20**,50k-60k,Business
4296,20-29,22**,60k-70k,Technology
4297,60-65,21**,100k-110k,Education
4298,20-29,22**,70k-80k,Business
4299,50-59,22**,100k-110k,Education
4300,50-59,20**,120k-130k,Technology
4301,30-39,20**,80k-90k,Technology
4302,60-65,20**,140k-150k,Technology
4303,60-65,20**,90k-100k,Finance
4304,60-65,21**,130k-140k,Technology
4305,50-59,20**,130k-140k,Management
4306,30-39,21**,60k-70k,Business
4307,40-49,22**,100k-110k,Finance
4308,20-29,20**,60k-70k,Business
4309,18-19,20**,70k-80k,Technology
4310,30-39,21**,110k-120k,Technology
4311,30-39,22**,80k-90k,Technology
4312,30-39,20**,90k-100k,Technology
4313,20-29,22**,90k-100k,Medical
4314,30-39,21**,80k-90k,Business
4315,50-59,20**,110k-120k,Finance
4316,30-39,22**,70k-80k,Education
4317,50-59,22**,90k-100k,Technology
4318,30-39,20**,90k-100k,Technology
4319,20-29,21**,60k-70k,Business
4320,50-59,20**,110k-120k,Medical
4321,18-19,20**,80k-90k,Technology
4322,40-49,22**,70k-80k,Business
4323,50-59,22**,100k-110k,Finance
4324,40-49,22**,100k-110k,Education
4325,40-49,20**,90k-100k,Business
4326,30-39,22**,100k-110k,Management
4327,30-39,20**,60k-70k,Business
4328,60-65,21**,110k-120k,Education
4329,40-49,21**,100k-110k,Education
4330,40-49,20**,80k-90k,Business
4331,60-65,21**,110k-120k,Medical
4332,20-29,21**,60k-70k,Education
4333,40-49,20**,90k-100k,Education
4334,60-65,20**,140k-150k,Technology
4335,20-29,20**,60k-70k,Finance
4336,40-49,20**,80k-90k,Business
4337,30-39,20**,80k-90k,Finance
4338,40-49,20**,120k-130k,Technology
4339,30-39,20**,80k-90k,Finance
4340,50-59,21**,100k-110k,Business
4341,20-29,22**,60k-70k,Business
4342,40-49,20**,100k-110k,Technology
4343,60-65,21**,100k-110k,Business
4344,20-29,21**,70k-80k,Finance
4345,30-39,21**,70k-80k,Medical
4346,30-39,20**,100k-110k,Technology
4347,60-65,21**,90k-100k,Business
4348,50-59,21**,130k-140k,Technology
4349,30-39,22**,80k-90k,Education
4350,40-49,21**,70k-80k,Business
4351,18-19,21**,60k-70k,Business
4352,30-39,20**,70k-80k,Finance
4353,30-39,20**,80k-90k,Business
4354,30-39,20**,70k-80k,Business
4355,20-29,22**,80k-90k,Education
4356,30-39,21**,60k-70k,Business
4357,30-39,21**,80k-90k,Business
4358,18-19,21**,60k-70k,Education
4359,40-49,21**,110k-120k,Technology
4360,20-29,21**,90k-100k,Management
4361,50-59,20**,110k-120k,Finance
4362,40-49,20**,80k-90k,Finance
4363,40-49,21**,80k-90k,Technology
4364,30-39,20**,80k-90k,Technology
4365,50-59,21**,90k-100k,Business
4366,30-39,21**,80k-90k,Education
4367,50-59,20**,120k-130k,Management
4368,50-59,20**,90k-100k,Business
4369,60-65,22**,100k-110k,Technology
4370,50-59,20**,120k-130k,Management
4371,40-49,22**,80k-90k,Medical
4372,30-39,20**,80k-90k,Finance
4373,30-39,20**,80k-90k,Technology
4374,20-29,21**,60k-70k,Education
4375,40-49,21**,90k-100k,Medical
4376,50-59,20**,90k-100k,Business
4377,30-39,20**,70k-80k,Business
4378,60-65,21**,100k-110k,Business
4379,20-29,20**,60k-70k,Business
4380,18-19,20**,70k-80k,Technology
4381,50-59,21**,90k-100k,Business
4382,30-39,21**,80k-90k,Medical
4383,50-59,22**,110k-120k,Medical
4384,40-49,20**,100k-110k,Technology
4385,50-59,20**,120k-130k,Finance
4386,50-59,21**,90k-100k,Technology
4387,60-65,21**,130k-140k,Technology
4388,20-29,20**,80k-90k,Technology
4389,50-59,22**,120k-130k,Technology
4390,20-29,21**,70k-80k,Education
4391,20-29,20**,70k-80k,Medical
4392,40-49,21**,90k-100k,Medical
4393,50-59,22**,100k-110k,Medical
4394,60-65,21**,130k-140k,Technology
4395,30-39,20**,60k-70k,Business
4396,30-39,20**,60k-70k,Finance
4397,50-59,20**,120k-130k,Management
4398,50-59,21**,90k-100k,Finance
4399,20-29,20**,60k-70k,Finance
4400,20-29,20**,90k-100k,Management
4401,40-49,20**,100k-110k,Medical
4402,30-39,20**,80k-90k,Business
4403,50-59,20**,110k-120k,Technology
4404,50-59,20**,90k-100k,Technology
4405,50-59,20**,100k-110k,Business
4406,60-65,21**,130k-140k,Technology
4407,50-59,21**,120k-130k,Technology
4408,20-29,20**,90k-100k,Management
4409,30-39,21**,100k-110k,Management
4410,40-49,20**,120k-130k,Technology
4411,30-39,20**,80k-90k,Education
4412,30-39,20**,80k-90k,Medical
4413,40-49,21**,100k-110k,Technology
4414,50-59,21**,120k-130k,Management
4415,20-29,20**,90k-100k,Technology
4416,20-29,20**,70k-80k,Finance
4417,60-65,22**,110k-120k,Finance
4418,50-59,21**,110k-120k,Finance
4419,20-29,21**,60k-70k,Finance
4420,30-39,20**,90k-100k,Management
4421,18-19,20**,60k-70k,Finance
4422,30-39,22**,70k-80k,Business
4423,60-65,21**,110k-120k,Education
4424,50-59,21**,130k-140k,Technology
4425,50-59,20**,90k-100k,Business
4426,20-29,20**,50k-60k,Business
4427,18-19,20**,50k-60k,Business
4428,30-39,20**,80k-90k,Technology
4429,40-49,20**,70k-80k,Business
4430,20-29,20**,60k-70k,Education
4431,40-49,20**,90k-100k,Education
4432,40-49,20**,80k-90k,Technology
4433,20-29,20**,70k-80k,Finance
4434,40-49,20**,80k-90k,Finance
4435,40-49,20**,110k-120k,Technology
4436,20-29,21**,70k-80k,Finance
4437,60-65,20**,130k-140k,Management
4438,18-19,21**,50k-60k,Business
4439,60-65,20**,130k-140k,Technology
4440,40-49,20**,80k-90k,Medical
4441,40-49,21**,100k-110k,Medical
4442,20-29,21**,60k-70k,Technology
4443,60-65,20**,130k-140k,Technology
4444,60-65,20**,100k-110k,Business
4445,18-19,20**,60k-70k,Finance
4446,60-65,20**,90k-100k,Business
4447,50-59,21**,110k-120k,Medical
4448,30-39,20**,80k-90k,Technology
4449,20-29,21**,60k-70k,Business
4450,40-49,20**,120k-130k,Management
4451,60-65,22**,110k-120k,Education
4452,50-59,20**,120k-130k,Technology
4453,40-49,21**,110k-120k,Technology
4454,40-49,21**,80k-90k,Business
4455,20-29,22**,70k-80k,Business
4456,40-49,21**,80k-90k,Education
4457,50-59,20**,110k-120k,Finance
4458,40-49,21**,90k-100k,Business
4459,60-65,20**,140k-150k,Technology
4460,50-59,21**,120k-130k,Technology
4461,50-59,21**,120k-130k,Technology
4462,30-39,20**,80k-90k,Medical
4463,20-29,21**,80k-90k,Management
4464,50-59,21**,110k-120k,Technology
4465,30-39,22**,90k-100k,Management
4466,60-65,22**,110k-120k,Finance
4467,40-49,20**,120k-130k,Technology
4468,50-59,21**,110k-120k,Medical
4469,30-39,21**,70k-80k,Business
4470,60-65,20**,140k-150k,Technology
4471,20-29,22**,60k-70k,Finance
4472,50-59,21**,110k-120k,Technology
4473,20-29,20**,70k-80k,Finance
4474,30-39,21**,70k-80k,Finance
4475,30-39,20**,60k-70k,Technology
4476,30-39,20**,90k-100k,Technology
4477,60-65,20**,130k-140k,Technology
4478,40-49,21**,110k-120k,Technology
4479,60-65,20**,120k-130k,Medical
4480,30-39,21**,80k-90k,Education
4481,30-39,21**,80k-90k,Finance
4482,40-49,21**,80k-90k,Business
4483,60-65,20**,110k-120k,Business
4484,30-39,20**,80k-90k,Education
4485,60-65,21**,110k-120k,Business
4486,20-29,22**,80k-90k,Medical
4487,50-59,22**,110k-120k,Education
4488,18-19,20**,70k-80k,Medical
4489,20-29,20**,70k-80k,Business
4490,20-29,20**,70k-80k,Technology
4491,40-49,22**,100k-110k,Medical
4492,30-39,21**,60k-70k,Business
4493,30-39,21**,90k-100k,Finance
4494,30-39,21**,60k-70k,Business
4495,18-19,21**,80k-90k,Technology
4496,50-59,20**,100k-110k,Business
4497,20-29,20**,80k-90k,Business
4498,40-49,22**,100k-110k,Management
4499,30-39,20**,80k-90k,Business
4500,40-49,21**,120k-130k,Technology
4501,20-29,20**,80k-90k,Technology
4502,30-39,20**,80k-90k,Medical
4503,20-29,21**,70k-80k,Finance
4504,30-39,21**,70k-80k,Technology
4505,40-49,20**,80k-90k,Technology
4506,30-39,22**,80k-90k,Education
4507,40-49,22**,90k-100k,Finance
4508,60-65,20**,130k-140k,Technology
4509,20-29,22**,100k-110k,Technology
4510,50-59,21**,100k-110k,Technology
4511,40-49,20**,100k-110k,Medical
4512,60-65,22**,110k-120k,Education
4513,20-29,21**,70k-80k,Medical
4514,30-39,21**,90k-100k,Medical
4515,20-29,20**,70k-80k,Technology
4516,60-65,21**,110k-120k,Education
4517,50-59,20**,80k-90k,Finance
4518,18-19,20**,90k-100k,Technology
4519,20-29,21**,70k-80k,Finance
4520,40-49,20**,110k-120k,Management
4521,20-29,21**,80k-90k,Technology
4522,20-29,20**,80k-90k,Management
4523,30-39,20**,90k-100k,Technology
4524,60-65,20**,120k-130k,Medical
4525,20-29,20**,80k-90k,Management
4526,50-59,21**,110k-120k,Finance
4527,18-19,20**,60k-70k,Finance
4528,30-39,20**,70k-80k,Business
4529,60-65,21**,110k-120k,Business
4530,30-39,20**,90k-100k,Technology
4531,50-59,20**,110k-120k,Management
4532,60-65,21**,130k-140k,Technology
4533,20-29,21**,60k-70k,Business
4534,50-59,20**,130k-140k,Technology
4535,50-59,20**,100k-110k,Education
4536,40-49,21**,80k-90k,Technology
4537,30-39,20**,80k-90k,Medical
4538,60-65,21**,110k-120k,Education
4539,50-59,22**,90k-100k,Finance
4540,40-49,21**,90k-100k,Business
4541,50-59,20**,140k-150k,Technology
4542,50-59,21**,90k-100k,Finance
4543,40-49,20**,90k-100k,Business
4544,20-29,20**,80k-90k,Management
4545,50-59,21**,100k-110k,Technology
4546,40-49,21**,90k-100k,Finance
4547,30-39,21**,100k-110k,Management
4548,30-39,21**,80k-90k,Business
4549,40-49,22**,90k-100k,Business
4550,60-65,21**,110k-120k,Business
4551,20-29,20**,60k-70k,Business
4552,60-65,20**,110k-120k,Business
4553,50-59,22**,80k-90k,Business
4554,30-39,20**,80k-90k,Finance
4555,50-59,20**,120k-130k,Management
4556,30-39,21**,70k-80k,Finance
4557,40-49,20**,90k-100k,Finance
4558,50-59,20**,100k-110k,Medical
4559,50-59,22**,100k-110k,Medical
4560,50-59,22**,130k-140k,Technology
4561,30-39,22**,80k-90k,Education
4562,50-59,20**,100k-110k,Education
4563,50-59,20**,120k-130k,Management
4564,60-65,22**,110k-120k,Finance
4565,30-39,22**,70k-80k,Business
4566,20-29,21**,60k-70k,Business
4567,40-49,22**,80k-90k,Business
4568,50-59,21**,90k-100k,Business
4569,20-29,21**,60k-70k,Finance
4570,30-39,21**,100k-110k,Technology
4571,40-49,20**,80k-90k,Technology
4572,30-39,21**,80k-90k,Business
4573,50-59,21**,110k-120k,Finance
4574,40-49,20**,70k-80k,Finance
4575,40-49,21**,80k-90k,Business
4576,40-49,21**,100k-110k,Medical
4577,20-29,20**,80k-90k,Technology
4578,40-49,20**,70k-80k,Technology
4579,30-39,21**,100k-110k,Technology
4580,30-39,20**,100k-110k,Technology
4581,30-39,22**,80k-90k,Technology
4582,20-29,20**,60k-70k,Technology
4583,50-59,20**,110k-120k,Finance
4584,30-39,20**,80k-90k,Finance
4585,50-59,21**,100k-110k,Finance
4586,30-39,20**,100k-110k,Technology
4587,50-59,20**,90k-100k,Education
4588,40-49,21**,70k-80k,Finance
4589,20-29,21**,80k-90k,Technology
4590,40-49,20**,110k-120k,Technology
4591,40-49,20**,90k-100k,Finance
4592,50-59,20**,130k-140k,Technology
4593,30-39,20**,90k-100k,Technology
4594,60-65,21**,120k-130k,Finance
4595,50-59,21**,100k-110k,Medical
4596,30-39,20**,90k-100k,Technology
4597,60-65,21**,100k-110k,Business
4598,60-65,21**,120k-130k,Medical
4599,18-19,20**,80k-90k,Management
4600,60-65,21**,110k-120k,Business
4601,30-39,20**,90k-100k,Education
4602,50-59,21**,90k-100k,Business
4603,50-59,21**,90k-100k,Finance
4604,60-65,21**,130k-140k,Technology
4605,20-29,20**,70k-80k,Medical
4606,30-39,21**,80k-90k,Education
4607,30-39,20**,80k-90k,Finance
4608,50-59,20**,100k-110k,Business
4609,30-39,21**,80k-90k,Technology
4610,40-49,21**,80k-90k,Business
4611,40-49,21**,90k-100k,Technology
4612,60-65,21**,100k-110k,Business
4613,40-49,21**,90k-100k,Finance
4614,30-39,20**,80k-90k,Education
4615,20-29,20**,100k-110k,Technology
4616,50-59,21**,130k-140k,Management
4617,30-39,21**,70k-80k,Technology
4618,20-29,20**,60k-70k,Finance
4619,20-29,22**,60k-70k,Business
4620,20-29,20**,70k-80k,Finance
4621,30-39,20**,70k-80k,Business
4622,20-29,20**,70k-80k,Medical
4623,30-39,20**,80k-90k,Medical
4624,50-59,20**,110k-120k,Technology
4625,50-59,21**,90k-100k,Technology
4626,30-39,21**,100k-110k,Management
4627,20-29,20**,60k-70k,Finance
4628,50-59,20**,120k-130k,Technology
4629,30-39,21**,90k-100k,Technology
4630,40-49,21**,110k-120k,Management
4631,20-29,20**,80k-90k,Management
4632,18-19,20**,60k-70k,Education
4633,50-59,21**,100k-110k,Technology
4634,20-29,20**,70k-80k,Medical
4635,20-29,20**,60k-70k,Business
4636,30-39,21**,80k-90k,Business
4637,30-39,20**,80k-90k,Business
4638,20-29,22**,80k-90k,Technology
4639,20-29,20**,50k-60k,Business
4640,40-49,20**,110k-120k,Technology
4641,40-49,21**,110k-120k,Management
4642,50-59,22**,120k-130k,Management
4643,50-59,22**,100k-110k,Business
4644,40-49,21**,80k-90k,Business
4645,30-39,21**,90k-100k,Management
4646,50-59,20**,80k-90k,Business
4647,30-39,21**,90k-100k,Technology
4648,30-39,21**,100k-110k,Technology
4649,40-49,20**,90k-100k,Medical
4650,18-19,21**,60k-70k,Education
4651,18-19,21**,60k-70k,Finance
4652,40-49,22**,80k-90k,Business
4653,50-59,21**,110k-120k,Finance
4654,20-29,20**,70k-80k,Technology
4655,30-39,21**,80k-90k,Business
4656,60-65,21**,100k-110k,Business
4657,40-49,21**,110k-120k,Technology
4658,30-39,22**,90k-100k,Technology
4659,30-39,20**,80k-90k,Education
4660,40-49,22**,100k-110k,Medical
4661,20-29,20**,60k-70k,Business
4662,50-59,21**,110k-120k,Management
4663,40-49,21**,110k-120k,Technology
4664,30-39,21**,70k-80k,Finance
4665,18-19,20**,80k-90k,Technology
4666,30-39,20**,80k-90k,Technology
4667,30-39,21**,80k-90k,Management
4668,40-49,20**,100k-110k,Medical
4669,40-49,20**,80k-90k,Business
4670,40-49,21**,90k-100k,Technology
4671,20-29,21**,70k-80k,Business
4672,50-59,22**,100k-110k,Technology
4673,60-65,21**,100k-110k,Business
4674,20-29,20**,80k-90k,Medical
4675,60-65,20**,110k-120k,Finance
4676,30-39,21**,90k-100k,Technology
4677,30-39,20**,70k-80k,Medical
4678,20-29,20**,60k-70k,Finance
4679,30-39,21**,70k-80k,Medical
4680,40-49,21**,120k-130k,Technology
4681,50-59,20**,90k-100k,Finance
4682,20-29,20**,80k-90k,Technology
4683,60-65,20**,100k-110k,Business
4684,40-49,22**,120k-130k,Technology
4685,20-29,22**,80k-90k,Technology
4686,30-39,22**,80k-90k,Business
4687,40-49,21**,100k-110k,Finance
4688,50-59,22**,100k-110k,Education
4689,50-59,22**,130k-140k,Technology
4690,50-59,21**,100k-110k,Finance
4691,30-39,21**,80k-90k,Technology
4692,30-39,21**,80k-90k,Education
4693,40-49,20**,110k-120k,Medical
4694,30-39,20**,80k-90k,Finance
4695,50-59,20**,90k-100k,Finance
4696,40-49,20**,120k-130k,Technology
4697,50-59,21**,100k-110k,Education
4698,40-49,20**,80k-90k,Business
4699,20-29,20**,70k-80k,Finance
4700,60-65,20**,120k-130k,Technology
4701,40-49,21**,90k-100k,Medical
4702,40-49,20**,80k-90k,Business
4703,40-49,20**,100k-110k,Technology
4704,40-49,21**,100k-110k,Business
4705,30-39,21**,80k-90k,Medical
4706,30-39,21**,70k-80k,Finance
4707,30-39,21**,100k-110k,Technology
4708,50-59,20**,100k-110k,Medical
4709,20-29,22**,70k-80k,Technology
4710,20-29,21**,90k-100k,Management
4711,20-29,20**,80k-90k,Technology
4712,40-49,20**,110k-120k,Technology
4713,30-39,22**,80k-90k,Education
4714,60-65,20**,90k-100k,Business
4715,20-29,20**,60k-70k,Finance
4716,20-29,20**,50k-60k,Business
4717,50-59,20**,90k-100k,Technology
4718,40-49,20**,80k-90k,Business
4719,50-59,21**,110k-120k,Finance
4720,20-29,20**,50k-60k,Business
4721,20-29,21**,60k-70k,Business
4722,20-29,20**,90k-100k,Management
4723,50-59,22**,90k-100k,Finance
4724,20-29,20**,70k-80k,Medical
4725,60-65,21**,100k-110k,Business
4726,50-59,20**,100k-110k,Finance
4727,40-49,20**,80k-90k,Finance
4728,30-39,21**,60k-70k,Finance
4729,60-65,20**,130k-140k,Technology
4730,20-29,20**,50k-60k,Business
4731,20-29,20**,60k-70k,Business
4732,60-65,20**,130k-140k,Technology
4733,60-65,21**,100k-110k,Education
4734,60-65,21**,110k-120k,Business
4735,20-29,22**,90k-100k,Management
4736,30-39,21**,70k-80k,Finance
4737,40-49,21**,100k-110k,Technology
4738,40-49,20**,90k-100k,Technology
4739,30-39,20**,90k-100k,Medical
4740,40-49,22**,100k-110k,Medical
4741,40-49,20**,120k-130k,Technology
4742,60-65,21**,100k-110k,Education
4743,18-19,20**,80k-90k,Technology
4744,20-29,20**,60k-70k,Business
4745,20-29,20**,80k-90k,Technology
4746,50-59,20**,90k-100k,Business
4747,60-65,21**,130k-140k,Technology
4748,18-19,22**,60k-70k,Education
4749,50-59,20**,90k-100k,Education
4750,20-29,21**,60k-70k,Business
4751,30-39,20**,100k-110k,Technology
4752,30-39,21**,100k-110k,Management
4753,50-59,21**,90k-100k,Business
4754,40-49,21**,100k-110k,Technology
4755,50-59,21**,110k-120k,Finance
4756,20-29,20**,60k-70k,Finance
4757,40-49,22**,70k-80k,Business
4758,40-49,21**,110k-120k,Medical
4759,50-59,20**,100k-110k,Finance
4760,30-39,20**,70k-80k,Business
4761,50-59,20**,110k-120k,Technology
4762,30-39,20**,70k-80k,Medical
4763,50-59,20**,90k-100k,Finance
4764,40-49,21**,70k-80k,Finance
4765,40-49,20**,80k-90k,Technology
4766,50-59,21**,110k-120k,Management
4767,50-59,21**,90k-100k,Finance
4768,40-49,20**,90k-100k,Business
4769,60-65,20**,120k-130k,Management
4770,30-39,21**,80k-90k,Medical
4771,20-29,22**,90k-100k,Management
4772,18-19,20**,70k-80k,Medical
4773,50-59,21**,90k-100k,Finance
4774,20-29,22**,80k-90k,Technology
4775,20-29,22**,70k-80k,Finance
4776,40-49,21**,110k-120k,Technology
4777,60-65,21**,130k-140k,Technology
4778,30-39,21**,90k-100k,Finance
4779,50-59,20**,120k-130k,Technology
4780,20-29,20**,60k-70k,Technology
4781,30-39,20**,100k-110k,Technology
4782,30-39,21**,110k-120k,Technology
4783,40-49,20**,120k-130k,Management
4784,60-65,20**,90k-100k,Business
4785,40-49,21**,100k-110k,Technology
4786,40-49,21**,80k-90k,Finance
4787,60-65,21**,100k-110k,Technology
4788,20-29,20**,80k-90k,Technology
4789,20-29,22**,100k-110k,Management
4790,30-39,22**,70k-80k,Business
4791,18-19,21**,70k-80k,Education
4792,20-29,21**,80k-90k,Management
4793,20-29,21**,70k-80k,Finance
4794,50-59,22**,120k-130k,Technology
4795,60-65,21**,100k-110k,Business
4796,40-49,22**,90k-100k,Education
4797,30-39,20**,80k-90k,Technology
4798,30-39,21**,70k-80k,Technology
4799,18-19,22**,60k-70k,Education
4800,40-49,20**,90k-100k,Technology
4801,20-29,20**,90k-100k,Technology
4802,50-59,20**,130k-140k,Management
4803,20-29,21**,70k-80k,Business
4804,50-59,20**,90k-100k,Education
4805,50-59,20**,100k-110k,Education
4806,50-59,20**,90k-100k,Medical
4807,20-29,20**,60k-70k,Technology
4808,60-65,21**,110k-120k,Finance
4809,30-39,21**,70k-80k,Education
4810,50-59,20**,100k-110k,Education
4811,30-39,21**,70k-80k,Finance
4812,18-19,20**,60k-70k,Finance
4813,60-65,20**,140k-150k,Technology
4814,50-59,20**,100k-110k,Business
4815,20-29,20**,80k-90k,Technology
4816,30-39,20**,110k-120k,Technology
4817,30-39,20**,60k-70k,Business
4818,20-29,20**,70k-80k,Finance
4819,50-59,22**,130k-140k,Technology
4820,50-59,20**,130k-140k,Management
4821,60-65,20**,110k-120k,Finance
4822,20-29,21**,60k-70k,Finance
4823,60-65,20**,100k-110k,Education
4824,20-29,20**,90k-100k,Technology
4825,18-19,21**,70k-80k,Technology
4826,40-49,21**,100k-110k,Education
4827,20-29,20**,80k-90k,Finance
4828,50-59,20**,90k-100k,Finance
4829,20-29,22**,100k-110k,Technology
4830,60-65,22**,120k-130k,Technology
4831,40-49,22**,80k-90k,Finance
4832,20-29,20**,90k-100k,Management
4833,18-19,20**,80k-90k,Management
4834,60-65,21**,110k-120k,Finance
4835,30-39,21**,70k-80k,Technology
4836,50-59,20**,110k-120k,Medical
4837,30-39,20**,80k-90k,Education
4838,50-59,21**,100k-110k,Medical
4839,30-39,21**,70k-80k,Finance
4840,60-65,20**,120k-130k,Medical
4841,40-49,20**,90k-100k,Technology
4842,50-59,22**,90k-100k,Finance
4843,60-65,21**,130k-140k,Technology
4844,50-59,20**,100k-110k,Business
4845,20-29,20**,70k-80k,Technology
4846,60-65,22**,100k-110k,Technology
4847,60-65,20**,110k-120k,Medical
4848,30-39,21**,80k-90k,Technology
4849,50-59,22**,90k-100k,Finance
4850,60-65,21**,100k-110k,Technology
4851,30-39,21**,70k-80k,Finance
4852,20-29,21**,80k-90k,Technology
4853,40-49,22**,100k-110k,Medical
4854,60-65,21**,110k-120k,Finance
4855,50-59,20**,130k-140k,Technology
4856,40-49,22**,80k-90k,Finance
4857,40-49,20**,90k-100k,Business
4858,20-29,20**,70k-80k,Finance
4859,40-49,20**,110k-120k,Technology
4860,60-65,21**,100k-110k,Business
4861,30-39,20**,80k-90k,Medical
4862,20-29,20**,70k-80k,Finance
4863,40-49,21**,90k-100k,Technology
4864,20-29,21**,60k-70k,Business
4865,30-39,21**,70k-80k,Finance
4866,60-65,21**,110k-120k,Finance
4867,30-39,21**,100k-110k,Technology
4868,40-49,20**,110k-120k,Technology
4869,50-59,21**,100k-110k,Business
4870,50-59,22**,110k-120k,Management
4871,20-29,22**,70k-80k,Finance
4872,50-59,22**,90k-100k,Finance
4873,30-39,20**,100k-110k,Management
4874,18-19,21**,70k-80k,Technology
4875,30-39,20**,80k-90k,Finance
4876,60-65,21**,140k-150k,Management
4877,50-59,22**,130k-140k,Technology
4878,50-59,20**,80k-90k,Technology
4879,30-39,21**,110k-120k,Management
4880,30-39,21**,80k-90k,Technology
4881,20-29,22**,90k-100k,Technology
4882,60-65,20**,110k-120k,Medical
4883,50-59,22**,100k-110k,Finance
4884,60-65,21**,110k-120k,Business
4885,40-49,21**,110k-120k,Technology
4886,50-59,20**,100k-110k,Finance
4887,20-29,21**,70k-80k,Education
4888,30-39,20**,100k-110k,Management
4889,30-39,21**,70k-80k,Medical
4890,60-65,20**,140k-150k,Technology
4891,20-29,21**,60k-70k,Finance
4892,30-39,21**,80k-90k,Business
4893,60-65,20**,140k-150k,Technology
4894,40-49,20**,110k-120k,Technology
4895,30-39,20**,70k-80k,Education
4896,30-39,21**,80k-90k,Technology
4897,20-29,22**,80k-90k,Finance
4898,40-49,20**,90k-100k,Finance
4899,30-39,20**,60k-70k,Business
4900,30-39,21**,70k-80k,Business
4901,20-29,22**,60k-70k,Business
4902,50-59,22**,110k-120k,Technology
4903,40-49,21**,90k-100k,Finance
4904,20-29,21**,90k-100k,Technology
4905,30-39,20**,60k-70k,Business
4906,40-49,21**,90k-100k,Education
4907,50-59,20**,120k-130k,Technology
4908,50-59,20**,100k-110k,Business
4909,30-39,20**,90k-100k,Technology
4910,60-65,22**,100k-110k,Technology
4911,30-39,20**,60k-70k,Finance
4912,30-39,20**,80k-90k,Business
4913,30-39,20**,60k-70k,Business
4914,20-29,21**,60k-70k,Finance
4915,60-65,20**,100k-110k,Medical
4916,20-29,21**,60k-70k,Business
4917,20-29,20**,80k-90k,Education
4918,20-29,20**,70k-80k,Medical
4919,20-29,20**,60k-70k,Finance
4920,40-49,21**,100k-110k,Technology
4921,60-65,20**,140k-150k,Technology
4922,60-65,22**,140k-150k,Management
4923,50-59,20**,100k-110k,Business
4924,20-29,21**,70k-80k,Business
4925,30-39,21**,60k-70k,Business
4926,50-59,20**,100k-110k,Business
4927,30-39,20**,60k-70k,Business
4928,30-39,20**,80k-90k,Medical
4929,50-59,20**,100k-110k,Business
4930,20-29,20**,80k-90k,Technology
4931,60-65,20**,140k-150k,Management
4932,40-49,22**,110k-120k,Medical
4933,60-65,20**,140k-150k,Technology
4934,20-29,20**,80k-90k,Management
4935,30-39,21**,80k-90k,Technology
4936,50-59,20**,120k-130k,Technology
4937,50-59,20**,130k-140k,Technology
4938,50-59,20**,120k-130k,Technology
4939,30-39,20**,100k-110k,Management
4940,20-29,21**,70k-80k,Medical
4941,20-29,22**,60k-70k,Finance
4942,50-59,21**,130k-140k,Technology
4943,20-29,22**,80k-90k,Medical
4944,20-29,21**,60k-70k,Education
4945,60-65,20**,100k-110k,Finance
4946,20-29,20**,60k-70k,Technology
4947,60-65,20**,100k-110k,Technology
4948,20-29,20**,50k-60k,Business
4949,60-65,21**,100k-110k,Finance
4950,40-49,22**,110k-120k,Management
4951,20-29,20**,50k-60k,Business
4952,40-49,21**,80k-90k,Education
4953,50-59,20**,100k-110k,Finance
4954,20-29,21**,80k-90k,Technology
4955,50-59,21**,100k-110k,Business
4956,30-39,21**,70k-80k,Business
4957,20-29,20**,90k-100k,Technology
4958,50-59,20**,100k-110k,Technology
4959,40-49,21**,90k-100k,Technology
4960,40-49,20**,100k-110k,Technology
4961,20-29,22**,60k-70k,Technology
4962,30-39,21**,80k-90k,Medical
4963,20-29,22**,70k-80k,Education
4964,30-39,20**,100k-110k,Management
4965,40-49,20**,80k-90k,Business
4966,40-49,20**,120k-130k,Technology
4967,30-39,21**,70k-80k,Education
4968,40-49,20**,100k-110k,Finance
4969,40-49,21**,70k-80k,Technology
4970,50-59,20**,100k-110k,Business
4971,30-39,21**,80k-90k,Finance
4972,50-59,21**,130k-140k,Management
4973,18-19,22**,60k-70k,Business
4974,20-29,20**,80k-90k,Technology
4975,30-39,20**,80k-90k,Technology
4976,30-39,20**,100k-110k,Management
4977,50-59,20**,90k-100k,Technology
4978,50-59,21**,140k-150k,Technology
4979,40-49,21**,80k-90k,Finance
4980,40-49,21**,70k-80k,Finance
4981,40-49,20**,80k-90k,Finance
4982,60-65,20**,130k-140k,Technology
4983,50-59,22**,100k-110k,Finance
4984,50-59,22**,90k-100k,Business
4985,40-49,20**,80k-90k,Finance
4986,30-39,22**,80k-90k,Medical
4987,40-49,21**,100k-110k,Management
4988,20-29,20**,60k-70k,Finance
4989,40-49,21**,90k-100k,Technology
4990,50-59,20**,110k-120k,Medical
4991,40-49,20**,80k-90k,Finance
4992,40-49,22**,80k-90k,Finance
4993,30-39,22**,100k-110k,Management
4994,30-39,22**,60k-70k,Finance
4995,60-65,21**,130k-140k,Technology
4996,30-39,20**,80k-90k,Medical
4997,50-59,21**,90k-100k,Business
4998,18-19,22**,60k-70k,Finance
4999,40-49,21**,90k-100k,Finance
5000,50-59,20**,120k-130k,Technology
