record_id,age,postcode,income,occupation
1,58,2000,129331,Software Engineer
2,33,2020,69315,Accountant
3,61,2010,140000,Project Manager
4,45,2000,83921,Data Analyst
5,31,2155,83556,Accountant
6,19,2042,89133,Project Manager
7,44,2145,96969,Accountant
8,35,2031,85125,Data Analyst
9,39,2020,86629,Financial Analyst
10,39,2010,106492,Software Engineer
11,24,2112,81165,Teacher
12,34,2230,85373,Data Analyst
13,52,2122,114603,Software Engineer
14,53,2200,107807,Financial Analyst
15,54,2220,90577,Accountant
16,20,2077,60000,Accountant
17,32,2122,93470,Software Engineer
18,47,2031,97981,Teacher
19,40,2217,82152,Accountant
20,62,2190,131458,Software Engineer
21,52,2031,101317,Accountant
22,42,2200,101335,Financial Analyst
23,32,2007,77399,Teacher
24,20,2122,65901,Teacher
25,22,2170,64566,Accountant
26,31,2122,78865,Marketing Specialist
27,27,2020,73613,Financial Analyst
28,65,2160,138609,Project Manager
29,65,2134,110000,Sales Representative
30,43,2050,86128,Teacher
31,50,2010,85586,Marketing Specialist
32,25,2200,84923,Cyber Security Analyst
33,61,2190,107826,Nurse
34,42,2190,100869,Nurse
35,51,2160,93993,Financial Analyst
36,61,2217,140000,Software Engineer
37,35,2015,82702,Teacher
38,45,2145,107446,Cyber Security Analyst
39,64,2155,114684,Financial Analyst
40,50,2200,119034,Software Engineer
41,58,2190,127581,Project Manager
42,27,2031,82248,Teacher
43,51,2190,97217,Data Analyst
44,49,2015,96575,Data Analyst
45,37,2007,78105,Accountant
46,54,2010,130711,Software Engineer
47,22,2020,80000,Project Manager
48,60,2160,100091,Marketing Specialist
49,34,2190,104291,Project Manager
50,31,2230,93187,Project Manager
51,63,2122,119896,Financial Analyst
52,46,2145,109710,Project Manager
53,33,2010,77035,Accountant
54,19,2160,55000,Sales Representative
55,55,2000,91688,Accountant
56,63,2050,100293,Data Analyst
57,20,2010,73975,Teacher
58,33,2217,88459,Financial Analyst
59,31,2020,105307,Project Manager
60,54,2050,103796,Marketing Specialist
61,44,2015,80836,Accountant
62,60,2112,118560,Nurse
63,44,2230,79435,Marketing Specialist
64,61,2007,137661,Software Engineer
65,64,2015,112083,Teacher
66,30,2160,77466,Accountant
67,26,2031,77638,Nurse
68,47,2010,95371,Accountant
69,53,2007,131117,Software Engineer
70,18,2050,75000,Software Engineer
71,44,2150,84664,Marketing Specialist
72,43,2031,91354,Data Analyst
73,18,2060,74909,Nurse
74,36,2220,97360,Nurse
75,60,2020,100903,Marketing Specialist
76,36,2007,88127,Accountant
77,65,2007,140000,Project Manager
78,21,2170,73495,Data Analyst
79,50,2031,112714,Project Manager
80,50,2031,111500,Software Engineer
81,56,2217,125260,Software Engineer
82,43,2170,107641,Software Engineer
83,55,2007,90984,Sales Representative
84,44,2170,92556,Sales Representative
85,38,2042,88699,Financial Analyst
86,33,2122,76841,Financial Analyst
87,60,2145,114509,Financial Analyst
88,22,2145,77278,Data Analyst
89,24,2160,80282,Software Engineer
90,50,2020,103883,Financial Analyst
91,22,2112,63593,Accountant
92,28,2160,70550,Marketing Specialist
93,57,2000,137960,Project Manager
94,37,2020,99943,Software Engineer
95,25,2230,92809,Software Engineer
96,27,2077,85351,Financial Analyst
97,31,2042,77480,Teacher
98,50,2060,85707,Marketing Specialist
99,23,2060,70000,Nurse
100,18,2020,65000,Teacher
101,28,2160,74652,Marketing Specialist
102,53,2015,90976,Data Analyst
103,62,2160,132031,Cyber Security Analyst
104,41,2160,76767,Sales Representative
105,45,2007,117441,Cyber Security Analyst
106,41,2112,83904,Data Analyst
107,61,2217,99113,Accountant
108,40,2134,103149,Project Manager
109,33,2031,104255,Cyber Security Analyst
110,19,2230,82268,Cyber Security Analyst
111,44,2060,82876,Accountant
112,62,2122,127119,Software Engineer
113,48,2042,96998,Accountant
114,40,2050,88049,Financial Analyst
115,19,2122,61820,Accountant
116,35,2060,100017,Software Engineer
117,59,2122,139910,Project Manager
118,39,2015,83665,Data Analyst
119,29,2060,59125,Sales Representative
120,24,2134,63348,Sales Representative
121,64,2134,115000,Teacher
122,50,2122,128148,Software Engineer
123,30,2007,83331,Financial Analyst
124,18,2160,80000,Project Manager
125,41,2010,95287,Nurse
126,57,2217,100572,Teacher
127,64,2155,118964,Financial Analyst
128,60,2095,117866,Nurse
129,62,2160,110659,Financial Analyst
130,30,2217,85189,Nurse
131,61,2190,145000,Cyber Security Analyst
132,37,2160,80226,Nurse
133,37,2042,91320,Financial Analyst
134,55,2200,98857,Sales Representative
135,47,2145,87853,Marketing Specialist
136,50,2230,89603,Marketing Specialist
137,60,2077,139975,Software Engineer
138,60,2095,97209,Sales Representative
139,33,2050,79078,Financial Analyst
140,27,2007,71640,Data Analyst
141,48,2010,95029,Sales Representative
142,44,2042,88008,Sales Representative
143,49,2050,97814,Nurse
144,59,2015,108186,Data Analyst
145,32,2220,106334,Cyber Security Analyst
146,47,2160,90931,Data Analyst
147,25,2020,72672,Marketing Specialist
148,60,2160,140000,Project Manager
149,38,2190,87817,Marketing Specialist
150,45,2145,109683,Project Manager
151,65,2145,108493,Marketing Specialist
152,33,2155,88432,Financial Analyst
153,58,2060,106966,Accountant
154,22,2050,68584,Financial Analyst
155,39,2160,79980,Teacher
156,26,2050,93615,Cyber Security Analyst
157,62,2220,137861,Cyber Security Analyst
158,22,2134,75097,Nurse
159,52,2134,88210,Marketing Specialist
160,31,2122,92969,Nurse
161,62,2170,109592,Data Analyst
162,48,2112,93507,Data Analyst
163,42,2160,103427,Nurse
164,56,2150,97616,Accountant
165,35,2150,79036,Nurse
166,42,2217,93780,Teacher
167,64,2145,137799,Cyber Security Analyst
168,57,2000,132698,Project Manager
169,55,2217,89186,Sales Representative
170,23,2020,80447,Nurse
171,29,2060,77954,Data Analyst
172,38,2145,81987,Accountant
173,39,2060,96153,Nurse
174,34,2150,87763,Software Engineer
175,65,2007,140000,Project Manager
176,32,2200,85681,Software Engineer
177,19,2042,60000,Accountant
178,57,2050,128072,Cyber Security Analyst
179,48,2170,113631,Software Engineer
180,47,2112,94434,Financial Analyst
181,56,2230,93221,Sales Representative
182,28,2015,85664,Financial Analyst
183,19,2170,68468,Financial Analyst
184,43,2010,95997,Accountant
185,62,2015,106691,Accountant
186,61,2015,110000,Sales Representative
187,20,2160,71165,Teacher
188,60,2010,115000,Teacher
189,59,2000,112381,Teacher
190,49,2134,119740,Software Engineer
191,58,2220,97566,Marketing Specialist
192,45,2230,124436,Cyber Security Analyst
193,59,2190,120000,Financial Analyst
194,48,2134,101329,Marketing Specialist
195,35,2050,75924,Teacher
196,35,2050,83312,Marketing Specialist
197,54,2217,99546,Sales Representative
198,39,2150,85756,Data Analyst
199,29,2042,73328,Marketing Specialist
200,34,2060,91555,Teacher
201,62,2160,106821,Financial Analyst
202,51,2010,93014,Accountant
203,64,2150,120000,Nurse
204,33,2200,82040,Marketing Specialist
205,46,2010,91450,Data Analyst
206,32,2220,82866,Nurse
207,37,2112,82741,Sales Representative
208,53,2112,128623,Project Manager
209,65,2095,140000,Project Manager
210,62,2060,106856,Marketing Specialist
211,34,2015,73331,Accountant
212,38,2230,110219,Software Engineer
213,62,2042,137941,Cyber Security Analyst
214,65,2060,110000,Marketing Specialist
215,51,2077,86911,Sales Representative
216,30,2050,80868,Financial Analyst
217,29,2000,85374,Financial Analyst
218,26,2007,66148,Financial Analyst
219,53,2220,100094,Financial Analyst
220,58,2015,92954,Marketing Specialist
221,54,2150,112814,Financial Analyst
222,46,2031,86470,Teacher
223,34,2015,69162,Marketing Specialist
224,43,2010,95503,Marketing Specialist
225,58,2020,98186,Data Analyst
226,54,2010,105260,Financial Analyst
227,25,2134,98803,Project Manager
228,56,2050,106591,Sales Representative
229,42,2145,85275,Marketing Specialist
230,55,2077,117994,Nurse
231,57,2190,95591,Data Analyst
232,31,2060,66490,Accountant
233,28,2031,78725,Accountant
234,22,2000,88918,Cyber Security Analyst
235,46,2150,87309,Sales Representative
236,20,2077,61392,Accountant
237,62,2010,104457,Marketing Specialist
238,34,2217,70205,Sales Representative
239,45,2160,109706,Software Engineer
240,59,2060,131362,Cyber Security Analyst
241,22,2031,68909,Data Analyst
242,56,2077,103858,Sales Representative
243,25,2220,67411,Marketing Specialist
244,62,2060,120000,Nurse
245,52,2145,88805,Marketing Specialist
246,56,2134,101944,Data Analyst
247,56,2000,102460,Financial Analyst
248,32,2170,62062,Sales Representative
249,61,2170,106637,Financial Analyst
250,29,2155,76192,Marketing Specialist
251,35,2170,107794,Cyber Security Analyst
252,58,2010,107954,Marketing Specialist
253,40,2095,93924,Nurse
254,60,2031,133892,Software Engineer
255,44,2077,90782,Marketing Specialist
256,53,2145,91396,Data Analyst
257,38,2095,82202,Financial Analyst
258,43,2000,119694,Project Manager
259,47,2007,96997,Nurse
260,51,2190,106440,Teacher
261,58,2007,99223,Marketing Specialist
262,35,2020,101140,Project Manager
263,46,2015,80732,Marketing Specialist
264,58,2050,96998,Sales Representative
265,37,2000,112351,Project Manager
266,44,2050,104674,Software Engineer
267,47,2200,110151,Software Engineer
268,49,2155,100236,Financial Analyst
269,44,2150,85646,Marketing Specialist
270,47,2020,119590,Project Manager
271,30,2155,63516,Sales Representative
272,22,2134,70818,Financial Analyst
273,50,2000,101715,Financial Analyst
274,64,2170,120000,Financial Analyst
275,60,2020,109313,Marketing Specialist
276,52,2112,97063,Marketing Specialist
277,53,2122,129601,Project Manager
278,38,2220,79102,Accountant
279,54,2050,111758,Nurse
280,20,2230,72626,Teacher
281,63,2122,112856,Nurse
282,49,2020,101140,Data Analyst
283,55,2015,108789,Teacher
284,24,2145,80000,Project Manager
285,64,2134,138675,Cyber Security Analyst
286,22,2060,65348,Marketing Specialist
287,57,2200,104120,Nurse
288,39,2122,107185,Project Manager
289,58,2160,93729,Marketing Specialist
290,57,2050,128352,Software Engineer
291,32,2134,87587,Software Engineer
292,58,2145,125770,Software Engineer
293,62,2000,107996,Financial Analyst
294,38,2077,85895,Data Analyst
295,41,2020,92469,Nurse
296,51,2170,101006,Nurse
297,28,2010,103801,Cyber Security Analyst
298,42,2217,80976,Sales Representative
299,49,2020,88885,Sales Representative
300,47,2145,97302,Financial Analyst
301,60,2145,104638,Data Analyst
302,61,2031,127314,Project Manager
303,46,2170,94589,Teacher
304,58,2220,110748,Nurse
305,47,2042,101541,Financial Analyst
306,48,2050,118985,Software Engineer
307,54,2170,102993,Teacher
308,62,2000,119458,Financial Analyst
309,35,2170,72884,Data Analyst
310,56,2077,97966,Marketing Specialist
311,56,2050,101656,Teacher
312,57,2217,105119,Financial Analyst
313,58,2200,121610,Software Engineer
314,37,2007,89204,Marketing Specialist
315,41,2010,111479,Cyber Security Analyst
316,38,2031,87856,Nurse
317,26,2112,97607,Project Manager
318,50,2031,100867,Financial Analyst
319,48,2230,101205,Financial Analyst
320,25,2010,62059,Marketing Specialist
321,32,2160,86879,Nurse
322,23,2000,73984,Nurse
323,52,2145,124098,Software Engineer
324,61,2170,117804,Financial Analyst
325,58,2015,105214,Teacher
326,48,2190,102119,Data Analyst
327,38,2050,70475,Sales Representative
328,58,2220,102455,Marketing Specialist
329,59,2015,108197,Nurse
330,20,2077,73057,Data Analyst
331,25,2050,92295,Software Engineer
332,26,2145,80668,Nurse
333,60,2134,140000,Project Manager
334,65,2134,138244,Cyber Security Analyst
335,49,2134,90443,Sales Representative
336,20,2042,71656,Teacher
337,46,2112,83042,Accountant
338,61,2160,112498,Teacher
339,21,2060,70000,Nurse
340,25,2010,64397,Marketing Specialist
341,59,2000,94636,Sales Representative
342,39,2020,90840,Accountant
343,31,2160,89767,Software Engineer
344,55,2050,100128,Accountant
345,27,2000,64617,Sales Representative
346,27,2160,90660,Cyber Security Analyst
347,29,2217,81057,Software Engineer
348,26,2112,70456,Data Analyst
349,55,2000,100071,Teacher
350,34,2020,84113,Data Analyst
351,51,2230,112720,Software Engineer
352,48,2112,98732,Marketing Specialist
353,55,2145,132679,Software Engineer
354,32,2007,78469,Sales Representative
355,37,2200,71233,Marketing Specialist
356,21,2122,67159,Marketing Specialist
357,61,2150,139002,Software Engineer
358,22,2095,90464,Software Engineer
359,27,2020,86458,Software Engineer
360,57,2160,101293,Sales Representative
361,42,2155,82748,Sales Representative
362,47,2190,121117,Project Manager
363,24,2200,91364,Software Engineer
364,64,2134,110000,Accountant
365,32,2095,89754,Nurse
366,43,2230,89711,Nurse
367,38,2095,89629,Nurse
368,41,2217,117349,Cyber Security Analyst
369,22,2010,75000,Software Engineer
370,45,2230,114550,Software Engineer
371,26,2007,99430,Project Manager
372,53,2095,118686,Project Manager
373,44,2217,96518,Teacher
374,64,2077,110000,Data Analyst
375,37,2015,94150,Teacher
376,50,2020,99843,Accountant
377,32,2112,102589,Software Engineer
378,41,2060,115621,Software Engineer
379,32,2160,93137,Nurse
380,19,2217,55000,Sales Representative
381,19,2060,81507,Cyber Security Analyst
382,39,2000,83284,Teacher
383,27,2217,68664,Sales Representative
384,22,2230,80000,Cyber Security Analyst
385,23,2042,88710,Project Manager
386,44,2095,82817,Marketing Specialist
387,41,2230,92544,Financial Analyst
388,54,2010,88851,Sales Representative
389,27,2190,84077,Cyber Security Analyst
390,61,2060,138987,Software Engineer
391,60,2150,120000,Nurse
392,46,2060,96850,Nurse
393,50,2112,123342,Software Engineer
394,25,2217,82626,Financial Analyst
395,49,2217,119680,Project Manager
396,20,2122,71766,Accountant
397,21,2042,67748,Data Analyst
398,31,2060,97463,Cyber Security Analyst
399,38,2000,108958,Software Engineer
400,65,2031,114233,Nurse
401,42,2220,108178,Project Manager
402,50,2217,122456,Project Manager
403,22,2230,70000,Nurse
404,45,2145,83402,Data Analyst
405,38,2134,87193,Sales Representative
406,43,2077,90370,Nurse
407,43,2095,84567,Data Analyst
408,57,2220,103346,Marketing Specialist
409,23,2015,73291,Nurse
410,45,2122,93765,Sales Representative
411,23,2077,76444,Nurse
412,32,2031,72396,Teacher
413,50,2155,125965,Software Engineer
414,30,2112,72605,Teacher
415,33,2020,94132,Software Engineer
416,30,2190,91605,Cyber Security Analyst
417,59,2031,137893,Software Engineer
418,47,2170,93645,Sales Representative
419,61,2200,105909,Sales Representative
420,58,2020,111963,Teacher
421,22,2145,64177,Marketing Specialist
422,35,2007,76426,Sales Representative
423,50,2077,124385,Software Engineer
424,46,2007,93891,Data Analyst
425,36,2200,92852,Software Engineer
426,57,2155,103236,Sales Representative
427,47,2160,80280,Sales Representative
428,46,2200,83934,Sales Representative
429,38,2150,84832,Sales Representative
430,27,2145,67008,Data Analyst
431,39,2155,99697,Software Engineer
432,20,2220,66472,Accountant
433,46,2155,125727,Project Manager
434,28,2112,74907,Teacher
435,42,2095,105123,Nurse
436,21,2010,68994,Teacher
437,24,2217,90326,Project Manager
438,36,2230,95813,Financial Analyst
439,27,2010,83669,Teacher
440,60,2112,138250,Cyber Security Analyst
441,59,2020,120000,Nurse
442,63,2077,140000,Software Engineer
443,42,2020,97780,Teacher
444,23,2155,77175,Nurse
445,19,2077,65000,Teacher
446,31,2150,75121,Teacher
447,32,2020,91890,Cyber Security Analyst
448,36,2155,107581,Software Engineer
449,65,2007,140000,Project Manager
450,57,2190,136280,Cyber Security Analyst
451,27,2031,87871,Cyber Security Analyst
452,64,2007,110000,Marketing Specialist
453,41,2145,83804,Accountant
454,65,2050,110000,Marketing Specialist
455,33,2150,78910,Financial Analyst
456,41,2145,87043,Sales Representative
457,36,2155,96432,Nurse
458,44,2042,125770,Cyber Security Analyst
459,26,2007,80109,Financial Analyst
460,41,2015,116267,Project Manager
461,25,2010,68444,Financial Analyst
462,35,2155,72913,Marketing Specialist
463,45,2050,117122,Software Engineer
464,40,2134,77809,Data Analyst
465,43,2112,109640,Project Manager
466,42,2112,105548,Software Engineer
467,19,2015,67050,Teacher
468,27,2007,91847,Cyber Security Analyst
469,48,2220,126860,Cyber Security Analyst
470,46,2000,80362,Sales Representative
471,19,2042,65000,Financial Analyst
472,53,2155,99826,Sales Representative
473,25,2050,73059,Financial Analyst
474,25,2050,75458,Data Analyst
475,58,2145,93867,Sales Representative
476,25,2190,75012,Marketing Specialist
477,19,2170,80000,Project Manager
478,63,2077,145000,Cyber Security Analyst
479,18,2112,55000,Sales Representative
480,54,2031,101103,Nurse
481,51,2010,107343,Teacher
482,52,2155,131562,Project Manager
483,19,2150,70000,Nurse
484,58,2112,110864,Nurse
485,65,2112,102213,Data Analyst
486,40,2230,76800,Accountant
487,55,2020,95814,Teacher
488,40,2095,103822,Project Manager
489,61,2220,110000,Marketing Specialist
490,58,2020,127386,Cyber Security Analyst
491,63,2007,107487,Marketing Specialist
492,30,2042,67862,Data Analyst
493,38,2155,91453,Financial Analyst
494,52,2060,87369,Marketing Specialist
495,59,2077,105314,Accountant
496,21,2060,65000,Teacher
497,41,2122,98877,Nurse
498,42,2031,96791,Teacher
499,62,2112,110000,Marketing Specialist
500,35,2230,102421,Software Engineer
501,23,2190,71232,Nurse
502,52,2095,98148,Financial Analyst
503,23,2217,70006,Teacher
504,37,2190,84175,Marketing Specialist
505,28,2112,75289,Marketing Specialist
506,20,2190,71380,Teacher
507,35,2010,84587,Data Analyst
508,41,2230,104604,Project Manager
509,19,2190,85741,Cyber Security Analyst
510,20,2010,80499,Cyber Security Analyst
511,59,2112,111162,Teacher
512,54,2190,94495,Data Analyst
513,61,2112,107935,Marketing Specialist
514,46,2170,108234,Software Engineer
515,51,2122,100407,Teacher
516,59,2050,106696,Financial Analyst
517,19,2150,88348,Cyber Security Analyst
518,42,2015,109215,Project Manager
519,34,2042,76378,Marketing Specialist
520,62,2042,100827,Marketing Specialist
521,26,2145,81721,Software Engineer
522,63,2010,108344,Marketing Specialist
523,60,2220,101808,Teacher
524,53,2077,124509,Project Manager
525,28,2112,100500,Cyber Security Analyst
526,32,2042,88912,Software Engineer
527,33,2000,77782,Marketing Specialist
528,53,2112,101272,Sales Representative
529,53,2190,121229,Cyber Security Analyst
530,22,2122,75365,Financial Analyst
531,51,2134,113944,Nurse
532,22,2095,80000,Cyber Security Analyst
533,46,2217,96739,Marketing Specialist
534,40,2160,119686,Cyber Security Analyst
535,29,2134,101690,Cyber Security Analyst
536,21,2155,75000,Software Engineer
537,37,2031,106849,Cyber Security Analyst
538,63,2112,110000,Accountant
539,36,2060,96326,Software Engineer
540,58,2060,125165,Project Manager
541,58,2190,119290,Financial Analyst
542,23,2200,81908,Project Manager
543,55,2020,93907,Sales Representative
544,60,2230,110000,Sales Representative
545,39,2007,70503,Sales Representative
546,23,2200,78686,Data Analyst
547,34,2170,80671,Accountant
548,57,2150,110000,Data Analyst
549,36,2150,84088,Financial Analyst
550,61,2077,120000,Nurse
551,22,2031,73234,Data Analyst
552,44,2145,84345,Marketing Specialist
553,39,2020,79816,Sales Representative
554,63,2230,114189,Teacher
555,43,2112,121448,Cyber Security Analyst
556,53,2095,121325,Software Engineer
557,47,2060,119838,Software Engineer
558,33,2015,92403,Cyber Security Analyst
559,36,2190,92850,Nurse
560,33,2095,109674,Cyber Security Analyst
561,64,2042,109157,Teacher
562,49,2145,125917,Project Manager
563,37,2000,73163,Marketing Specialist
564,43,2145,109803,Project Manager
565,31,2112,61807,Sales Representative
566,21,2150,78090,Financial Analyst
567,59,2077,110000,Marketing Specialist
568,18,2134,75000,Software Engineer
569,34,2122,84012,Teacher
570,20,2007,80814,Nurse
571,53,2112,105362,Accountant
572,36,2122,106417,Software Engineer
573,46,2060,109638,Project Manager
574,26,2122,88292,Software Engineer
575,39,2112,101536,Project Manager
576,30,2155,72195,Sales Representative
577,50,2007,86913,Data Analyst
578,26,2150,80528,Teacher
579,47,2190,126998,Cyber Security Analyst
580,26,2190,73948,Teacher
581,28,2190,80443,Nurse
582,55,2155,111064,Teacher
583,52,2220,104615,Marketing Specialist
584,37,2000,82283,Marketing Specialist
585,39,2134,113169,Software Engineer
586,37,2190,88742,Data Analyst
587,34,2170,71179,Sales Representative
588,64,2170,110000,Data Analyst
589,28,2200,95224,Project Manager
590,27,2007,78335,Accountant
591,62,2042,126471,Software Engineer
592,46,2134,89749,Teacher
593,44,2134,94103,Accountant
594,57,2230,93529,Marketing Specialist
595,63,2155,139028,Cyber Security Analyst
596,53,2217,107909,Teacher
597,51,2095,100780,Nurse
598,47,2095,124921,Project Manager
599,40,2190,96610,Financial Analyst
600,30,2060,81053,Accountant
601,37,2077,79683,Accountant
602,63,2220,110000,Accountant
603,38,2112,89643,Marketing Specialist
604,64,2077,112823,Financial Analyst
605,54,2122,128885,Project Manager
606,40,2077,101804,Cyber Security Analyst
607,36,2112,104389,Software Engineer
608,59,2230,118677,Financial Analyst
609,31,2160,72714,Accountant
610,53,2020,99536,Financial Analyst
611,57,2050,98582,Sales Representative
612,21,2050,81459,Project Manager
613,21,2134,79972,Software Engineer
614,63,2015,102376,Marketing Specialist
615,18,2031,83333,Project Manager
616,59,2150,100152,Marketing Specialist
617,36,2077,76087,Teacher
618,23,2050,68386,Sales Representative
619,65,2031,110000,Data Analyst
620,29,2122,81764,Data Analyst
621,29,2007,68175,Financial Analyst
622,37,2190,70750,Sales Representative
623,39,2145,97376,Financial Analyst
624,51,2020,101628,Marketing Specialist
625,47,2042,92627,Financial Analyst
626,39,2230,114080,Cyber Security Analyst
627,59,2220,109080,Financial Analyst
628,18,2077,73605,Teacher
629,61,2031,109032,Accountant
630,45,2095,107310,Project Manager
631,43,2031,104181,Software Engineer
632,48,2050,87138,Teacher
633,34,2050,91659,Nurse
634,35,2077,92171,Teacher
635,64,2000,107400,Sales Representative
636,59,2220,106360,Teacher
637,21,2145,79202,Software Engineer
638,28,2217,87104,Nurse
639,63,2220,111507,Financial Analyst
640,58,2112,109045,Financial Analyst
641,32,2150,94381,Cyber Security Analyst
642,47,2112,92562,Sales Representative
643,62,2150,140000,Project Manager
644,60,2050,110000,Accountant
645,23,2145,93690,Project Manager
646,63,2010,115000,Teacher
647,25,2160,78265,Data Analyst
648,30,2160,63953,Sales Representative
649,28,2155,80116,Teacher
650,25,2220,76555,Accountant
651,49,2155,122469,Software Engineer
652,21,2020,70009,Marketing Specialist
653,44,2170,79551,Marketing Specialist
654,53,2217,97332,Marketing Specialist
655,64,2122,107381,Data Analyst
656,18,2170,60000,Accountant
657,20,2112,70000,Nurse
658,52,2010,103021,Data Analyst
659,20,2134,65000,Financial Analyst
660,26,2112,81044,Nurse
661,46,2122,92416,Nurse
662,61,2020,136289,Project Manager
663,25,2160,92560,Cyber Security Analyst
664,51,2230,122935,Cyber Security Analyst
665,18,2077,70171,Data Analyst
666,61,2134,140000,Project Manager
667,42,2050,90625,Accountant
668,40,2060,106602,Cyber Security Analyst
669,64,2007,140000,Software Engineer
670,57,2050,99092,Data Analyst
671,22,2190,75000,Software Engineer
672,46,2217,79361,Sales Representative
673,33,2122,83745,Data Analyst
674,32,2042,89721,Project Manager
675,26,2077,87886,Project Manager
676,64,2095,110000,Sales Representative
677,56,2050,105314,Teacher
678,27,2050,95040,Project Manager
679,37,2007,95476,Financial Analyst
680,55,2200,135168,Cyber Security Analyst
681,53,2007,98519,Marketing Specialist
682,59,2155,114061,Nurse
683,62,2134,111698,Nurse
684,37,2031,97839,Nurse
685,48,2050,91769,Accountant
686,63,2145,134122,Cyber Security Analyst
687,53,2134,115495,Nurse
688,51,2122,123595,Cyber Security Analyst
689,34,2095,69611,Accountant
690,46,2010,102338,Teacher
691,64,2007,107732,Accountant
692,42,2190,74380,Sales Representative
693,22,2170,72567,Accountant
694,31,2042,74740,Marketing Specialist
695,37,2042,79417,Data Analyst
696,65,2230,140000,Software Engineer
697,33,2220,69254,Sales Representative
698,43,2160,87134,Accountant
699,36,2145,96635,Nurse
700,59,2077,107187,Teacher
701,41,2150,114632,Project Manager
702,24,2095,63039,Marketing Specialist
703,41,2134,80966,Teacher
704,54,2230,93079,Accountant
705,19,2160,75307,Financial Analyst
706,55,2077,104356,Nurse
707,30,2050,80212,Teacher
708,54,2150,106341,Accountant
709,59,2060,114628,Teacher
710,64,2145,104448,Marketing Specialist
711,64,2031,108522,Teacher
712,64,2150,134753,Project Manager
713,52,2155,88661,Data Analyst
714,22,2000,72343,Data Analyst
715,26,2010,63459,Accountant
716,18,2155,64942,Accountant
717,41,2190,92854,Data Analyst
718,60,2000,94897,Marketing Specialist
719,52,2134,113792,Project Manager
720,19,2230,80279,Project Manager
721,52,2000,111243,Financial Analyst
722,62,2031,110315,Nurse
723,24,2020,85556,Project Manager
724,30,2155,67314,Sales Representative
725,40,2122,83334,Financial Analyst
726,41,2145,102981,Nurse
727,33,2077,68598,Accountant
728,59,2010,107535,Data Analyst
729,42,2160,101129,Nurse
730,21,2220,65000,Data Analyst
731,23,2134,66174,Marketing Specialist
732,54,2155,116181,Software Engineer
733,32,2220,83466,Accountant
734,48,2007,92542,Financial Analyst
735,61,2160,120000,Financial Analyst
736,60,2031,105518,Data Analyst
737,19,2170,60000,Accountant
738,63,2010,117678,Nurse
739,28,2050,75271,Sales Representative
740,42,2095,113215,Project Manager
741,65,2220,137569,Cyber Security Analyst
742,50,2007,92243,Teacher
743,45,2010,89883,Accountant
744,56,2190,102467,Sales Representative
745,38,2200,83105,Data Analyst
746,46,2050,91446,Marketing Specialist
747,53,2134,103320,Nurse
748,61,2217,107773,Sales Representative
749,23,2077,58926,Sales Representative
750,63,2010,136014,Software Engineer
751,27,2220,74629,Nurse
752,65,2095,120000,Nurse
753,24,2000,83399,Software Engineer
754,46,2060,88136,Teacher
755,26,2031,90186,Software Engineer
756,46,2160,122536,Project Manager
757,44,2000,103893,Software Engineer
758,40,2010,117645,Project Manager
759,56,2122,95830,Teacher
760,36,2122,81924,Nurse
761,64,2050,140000,Project Manager
762,51,2217,128113,Cyber Security Analyst
763,28,2060,93697,Cyber Security Analyst
764,35,2020,70158,Marketing Specialist
765,28,2060,84436,Nurse
766,37,2010,82046,Marketing Specialist
767,34,2230,83267,Accountant
768,56,2042,104471,Sales Representative
769,24,2077,80000,Cyber Security Analyst
770,43,2190,94044,Teacher
771,39,2095,86450,Marketing Specialist
772,59,2020,102823,Sales Representative
773,38,2220,74985,Sales Representative
774,48,2031,99964,Teacher
775,38,2230,94493,Financial Analyst
776,54,2095,100620,Accountant
777,35,2112,81816,Nurse
778,54,2170,106177,Accountant
779,29,2000,99169,Project Manager
780,63,2145,107418,Accountant
781,62,2134,140000,Software Engineer
782,26,2050,72641,Financial Analyst
783,60,2220,141950,Cyber Security Analyst
784,42,2145,117784,Software Engineer
785,48,2122,97616,Sales Representative
786,50,2160,95247,Nurse
787,41,2190,102146,Project Manager
788,24,2217,68015,Accountant
789,28,2007,75157,Sales Representative
790,59,2095,117722,Nurse
791,24,2015,69223,Data Analyst
792,32,2230,104871,Project Manager
793,53,2220,104806,Sales Representative
794,32,2112,77710,Marketing Specialist
795,47,2220,95335,Sales Representative
796,27,2000,80393,Teacher
797,24,2134,65000,Financial Analyst
798,25,2112,89901,Cyber Security Analyst
799,39,2042,89415,Marketing Specialist
800,48,2150,90113,Teacher
801,46,2095,81988,Marketing Specialist
802,37,2220,76962,Data Analyst
803,19,2200,65000,Teacher
804,61,2230,137460,Cyber Security Analyst
805,51,2160,120885,Cyber Security Analyst
806,39,2134,111949,Project Manager
807,32,2200,80938,Nurse
808,29,2122,72658,Nurse
809,65,2042,110000,Sales Representative
810,55,2122,99507,Nurse
811,63,2042,106992,Accountant
812,63,2170,130568,Software Engineer
813,52,2112,127702,Cyber Security Analyst
814,30,2015,71362,Marketing Specialist
815,60,2155,104950,Marketing Specialist
816,56,2190,113288,Nurse
817,55,2112,127703,Software Engineer
818,47,2031,88682,Sales Representative
819,57,2010,95027,Sales Representative
820,38,2050,102666,Software Engineer
821,25,2112,84313,Cyber Security Analyst
822,50,2134,113586,Nurse
823,26,2122,68224,Sales Representative
824,29,2200,79310,Marketing Specialist
825,62,2160,136318,Cyber Security Analyst
826,49,2020,97407,Financial Analyst
827,38,2190,73033,Marketing Specialist
828,40,2150,80537,Data Analyst
829,30,2160,89328,Nurse
830,59,2134,109729,Marketing Specialist
831,44,2150,83140,Marketing Specialist
832,23,2000,58077,Sales Representative
833,36,2060,79601,Data Analyst
834,52,2031,109772,Financial Analyst
835,54,2160,105036,Marketing Specialist
836,25,2015,61969,Sales Representative
837,52,2160,92533,Teacher
838,64,2160,106097,Marketing Specialist
839,45,2230,110451,Software Engineer
840,37,2145,81802,Data Analyst
841,40,2145,99272,Software Engineer
842,33,2230,85222,Accountant
843,62,2220,115000,Teacher
844,58,2031,107115,Nurse
845,31,2007,82510,Accountant
846,40,2060,117642,Project Manager
847,52,2095,126610,Cyber Security Analyst
848,36,2060,82920,Sales Representative
849,61,2020,137955,Software Engineer
850,21,2200,65000,Financial Analyst
851,62,2050,135643,Cyber Security Analyst
852,63,2050,115000,Teacher
853,49,2170,121677,Cyber Security Analyst
854,58,2122,117363,Nurse
855,22,2122,87427,Software Engineer
856,65,2220,120000,Financial Analyst
857,47,2095,99920,Marketing Specialist
858,18,2230,80022,Software Engineer
859,58,2010,115000,Teacher
860,43,2134,83537,Accountant
861,49,2095,100569,Financial Analyst
862,39,2170,101088,Project Manager
863,54,2095,89884,Marketing Specialist
864,20,2200,82825,Software Engineer
865,19,2031,80843,Software Engineer
866,47,2134,89395,Data Analyst
867,62,2200,140742,Cyber Security Analyst
868,28,2010,78512,Financial Analyst
869,34,2112,92551,Software Engineer
870,21,2200,73201,Nurse
871,64,2134,101924,Accountant
872,63,2000,134227,Software Engineer
873,48,2020,125942,Software Engineer
874,32,2217,102455,Project Manager
875,18,2220,66258,Data Analyst
876,25,2220,71778,Nurse
877,48,2050,119041,Software Engineer
878,23,2015,82182,Software Engineer
879,41,2020,94456,Financial Analyst
880,26,2010,98447,Cyber Security Analyst
881,54,2190,94845,Data Analyst
882,46,2230,91768,Teacher
883,58,2134,139815,Cyber Security Analyst
884,31,2015,87566,Software Engineer
885,25,2230,65774,Sales Representative
886,40,2095,87985,Nurse
887,33,2200,75313,Financial Analyst
888,33,2190,108810,Project Manager
889,64,2077,99708,Sales Representative
890,60,2042,120000,Financial Analyst
891,56,2042,131347,Project Manager
892,36,2050,88450,Data Analyst
893,42,2050,114561,Software Engineer
894,58,2010,109119,Sales Representative
895,18,2095,65000,Teacher
896,42,2134,85058,Sales Representative
897,52,2150,119412,Cyber Security Analyst
898,19,2010,55000,Sales Representative
899,34,2007,69002,Accountant
900,43,2077,118333,Project Manager
901,44,2220,100841,Nurse
902,23,2160,81386,Project Manager
903,35,2077,91100,Software Engineer
904,50,2020,101619,Accountant
905,38,2170,83443,Nurse
906,37,2230,88032,Nurse
907,21,2010,67428,Accountant
908,25,2190,77397,Marketing Specialist
909,21,2217,65000,Financial Analyst
910,25,2220,66198,Data Analyst
911,62,2031,110000,Data Analyst
912,40,2155,106580,Project Manager
913,28,2020,74444,Teacher
914,64,2000,139594,Software Engineer
915,45,2155,88688,Financial Analyst
916,34,2200,66248,Sales Representative
917,49,2155,94779,Marketing Specialist
918,21,2170,60000,Marketing Specialist
919,41,2060,105180,Cyber Security Analyst
920,54,2050,131460,Software Engineer
921,18,2000,65000,Data Analyst
922,20,2112,64677,Marketing Specialist
923,27,2007,100563,Cyber Security Analyst
924,63,2050,118416,Nurse
925,33,2230,86440,Nurse
926,35,2170,100727,Software Engineer
927,25,2217,80661,Project Manager
928,29,2155,63206,Accountant
929,43,2145,108824,Software Engineer
930,37,2010,93336,Teacher
931,47,2112,89341,Data Analyst
932,36,2077,74012,Sales Representative
933,47,2170,102017,Teacher
934,30,2050,90252,Project Manager
935,18,2000,70000,Nurse
936,52,2200,91484,Teacher
937,39,2217,87435,Data Analyst
938,65,2015,116723,Financial Analyst
939,51,2134,101228,Accountant
940,21,2220,83318,Cyber Security Analyst
941,23,2050,76818,Data Analyst
942,44,2145,85442,Teacher
943,55,2155,120544,Software Engineer
944,58,2010,120000,Nurse
945,54,2134,93751,Data Analyst
946,33,2060,82875,Financial Analyst
947,43,2095,96431,Teacher
948,35,2010,74727,Accountant
949,26,2015,59454,Sales Representative
950,24,2145,93569,Cyber Security Analyst
951,38,2015,98838,Nurse
952,40,2145,83506,Accountant
953,47,2015,91898,Financial Analyst
954,28,2220,86471,Financial Analyst
955,20,2095,60000,Accountant
956,23,2112,68303,Accountant
957,50,2217,95430,Data Analyst
958,34,2000,105379,Cyber Security Analyst
959,46,2230,123771,Project Manager
960,33,2145,89084,Software Engineer
961,26,2000,78084,Software Engineer
962,32,2042,102488,Cyber Security Analyst
963,41,2170,116014,Software Engineer
964,34,2000,89240,Software Engineer
965,30,2020,65779,Marketing Specialist
966,39,2007,109148,Software Engineer
967,21,2170,88342,Cyber Security Analyst
968,64,2150,109902,Nurse
969,42,2031,97130,Nurse
970,31,2060,97149,Cyber Security Analyst
971,46,2007,116776,Cyber Security Analyst
972,59,2150,116479,Financial Analyst
973,53,2007,90108,Marketing Specialist
974,35,2020,91822,Nurse
975,30,2050,103133,Project Manager
976,19,2220,72831,Nurse
977,48,2150,119571,Project Manager
978,54,2095,128683,Project Manager
979,35,2000,103959,Cyber Security Analyst
980,56,2000,99631,Accountant
981,21,2155,64903,Marketing Specialist
982,55,2031,92643,Accountant
983,33,2060,83444,Accountant
984,65,2050,110000,Data Analyst
985,42,2031,86302,Teacher
986,33,2095,74309,Sales Representative
987,55,2220,101949,Data Analyst
988,54,2020,105579,Sales Representative
989,30,2160,72893,Marketing Specialist
990,29,2007,64659,Marketing Specialist
991,21,2190,60360,Accountant
992,19,2150,80000,Project Manager
993,39,2042,73849,Sales Representative
994,39,2095,100994,Cyber Security Analyst
995,19,2170,80000,Cyber Security Analyst
996,25,2112,81312,Project Manager
997,41,2170,87778,Nurse
998,39,2095,84045,Financial Analyst
999,28,2200,86602,Nurse
1000,59,2031,115000,Teacher
1001,62,2112,103804,Sales Representative
1002,60,2031,106547,Sales Representative
1003,37,2020,83057,Financial Analyst
1004,64,2220,110000,Data Analyst
1005,43,2007,80221,Sales Representative
1006,56,2190,102664,Teacher
1007,58,2015,108067,Sales Representative
1008,27,2230,67123,Teacher
1009,33,2095,76458,Teacher
1010,58,2220,131320,Software Engineer
1011,46,2060,88679,Data Analyst
1012,33,2112,94155,Software Engineer
1013,24,2007,73391,Data Analyst
1014,46,2031,103353,Nurse
1015,49,2112,110871,Nurse
1016,42,2150,117132,Software Engineer
1017,59,2031,108404,Accountant
1018,22,2077,65000,Data Analyst
1019,38,2015,80835,Financial Analyst
1020,39,2122,104315,Cyber Security Analyst
1021,64,2160,131667,Software Engineer
1022,39,2190,85392,Sales Representative
1023,63,2134,103491,Data Analyst
1024,56,2031,102180,Nurse
1025,24,2042,67608,Teacher
1026,44,2230,120889,Project Manager
1027,34,2077,81506,Financial Analyst
1028,24,2122,79480,Data Analyst
1029,53,2020,89020,Marketing Specialist
1030,41,2134,79892,Data Analyst
1031,36,2150,72606,Sales Representative
1032,24,2042,66342,Data Analyst
1033,58,2010,117326,Financial Analyst
1034,25,2122,78622,Financial Analyst
1035,49,2010,109106,Financial Analyst
1036,42,2112,115690,Cyber Security Analyst
1037,41,2145,103271,Cyber Security Analyst
1038,34,2145,75652,Marketing Specialist
1039,32,2170,73402,Financial Analyst
1040,27,2010,88712,Software Engineer
1041,52,2170,103625,Nurse
1042,53,2122,105634,Data Analyst
1043,44,2217,118750,Project Manager
1044,54,2150,98090,Accountant
1045,23,2220,70000,Nurse
1046,50,2155,101173,Sales Representative
1047,61,2020,99260,Sales Representative
1048,46,2031,115666,Cyber Security Analyst
1049,30,2007,100469,Cyber Security Analyst
1050,23,2042,70164,Nurse
1051,56,2095,101663,Financial Analyst
1052,23,2160,78339,Nurse
1053,53,2060,109263,Teacher
1054,47,2220,102019,Data Analyst
1055,51,2015,108686,Nurse
1056,27,2170,101712,Cyber Security Analyst
1057,55,2015,134608,Software Engineer
1058,24,2160,73288,Financial Analyst
1059,44,2122,101337,Financial Analyst
1060,54,2150,88355,Sales Representative
1061,29,2122,72585,Financial Analyst
1062,57,2217,103801,Sales Representative
1063,20,2095,70000,Nurse
1064,21,2060,65395,Marketing Specialist
1065,19,2077,66253,Teacher
1066,35,2220,71303,Marketing Specialist
1067,32,2077,103881,Cyber Security Analyst
1068,38,2230,92060,Financial Analyst
1069,56,2042,132027,Software Engineer
1070,31,2230,89704,Nurse
1071,51,2007,106990,Teacher
1072,28,2077,95436,Software Engineer
1073,43,2155,123208,Cyber Security Analyst
1074,19,2042,80000,Cyber Security Analyst
1075,21,2007,68147,Accountant
1076,21,2220,65000,Teacher
1077,35,2145,89636,Teacher
1078,43,2217,100575,Software Engineer
1079,33,2150,90422,Teacher
1080,46,2150,127953,Cyber Security Analyst
1081,53,2112,97592,Teacher
1082,34,2077,88027,Software Engineer
1083,42,2031,96730,Data Analyst
1084,31,2200,71206,Accountant
1085,61,2060,109163,Accountant
1086,50,2217,85929,Data Analyst
1087,48,2200,117164,Cyber Security Analyst
1088,56,2050,99653,Data Analyst
1089,56,2220,108491,Financial Analyst
1090,45,2112,103763,Nurse
1091,34,2145,76921,Accountant
1092,61,2190,137907,Project Manager
1093,55,2000,132931,Software Engineer
1094,60,2160,115000,Teacher
1095,56,2077,103010,Financial Analyst
1096,48,2095,115548,Software Engineer
1097,58,2060,106110,Teacher
1098,59,2042,107891,Financial Analyst
1099,51,2007,104767,Accountant
1100,43,2217,86181,Teacher
1101,64,2200,110000,Data Analyst
1102,36,2134,89321,Financial Analyst
1103,42,2170,96723,Data Analyst
1104,30,2230,75052,Teacher
1105,61,2200,140000,Project Manager
1106,60,2155,109517,Teacher
1107,28,2031,92392,Project Manager
1108,24,2020,64858,Marketing Specialist
1109,64,2031,139721,Project Manager
1110,59,2050,133343,Software Engineer
1111,32,2134,82239,Financial Analyst
1112,41,2170,91550,Financial Analyst
1113,47,2150,106864,Software Engineer
1114,58,2170,94142,Sales Representative
1115,48,2155,85841,Accountant
1116,61,2155,115521,Nurse
1117,44,2020,84395,Data Analyst
1118,30,2134,86424,Teacher
1119,47,2095,116015,Cyber Security Analyst
1120,23,2095,61113,Marketing Specialist
1121,38,2000,88961,Data Analyst
1122,35,2031,86968,Accountant
1123,28,2010,64878,Marketing Specialist
1124,57,2200,115559,Nurse
1125,43,2150,99156,Nurse
1126,18,2160,65000,Data Analyst
1127,64,2000,114494,Teacher
1128,51,2000,85241,Accountant
1129,58,2050,103836,Accountant
1130,37,2015,108845,Cyber Security Analyst
1131,50,2077,87919,Sales Representative
1132,22,2077,68359,Data Analyst
1133,47,2190,124195,Project Manager
1134,39,2217,86724,Nurse
1135,39,2112,78514,Marketing Specialist
1136,28,2000,78122,Nurse
1137,32,2042,90080,Cyber Security Analyst
1138,55,2031,121269,Project Manager
1139,41,2122,85402,Data Analyst
1140,52,2007,104248,Sales Representative
1141,21,2200,75000,Software Engineer
1142,21,2134,83708,Software Engineer
1143,42,2160,106472,Software Engineer
1144,48,2042,111793,Cyber Security Analyst
1145,37,2217,83521,Nurse
1146,60,2060,140000,Project Manager
1147,62,2134,134288,Cyber Security Analyst
1148,50,2015,91710,Sales Representative
1149,25,2150,81190,Software Engineer
1150,56,2060,107568,Accountant
1151,30,2220,81192,Teacher
1152,36,2007,112855,Cyber Security Analyst
1153,49,2220,98729,Accountant
1154,39,2000,72757,Accountant
1155,60,2015,140000,Software Engineer
1156,60,2020,97632,Marketing Specialist
1157,50,2230,112574,Software Engineer
1158,34,2145,76721,Accountant
1159,34,2007,70291,Marketing Specialist
1160,29,2077,77335,Data Analyst
1161,61,2134,104542,Teacher
1162,24,2000,65279,Data Analyst
1163,60,2095,139800,Cyber Security Analyst
1164,46,2060,80811,Sales Representative
1165,41,2031,83198,Teacher
1166,43,2145,95503,Nurse
1167,42,2134,80997,Marketing Specialist
1168,25,2220,81602,Cyber Security Analyst
1169,28,2134,98187,Software Engineer
1170,48,2217,94463,Sales Representative
1171,29,2122,69622,Sales Representative
1172,57,2217,96621,Data Analyst
1173,48,2015,95391,Marketing Specialist
1174,46,2010,90381,Data Analyst
1175,59,2000,115000,Teacher
1176,65,2230,110000,Sales Representative
1177,32,2155,87035,Teacher
1178,62,2015,110000,Sales Representative
1179,60,2150,106010,Accountant
1180,60,2020,120000,Nurse
1181,57,2000,97482,Data Analyst
1182,50,2150,89462,Marketing Specialist
1183,22,2095,62148,Marketing Specialist
1184,39,2007,96185,Financial Analyst
1185,32,2200,100279,Project Manager
1186,43,2010,91639,Accountant
1187,46,2145,80650,Sales Representative
1188,49,2095,86868,Marketing Specialist
1189,49,2015,97900,Data Analyst
1190,44,2160,97886,Data Analyst
1191,18,2190,75000,Software Engineer
1192,50,2042,125800,Project Manager
1193,39,2007,84644,Teacher
1194,47,2160,105510,Teacher
1195,48,2220,101743,Teacher
1196,25,2217,81947,Software Engineer
1197,18,2112,65000,Teacher
1198,53,2112,118164,Project Manager
1199,20,2150,80000,Cyber Security Analyst
1200,63,2015,116204,Nurse
1201,57,2042,95445,Accountant
1202,43,2145,82840,Accountant
1203,63,2015,115000,Teacher
1204,20,2015,62102,Sales Representative
1205,47,2155,83347,Sales Representative
1206,49,2155,86272,Data Analyst
1207,53,2170,113058,Nurse
1208,50,2220,133213,Cyber Security Analyst
1209,29,2015,97907,Cyber Security Analyst
1210,60,2190,104695,Sales Representative
1211,50,2134,113998,Nurse
1212,62,2060,109846,Accountant
1213,39,2145,83944,Financial Analyst
1214,26,2190,85297,Nurse
1215,37,2095,112394,Project Manager
1216,58,2042,99424,Accountant
1217,57,2217,111952,Financial Analyst
1218,61,2220,135294,Cyber Security Analyst
1219,50,2220,121414,Project Manager
1220,63,2112,140000,Software Engineer
1221,48,2170,93785,Sales Representative
1222,61,2077,138734,Project Manager
1223,18,2015,80000,Project Manager
1224,42,2007,105045,Cyber Security Analyst
1225,30,2031,78434,Financial Analyst
1226,61,2020,107351,Financial Analyst
1227,62,2042,120000,Financial Analyst
1228,20,2145,65000,Teacher
1229,57,2050,138178,Project Manager
1230,42,2155,84957,Accountant
1231,62,2122,109827,Data Analyst
1232,44,2160,84422,Teacher
1233,18,2042,69518,Financial Analyst
1234,32,2170,87805,Teacher
1235,65,2042,106340,Sales Representative
1236,36,2031,71589,Marketing Specialist
1237,29,2230,102050,Cyber Security Analyst
1238,25,2007,81488,Nurse
1239,35,2060,95964,Project Manager
1240,28,2060,56886,Sales Representative
1241,39,2220,77412,Marketing Specialist
1242,20,2095,92324,Cyber Security Analyst
1243,21,2217,58379,Sales Representative
1244,49,2160,93010,Sales Representative
1245,22,2155,66462,Teacher
1246,29,2010,100595,Project Manager
1247,28,2160,88235,Nurse
1248,43,2112,106822,Software Engineer
1249,31,2095,80652,Teacher
1250,36,2190,86532,Accountant
1251,48,2200,108586,Project Manager
1252,25,2145,70322,Teacher
1253,59,2190,100968,Sales Representative
1254,20,2122,65000,Teacher
1255,42,2160,92352,Financial Analyst
1256,19,2112,88129,Project Manager
1257,50,2150,85479,Marketing Specialist
1258,36,2095,85988,Accountant
1259,23,2031,89543,Software Engineer
1260,52,2200,89698,Data Analyst
1261,31,2217,77730,Accountant
1262,24,2160,70644,Accountant
1263,59,2230,126740,Software Engineer
1264,19,2220,61933,Marketing Specialist
1265,20,2010,75000,Software Engineer
1266,29,2160,70180,Financial Analyst
1267,54,2060,101655,Accountant
1268,42,2200,88784,Marketing Specialist
1269,45,2000,96486,Teacher
1270,61,2160,124661,Software Engineer
1271,59,2010,110000,Sales Representative
1272,20,2112,84242,Software Engineer
1273,24,2217,71895,Financial Analyst
1274,56,2077,131894,Software Engineer
1275,42,2217,86541,Nurse
1276,48,2160,118693,Cyber Security Analyst
1277,26,2160,78176,Nurse
1278,58,2077,137545,Cyber Security Analyst
1279,18,2160,80000,Project Manager
1280,25,2000,80468,Data Analyst
1281,56,2160,118367,Nurse
1282,23,2042,72118,Financial Analyst
1283,31,2200,90625,Nurse
1284,27,2031,89681,Cyber Security Analyst
1285,57,2042,104393,Financial Analyst
1286,29,2007,75856,Sales Representative
1287,47,2010,116545,Project Manager
1288,60,2060,126302,Software Engineer
1289,30,2150,69884,Sales Representative
1290,40,2217,108111,Cyber Security Analyst
1291,24,2190,65000,Financial Analyst
1292,30,2150,82532,Teacher
1293,39,2217,79590,Sales Representative
1294,62,2020,110000,Sales Representative
1295,54,2095,107332,Teacher
1296,28,2095,72640,Data Analyst
1297,32,2060,86673,Nurse
1298,26,2150,78677,Teacher
1299,46,2077,100744,Teacher
1300,53,2031,133281,Software Engineer
1301,23,2020,78500,Financial Analyst
1302,30,2230,71548,Financial Analyst
1303,64,2000,140000,Software Engineer
1304,58,2170,110000,Data Analyst
1305,43,2042,75456,Sales Representative
1306,53,2160,113641,Financial Analyst
1307,48,2112,124350,Cyber Security Analyst
1308,32,2230,70918,Sales Representative
1309,26,2155,75236,Marketing Specialist
1310,23,2112,81774,Nurse
1311,18,2190,60000,Accountant
1312,50,2145,119472,Cyber Security Analyst
1313,29,2170,62662,Sales Representative
1314,65,2112,101324,Marketing Specialist
1315,32,2050,66953,Marketing Specialist
1316,34,2050,73423,Teacher
1317,60,2155,106518,Accountant
1318,42,2145,77053,Marketing Specialist
1319,20,2015,74212,Teacher
1320,58,2230,110437,Financial Analyst
1321,55,2170,122930,Project Manager
1322,42,2112,104789,Nurse
1323,59,2155,129945,Software Engineer
1324,42,2155,88830,Accountant
1325,40,2150,94201,Teacher
1326,56,2155,95936,Data Analyst
1327,46,2050,111249,Cyber Security Analyst
1328,50,2042,97370,Financial Analyst
1329,29,2112,104940,Cyber Security Analyst
1330,63,2217,134781,Software Engineer
1331,44,2230,86373,Teacher
1332,48,2150,88819,Marketing Specialist
1333,55,2200,134634,Cyber Security Analyst
1334,19,2007,60000,Accountant
1335,54,2031,91542,Sales Representative
1336,58,2007,139816,Project Manager
1337,27,2031,72079,Data Analyst
1338,29,2122,103682,Project Manager
1339,54,2230,98756,Data Analyst
1340,23,2145,75193,Accountant
1341,48,2031,89103,Marketing Specialist
1342,44,2020,94518,Sales Representative
1343,29,2217,74610,Sales Representative
1344,34,2230,103356,Cyber Security Analyst
1345,47,2170,81191,Sales Representative
1346,32,2122,79226,Nurse
1347,24,2042,77873,Data Analyst
1348,50,2020,113884,Nurse
1349,24,2150,97952,Cyber Security Analyst
1350,20,2155,80000,Project Manager
1351,23,2217,60000,Marketing Specialist
1352,56,2000,132650,Project Manager
1353,51,2112,96529,Nurse
1354,62,2134,133689,Project Manager
1355,48,2112,111216,Nurse
1356,65,2015,110000,Sales Representative
1357,26,2150,71980,Financial Analyst
1358,23,2190,78667,Financial Analyst
1359,44,2042,85605,Financial Analyst
1360,63,2170,110000,Data Analyst
1361,25,2000,91224,Project Manager
1362,59,2220,103968,Accountant
1363,44,2015,87731,Teacher
1364,45,2060,85158,Sales Representative
1365,52,2170,108151,Nurse
1366,57,2217,113661,Financial Analyst
1367,31,2160,92100,Nurse
1368,48,2112,129809,Cyber Security Analyst
1369,53,2060,97282,Marketing Specialist
1370,54,2220,106343,Teacher
1371,65,2217,138902,Cyber Security Analyst
1372,65,2145,105301,Accountant
1373,24,2155,69508,Accountant
1374,39,2190,98514,Project Manager
1375,28,2200,70811,Nurse
1376,23,2150,96583,Cyber Security Analyst
1377,45,2010,110960,Software Engineer
1378,32,2010,89850,Teacher
1379,20,2122,79200,Nurse
1380,36,2007,71807,Sales Representative
1381,58,2145,92903,Marketing Specialist
1382,30,2077,91700,Project Manager
1383,20,2155,64242,Sales Representative
1384,62,2190,102362,Accountant
1385,61,2112,104009,Data Analyst
1386,59,2031,97100,Data Analyst
1387,35,2112,91033,Nurse
1388,43,2042,91220,Sales Representative
1389,18,2010,83009,Software Engineer
1390,36,2170,104385,Project Manager
1391,40,2050,100614,Financial Analyst
1392,30,2122,81604,Marketing Specialist
1393,18,2031,68340,Financial Analyst
1394,50,2160,111626,Software Engineer
1395,50,2095,96281,Financial Analyst
1396,50,2160,111285,Financial Analyst
1397,34,2122,85474,Marketing Specialist
1398,48,2095,96950,Accountant
1399,61,2170,96641,Marketing Specialist
1400,48,2060,108702,Software Engineer
1401,42,2217,83066,Accountant
1402,38,2112,98201,Nurse
1403,52,2220,96182,Data Analyst
1404,33,2010,85625,Financial Analyst
1405,61,2010,115000,Teacher
1406,29,2095,73286,Marketing Specialist
1407,31,2060,66202,Sales Representative
1408,65,2150,106542,Accountant
1409,33,2060,72732,Accountant
1410,32,2050,76560,Accountant
1411,27,2015,80018,Software Engineer
1412,61,2190,95962,Marketing Specialist
1413,52,2150,99716,Data Analyst
1414,57,2150,115000,Teacher
1415,35,2031,84833,Marketing Specialist
1416,35,2050,96981,Nurse
1417,26,2155,76526,Data Analyst
1418,48,2007,124763,Project Manager
1419,40,2217,89131,Nurse
1420,47,2220,122086,Software Engineer
1421,47,2220,86126,Teacher
1422,18,2122,69038,Accountant
1423,24,2112,69892,Teacher
1424,29,2060,91813,Project Manager
1425,35,2190,79327,Marketing Specialist
1426,41,2150,115700,Cyber Security Analyst
1427,31,2220,86029,Nurse
1428,41,2060,99237,Nurse
1429,29,2020,76742,Sales Representative
1430,61,2015,104590,Accountant
1431,33,2134,101629,Project Manager
1432,30,2230,91496,Cyber Security Analyst
1433,48,2031,97535,Data Analyst
1434,49,2200,129813,Cyber Security Analyst
1435,52,2150,101001,Teacher
1436,34,2170,91989,Project Manager
1437,43,2220,104926,Software Engineer
1438,21,2060,68806,Accountant
1439,58,2145,131285,Software Engineer
1440,34,2112,90382,Teacher
1441,53,2112,96606,Financial Analyst
1442,44,2112,120800,Software Engineer
1443,30,2170,76686,Sales Representative
1444,29,2112,78524,Financial Analyst
1445,61,2150,139539,Project Manager
1446,23,2190,74707,Nurse
1447,47,2031,121161,Cyber Security Analyst
1448,44,2170,88689,Sales Representative
1449,22,2031,81791,Software Engineer
1450,32,2095,79441,Teacher
1451,63,2190,120000,Financial Analyst
1452,35,2112,87317,Marketing Specialist
1453,51,2134,90588,Marketing Specialist
1454,29,2020,73220,Data Analyst
1455,60,2230,106772,Financial Analyst
1456,31,2122,91354,Cyber Security Analyst
1457,24,2150,91269,Software Engineer
1458,21,2122,75041,Data Analyst
1459,23,2060,77003,Software Engineer
1460,23,2077,72834,Nurse
1461,33,2145,76695,Financial Analyst
1462,26,2031,81149,Project Manager
1463,20,2095,72730,Teacher
1464,47,2060,124995,Project Manager
1465,46,2220,126394,Cyber Security Analyst
1466,29,2190,72832,Sales Representative
1467,58,2134,108961,Sales Representative
1468,58,2077,132440,Project Manager
1469,48,2050,111232,Project Manager
1470,46,2112,101273,Financial Analyst
1471,34,2077,92473,Cyber Security Analyst
1472,18,2020,81268,Project Manager
1473,36,2160,69421,Marketing Specialist
1474,62,2150,106626,Marketing Specialist
1475,18,2077,79562,Nurse
1476,32,2160,80647,Data Analyst
1477,30,2160,87089,Nurse
1478,43,2031,89366,Accountant
1479,42,2060,78127,Accountant
1480,45,2155,87631,Accountant
1481,36,2060,106509,Project Manager
1482,30,2031,86072,Software Engineer
1483,36,2200,104814,Software Engineer
1484,57,2060,107610,Marketing Specialist
1485,30,2000,72751,Teacher
1486,21,2000,80000,Project Manager
1487,24,2060,66118,Financial Analyst
1488,63,2230,98140,Marketing Specialist
1489,32,2020,84844,Software Engineer
1490,49,2095,96749,Accountant
1491,37,2112,85407,Marketing Specialist
1492,62,2095,99756,Data Analyst
1493,27,2060,76475,Data Analyst
1494,22,2150,81056,Project Manager
1495,30,2122,69456,Financial Analyst
1496,25,2122,71961,Accountant
1497,33,2042,84462,Data Analyst
1498,65,2155,136830,Software Engineer
1499,48,2217,102142,Nurse
1500,38,2200,99042,Cyber Security Analyst
1501,65,2155,134002,Project Manager
1502,34,2200,76812,Marketing Specialist
1503,30,2007,74902,Teacher
1504,25,2200,71673,Accountant
1505,38,2031,83196,Data Analyst
1506,55,2122,124135,Software Engineer
1507,18,2170,70573,Data Analyst
1508,62,2020,108658,Sales Representative
1509,23,2031,71700,Accountant
1510,23,2095,55000,Sales Representative
1511,21,2200,65000,Teacher
1512,62,2015,130293,Project Manager
1513,49,2095,101275,Accountant
1514,59,2145,104940,Teacher
1515,19,2112,70000,Nurse
1516,34,2150,84655,Data Analyst
1517,53,2160,112016,Financial Analyst
1518,30,2031,76856,Sales Representative
1519,40,2230,93752,Teacher
1520,35,2160,70148,Sales Representative
1521,22,2020,89831,Project Manager
1522,36,2160,88093,Financial Analyst
1523,47,2200,99345,Data Analyst
1524,42,2000,115121,Cyber Security Analyst
1525,57,2095,93564,Accountant
1526,60,2122,129838,Project Manager
1527,51,2160,90156,Marketing Specialist
1528,57,2095,114066,Financial Analyst
1529,59,2015,101771,Teacher
1530,51,2007,114890,Software Engineer
1531,29,2042,69039,Data Analyst
1532,49,2015,84021,Accountant
1533,54,2217,114351,Nurse
1534,51,2220,102959,Sales Representative
1535,34,2112,77551,Data Analyst
1536,56,2000,124392,Software Engineer
1537,59,2010,108954,Marketing Specialist
1538,58,2112,110000,Data Analyst
1539,65,2112,111910,Nurse
1540,57,2155,101970,Financial Analyst
1541,64,2077,131170,Software Engineer
1542,31,2015,89912,Project Manager
1543,64,2160,110000,Accountant
1544,30,2155,70917,Accountant
1545,54,2160,138076,Cyber Security Analyst
1546,44,2200,119849,Software Engineer
1547,40,2220,87398,Marketing Specialist
1548,24,2031,96319,Cyber Security Analyst
1549,43,2095,107098,Project Manager
1550,52,2145,96331,Sales Representative
1551,38,2095,107712,Project Manager
1552,44,2230,98258,Nurse
1553,56,2170,108305,Accountant
1554,31,2160,82155,Nurse
1555,41,2145,87479,Marketing Specialist
1556,18,2077,74521,Data Analyst
1557,19,2020,81167,Project Manager
1558,18,2050,65000,Financial Analyst
1559,38,2220,83191,Data Analyst
1560,53,2160,133380,Project Manager
1561,54,2015,121023,Cyber Security Analyst
1562,47,2020,90386,Teacher
1563,34,2170,80208,Teacher
1564,32,2077,74394,Financial Analyst
1565,54,2170,105422,Nurse
1566,64,2230,139256,Software Engineer
1567,48,2150,130370,Cyber Security Analyst
1568,24,2200,61864,Sales Representative
1569,20,2122,55000,Sales Representative
1570,21,2112,72422,Teacher
1571,44,2050,120693,Software Engineer
1572,18,2007,70000,Nurse
1573,51,2095,104288,Data Analyst
1574,54,2095,136249,Cyber Security Analyst
1575,62,2020,98464,Accountant
1576,61,2145,120000,Nurse
1577,54,2010,123234,Project Manager
1578,45,2122,91446,Financial Analyst
1579,26,2010,79103,Teacher
1580,54,2160,102548,Data Analyst
1581,34,2122,103571,Software Engineer
1582,45,2020,123098,Cyber Security Analyst
1583,53,2150,100187,Accountant
1584,59,2042,110000,Sales Representative
1585,57,2050,127727,Project Manager
1586,22,2134,70278,Financial Analyst
1587,61,2010,99006,Sales Representative
1588,60,2134,116650,Nurse
1589,40,2095,84693,Accountant
1590,56,2077,96929,Data Analyst
1591,40,2145,75523,Sales Representative
1592,46,2050,88352,Data Analyst
1593,61,2020,103556,Teacher
1594,25,2050,66541,Data Analyst
1595,36,2095,75880,Data Analyst
1596,37,2150,70958,Marketing Specialist
1597,39,2230,89969,Accountant
1598,31,2160,80976,Accountant
1599,34,2150,95057,Project Manager
1600,62,2122,110000,Data Analyst
1601,60,2007,131987,Project Manager
1602,28,2077,71150,Data Analyst
1603,62,2060,98228,Sales Representative
1604,47,2010,95501,Data Analyst
1605,60,2217,115952,Financial Analyst
1606,24,2077,73410,Data Analyst
1607,32,2155,78157,Nurse
1608,38,2190,88695,Marketing Specialist
1609,23,2042,93320,Cyber Security Analyst
1610,47,2220,107725,Project Manager
1611,20,2155,62119,Accountant
1612,39,2122,77484,Marketing Specialist
1613,19,2217,67595,Teacher
1614,40,2050,97170,Financial Analyst
1615,35,2200,79720,Data Analyst
1616,42,2160,87160,Data Analyst
1617,32,2095,102234,Cyber Security Analyst
1618,60,2010,140609,Cyber Security Analyst
1619,51,2200,91069,Sales Representative
1620,44,2170,82665,Accountant
1621,45,2190,97386,Financial Analyst
1622,46,2020,112520,Project Manager
1623,59,2170,144441,Cyber Security Analyst
1624,61,2020,105870,Accountant
1625,62,2020,140000,Project Manager
1626,27,2031,65935,Sales Representative
1627,22,2160,80000,Project Manager
1628,29,2020,67668,Teacher
1629,38,2134,91217,Nurse
1630,46,2020,93924,Financial Analyst
1631,24,2031,80000,Cyber Security Analyst
1632,57,2060,110000,Sales Representative
1633,54,2050,106669,Sales Representative
1634,32,2217,65748,Accountant
1635,40,2220,111043,Software Engineer
1636,26,2190,95573,Project Manager
1637,63,2031,115000,Teacher
1638,49,2020,88345,Marketing Specialist
1639,30,2007,76154,Accountant
1640,18,2134,65000,Financial Analyst
1641,65,2042,102167,Accountant
1642,29,2190,77756,Marketing Specialist
1643,62,2145,109895,Teacher
1644,45,2007,108643,Nurse
1645,65,2230,120000,Nurse
1646,43,2230,92996,Sales Representative
1647,56,2155,119772,Project Manager
1648,51,2145,125609,Software Engineer
1649,20,2155,69752,Accountant
1650,43,2160,91630,Data Analyst
1651,51,2042,96137,Data Analyst
1652,46,2077,99155,Nurse
1653,47,2134,119753,Cyber Security Analyst
1654,57,2220,109280,Data Analyst
1655,27,2200,74375,Marketing Specialist
1656,23,2015,82273,Project Manager
1657,55,2020,130114,Project Manager
1658,44,2145,83476,Teacher
1659,29,2170,68318,Marketing Specialist
1660,47,2060,115725,Software Engineer
1661,62,2220,134899,Cyber Security Analyst
1662,23,2220,86640,Software Engineer
1663,58,2010,114717,Teacher
1664,63,2230,120000,Nurse
1665,57,2122,141969,Cyber Security Analyst
1666,42,2031,88962,Data Analyst
1667,54,2031,124525,Cyber Security Analyst
1668,29,2134,75626,Data Analyst
1669,37,2077,76134,Marketing Specialist
1670,25,2042,80000,Cyber Security Analyst
1671,57,2000,115666,Financial Analyst
1672,49,2160,83167,Marketing Specialist
1673,56,2050,97532,Marketing Specialist
1674,55,2145,102801,Marketing Specialist
1675,46,2190,123387,Software Engineer
1676,18,2160,60000,Accountant
1677,57,2042,121389,Project Manager
1678,29,2007,96649,Cyber Security Analyst
1679,20,2007,91708,Cyber Security Analyst
1680,56,2095,102341,Financial Analyst
1681,21,2134,75000,Software Engineer
1682,28,2190,86197,Financial Analyst
1683,54,2031,130877,Project Manager
1684,65,2112,101174,Sales Representative
1685,23,2095,72928,Financial Analyst
1686,42,2134,116228,Software Engineer
1687,22,2150,65000,Financial Analyst
1688,25,2095,80461,Financial Analyst
1689,44,2042,110041,Project Manager
1690,57,2015,110000,Data Analyst
1691,64,2010,140000,Project Manager
1692,64,2220,108240,Sales Representative
1693,45,2095,85104,Sales Representative
1694,51,2190,95212,Sales Representative
1695,26,2170,70627,Sales Representative
1696,51,2150,91001,Marketing Specialist
1697,57,2220,101007,Accountant
1698,30,2015,67274,Data Analyst
1699,47,2230,111899,Software Engineer
1700,57,2134,102979,Nurse
1701,39,2160,84297,Teacher
1702,18,2220,60000,Accountant
1703,34,2077,96967,Software Engineer
1704,50,2095,111051,Project Manager
1705,25,2095,75424,Teacher
1706,64,2190,99784,Sales Representative
1707,29,2095,72775,Accountant
1708,61,2150,96910,Marketing Specialist
1709,59,2150,131793,Cyber Security Analyst
1710,58,2160,103533,Marketing Specialist
1711,47,2230,92686,Nurse
1712,51,2170,103955,Financial Analyst
1713,53,2000,121505,Project Manager
1714,54,2112,95467,Teacher
1715,27,2000,76645,Financial Analyst
1716,42,2031,119347,Project Manager
1717,56,2031,119929,Nurse
1718,25,2220,73496,Financial Analyst
1719,63,2060,110000,Data Analyst
1720,23,2050,67495,Marketing Specialist
1721,46,2042,104972,Financial Analyst
1722,37,2015,108539,Cyber Security Analyst
1723,20,2010,66669,Accountant
1724,50,2150,102023,Data Analyst
1725,27,2095,75416,Accountant
1726,64,2077,139449,Project Manager
1727,27,2155,81795,Software Engineer
1728,31,2145,80147,Data Analyst
1729,63,2015,127581,Project Manager
1730,37,2217,92664,Data Analyst
1731,23,2145,65000,Teacher
1732,24,2217,87899,Project Manager
1733,19,2077,55000,Sales Representative
1734,38,2042,80667,Accountant
1735,35,2095,106156,Project Manager
1736,60,2060,127977,Software Engineer
1737,28,2015,67201,Financial Analyst
1738,57,2155,123141,Project Manager
1739,31,2112,104597,Project Manager
1740,38,2020,87686,Financial Analyst
1741,54,2031,90632,Accountant
1742,37,2095,84947,Sales Representative
1743,46,2020,82759,Data Analyst
1744,48,2015,96292,Data Analyst
1745,21,2134,81991,Software Engineer
1746,29,2170,72481,Sales Representative
1747,57,2077,107378,Teacher
1748,30,2010,100578,Project Manager
1749,54,2010,135131,Cyber Security Analyst
1750,24,2077,71633,Marketing Specialist
1751,48,2050,86624,Accountant
1752,57,2112,113485,Financial Analyst
1753,29,2095,81555,Teacher
1754,49,2010,100256,Data Analyst
1755,25,2150,77560,Teacher
1756,28,2112,86508,Financial Analyst
1757,54,2155,123159,Cyber Security Analyst
1758,43,2095,117797,Software Engineer
1759,59,2077,139159,Software Engineer
1760,47,2170,104398,Nurse
1761,33,2050,80508,Sales Representative
1762,28,2122,62802,Marketing Specialist
1763,39,2220,91704,Accountant
1764,45,2170,99936,Nurse
1765,52,2031,88722,Accountant
1766,65,2150,103746,Sales Representative
1767,55,2145,98959,Sales Representative
1768,53,2145,119176,Software Engineer
1769,37,2010,99816,Nurse
1770,24,2122,62749,Sales Representative
1771,49,2010,91811,Data Analyst
1772,26,2200,55000,Sales Representative
1773,27,2145,99855,Cyber Security Analyst
1774,36,2190,98086,Nurse
1775,46,2042,90161,Accountant
1776,37,2217,77213,Sales Representative
1777,45,2010,102817,Teacher
1778,18,2155,58244,Sales Representative
1779,26,2007,76460,Financial Analyst
1780,53,2000,106862,Data Analyst
1781,40,2077,96447,Software Engineer
1782,33,2220,95295,Nurse
1783,43,2220,94139,Teacher
1784,43,2134,104458,Nurse
1785,31,2150,92536,Cyber Security Analyst
1786,30,2122,97124,Project Manager
1787,44,2077,110070,Cyber Security Analyst
1788,26,2010,65000,Data Analyst
1789,27,2217,73884,Marketing Specialist
1790,26,2020,89690,Software Engineer
1791,47,2134,84827,Sales Representative
1792,47,2134,125110,Project Manager
1793,46,2112,97184,Nurse
1794,29,2190,71945,Nurse
1795,54,2230,96055,Marketing Specialist
1796,63,2060,140000,Project Manager
1797,52,2112,85883,Sales Representative
1798,20,2150,59417,Sales Representative
1799,25,2150,55814,Sales Representative
1800,27,2060,96724,Project Manager
1801,51,2155,130628,Software Engineer
1802,23,2150,60000,Accountant
1803,61,2170,135133,Project Manager
1804,57,2095,109871,Data Analyst
1805,18,2145,66798,Marketing Specialist
1806,48,2230,90969,Sales Representative
1807,44,2077,92136,Teacher
1808,28,2220,84157,Data Analyst
1809,65,2230,120000,Financial Analyst
1810,34,2200,85823,Data Analyst
1811,55,2170,122861,Cyber Security Analyst
1812,60,2230,105043,Financial Analyst
1813,36,2010,73304,Marketing Specialist
1814,50,2060,117514,Software Engineer
1815,26,2060,63380,Sales Representative
1816,34,2230,73974,Data Analyst
1817,56,2170,127505,Cyber Security Analyst
1818,60,2112,100428,Marketing Specialist
1819,34,2150,72945,Accountant
1820,51,2095,89361,Data Analyst
1821,27,2020,71783,Sales Representative
1822,44,2050,102083,Nurse
1823,64,2042,145000,Cyber Security Analyst
1824,64,2007,112599,Teacher
1825,25,2031,76906,Data Analyst
1826,43,2077,92202,Marketing Specialist
1827,65,2050,140000,Project Manager
1828,61,2150,114350,Nurse
1829,27,2134,81877,Project Manager
1830,36,2122,79493,Marketing Specialist
1831,51,2015,104005,Data Analyst
1832,58,2134,106485,Teacher
1833,39,2060,82794,Financial Analyst
1834,34,2122,78832,Sales Representative
1835,61,2230,110000,Accountant
1836,30,2095,91214,Project Manager
1837,38,2000,95809,Project Manager
1838,22,2134,65000,Data Analyst
1839,51,2217,125250,Software Engineer
1840,40,2230,82687,Accountant
1841,34,2007,67797,Accountant
1842,57,2007,138404,Software Engineer
1843,60,2190,98671,Accountant
1844,63,2010,140000,Software Engineer
1845,26,2217,87059,Nurse
1846,29,2220,86250,Software Engineer
1847,34,2145,76204,Financial Analyst
1848,58,2060,106544,Marketing Specialist
1849,62,2060,107116,Teacher
1850,22,2007,72224,Financial Analyst
1851,42,2007,88993,Teacher
1852,34,2145,94402,Cyber Security Analyst
1853,49,2190,95844,Accountant
1854,29,2015,66416,Marketing Specialist
1855,52,2042,99651,Nurse
1856,46,2015,88908,Financial Analyst
1857,22,2170,78743,Software Engineer
1858,46,2150,86686,Data Analyst
1859,59,2007,107050,Data Analyst
1860,35,2220,104318,Cyber Security Analyst
1861,43,2000,91143,Sales Representative
1862,63,2150,110000,Marketing Specialist
1863,43,2160,106974,Software Engineer
1864,18,2220,75796,Nurse
1865,25,2160,64952,Sales Representative
1866,39,2122,81382,Financial Analyst
1867,58,2112,137837,Software Engineer
1868,39,2145,103544,Software Engineer
1869,59,2031,110000,Accountant
1870,20,2217,70000,Nurse
1871,37,2015,91985,Nurse
1872,49,2200,122223,Software Engineer
1873,65,2020,101169,Accountant
1874,30,2230,85918,Data Analyst
1875,33,2122,68021,Marketing Specialist
1876,52,2150,112283,Financial Analyst
1877,46,2007,92926,Data Analyst
1878,21,2230,65000,Teacher
1879,43,2042,116715,Software Engineer
1880,47,2020,126005,Project Manager
1881,32,2007,89001,Software Engineer
1882,49,2150,86181,Data Analyst
1883,33,2000,96389,Cyber Security Analyst
1884,58,2077,96486,Data Analyst
1885,47,2031,98303,Sales Representative
1886,22,2015,86822,Software Engineer
1887,56,2050,91535,Sales Representative
1888,30,2095,85939,Nurse
1889,38,2217,111533,Software Engineer
1890,52,2095,124008,Cyber Security Analyst
1891,20,2031,58333,Sales Representative
1892,22,2060,75160,Software Engineer
1893,44,2220,118078,Cyber Security Analyst
1894,53,2145,126387,Cyber Security Analyst
1895,55,2020,93701,Data Analyst
1896,58,2122,96978,Sales Representative
1897,19,2010,60000,Marketing Specialist
1898,18,2010,89455,Cyber Security Analyst
1899,36,2220,94746,Nurse
1900,62,2042,135539,Cyber Security Analyst
1901,58,2155,116568,Financial Analyst
1902,44,2031,78892,Accountant
1903,56,2220,138933,Cyber Security Analyst
1904,57,2200,128805,Software Engineer
1905,40,2000,101679,Nurse
1906,33,2015,83330,Accountant
1907,24,2112,69706,Sales Representative
1908,50,2145,90862,Accountant
1909,35,2042,74969,Data Analyst
1910,27,2150,65351,Marketing Specialist
1911,28,2007,76507,Data Analyst
1912,36,2134,77386,Accountant
1913,39,2145,70993,Sales Representative
1914,24,2160,66508,Data Analyst
1915,28,2150,81446,Data Analyst
1916,25,2050,89256,Software Engineer
1917,55,2095,102029,Sales Representative
1918,30,2050,71374,Teacher
1919,38,2015,79046,Accountant
1920,65,2042,120000,Nurse
1921,32,2150,103534,Software Engineer
1922,49,2134,89430,Data Analyst
1923,31,2145,66047,Sales Representative
1924,42,2020,95531,Teacher
1925,64,2200,110000,Accountant
1926,35,2095,72253,Accountant
1927,20,2007,56534,Sales Representative
1928,26,2145,91090,Software Engineer
1929,44,2095,113161,Cyber Security Analyst
1930,36,2031,71632,Sales Representative
1931,54,2050,118790,Project Manager
1932,44,2150,110283,Project Manager
1933,55,2145,98509,Marketing Specialist
1934,18,2230,70000,Nurse
1935,33,2134,89944,Teacher
1936,32,2020,80182,Sales Representative
1937,18,2007,70000,Nurse
1938,48,2007,122247,Project Manager
1939,51,2150,98317,Nurse
1940,46,2050,82509,Marketing Specialist
1941,53,2220,101835,Data Analyst
1942,31,2112,97671,Cyber Security Analyst
1943,33,2000,101466,Software Engineer
1944,60,2031,119198,Financial Analyst
1945,54,2000,102032,Sales Representative
1946,47,2220,123388,Cyber Security Analyst
1947,29,2200,81916,Teacher
1948,63,2200,100401,Data Analyst
1949,42,2155,81603,Teacher
1950,36,2060,96923,Nurse
1951,54,2217,90950,Accountant
1952,57,2230,98285,Teacher
1953,50,2007,92679,Teacher
1954,42,2145,81871,Teacher
1955,41,2031,97778,Teacher
1956,63,2160,133942,Software Engineer
1957,26,2050,81193,Teacher
1958,25,2230,76456,Marketing Specialist
1959,62,2230,104196,Accountant
1960,38,2060,92777,Teacher
1961,61,2060,107529,Nurse
1962,22,2112,74079,Teacher
1963,49,2155,113594,Project Manager
1964,48,2217,125758,Project Manager
1965,36,2190,81212,Marketing Specialist
1966,61,2042,139471,Software Engineer
1967,23,2122,77774,Software Engineer
1968,36,2015,95293,Software Engineer
1969,35,2220,93359,Software Engineer
1970,49,2042,129933,Cyber Security Analyst
1971,58,2077,106947,Data Analyst
1972,61,2020,140000,Project Manager
1973,40,2145,84107,Nurse
1974,36,2010,69871,Accountant
1975,32,2200,98878,Project Manager
1976,44,2095,86118,Sales Representative
1977,49,2217,98649,Sales Representative
1978,53,2145,97198,Marketing Specialist
1979,54,2077,125414,Cyber Security Analyst
1980,34,2150,79207,Accountant
1981,36,2020,83805,Data Analyst
1982,36,2031,74417,Marketing Specialist
1983,63,2077,133419,Project Manager
1984,29,2031,93008,Cyber Security Analyst
1985,25,2095,80528,Data Analyst
1986,26,2060,70624,Marketing Specialist
1987,29,2160,62838,Accountant
1988,60,2112,104528,Teacher
1989,41,2160,79795,Marketing Specialist
1990,52,2015,95603,Financial Analyst
1991,43,2020,91605,Marketing Specialist
1992,38,2000,115556,Cyber Security Analyst
1993,50,2200,98727,Teacher
1994,48,2170,94925,Financial Analyst
1995,54,2095,91978,Marketing Specialist
1996,64,2007,103504,Marketing Specialist
1997,61,2015,134989,Project Manager
1998,19,2190,70000,Nurse
1999,46,2010,95481,Teacher
2000,21,2200,55000,Sales Representative
2001,55,2050,126341,Project Manager
2002,30,2010,84131,Data Analyst
2003,46,2155,116647,Software Engineer
2004,30,2095,82530,Marketing Specialist
2005,56,2007,130342,Project Manager
2006,43,2220,118586,Cyber Security Analyst
2007,41,2112,84867,Nurse
2008,36,2112,84244,Teacher
2009,46,2010,112812,Project Manager
2010,64,2230,110000,Marketing Specialist
2011,46,2031,101654,Financial Analyst
2012,64,2020,120000,Nurse
2013,56,2020,124361,Software Engineer
2014,37,2155,81203,Marketing Specialist
2015,22,2122,55000,Sales Representative
2016,18,2200,70000,Nurse
2017,44,2160,121099,Cyber Security Analyst
2018,63,2020,104189,Sales Representative
2019,29,2077,89851,Nurse
2020,49,2077,103857,Data Analyst
2021,37,2160,85399,Marketing Specialist
2022,32,2000,73451,Data Analyst
2023,34,2200,89207,Financial Analyst
2024,25,2134,69068,Financial Analyst
2025,49,2000,86890,Accountant
2026,35,2010,87709,Marketing Specialist
2027,65,2170,115000,Teacher
2028,54,2060,113896,Nurse
2029,62,2112,140000,Software Engineer
2030,64,2000,107334,Sales Representative
2031,28,2007,61490,Sales Representative
2032,38,2220,75716,Marketing Specialist
2033,40,2007,109360,Cyber Security Analyst
2034,41,2200,96132,Nurse
2035,21,2077,75865,Financial Analyst
2036,58,2155,126669,Software Engineer
2037,58,2015,144939,Cyber Security Analyst
2038,28,2095,93127,Project Manager
2039,61,2060,117198,Financial Analyst
2040,24,2170,89182,Project Manager
2041,27,2020,80596,Data Analyst
2042,36,2150,87649,Teacher
2043,39,2015,106182,Cyber Security Analyst
2044,27,2050,87663,Project Manager
2045,53,2220,103181,Sales Representative
2046,52,2220,117138,Project Manager
2047,44,2010,81479,Marketing Specialist
2048,26,2150,74070,Data Analyst
2049,37,2020,89694,Teacher
2050,56,2095,124153,Project Manager
2051,63,2000,111546,Financial Analyst
2052,32,2220,94026,Cyber Security Analyst
2053,62,2077,100916,Accountant
2054,31,2010,101899,Cyber Security Analyst
2055,62,2010,126467,Software Engineer
2056,48,2007,98349,Nurse
2057,24,2217,77570,Data Analyst
2058,55,2150,94322,Data Analyst
2059,34,2010,80203,Data Analyst
2060,60,2015,99269,Data Analyst
2061,56,2170,96980,Accountant
2062,29,2000,69676,Teacher
2063,27,2170,76929,Financial Analyst
2064,40,2155,108350,Cyber Security Analyst
2065,50,2010,85694,Sales Representative
2066,55,2155,97536,Data Analyst
2067,63,2077,103500,Accountant
2068,52,2230,90786,Data Analyst
2069,31,2220,102151,Project Manager
2070,41,2031,86321,Sales Representative
2071,61,2031,136094,Software Engineer
2072,42,2042,102382,Nurse
2073,32,2015,85192,Nurse
2074,25,2015,74477,Marketing Specialist
2075,26,2112,67957,Marketing Specialist
2076,53,2010,99262,Data Analyst
2077,49,2122,117165,Software Engineer
2078,47,2230,89159,Sales Representative
2079,61,2050,110000,Marketing Specialist
2080,44,2134,91612,Financial Analyst
2081,22,2217,66295,Marketing Specialist
2082,29,2217,81642,Data Analyst
2083,61,2122,138822,Software Engineer
2084,51,2015,115335,Software Engineer
2085,43,2220,105947,Nurse
2086,24,2010,90216,Cyber Security Analyst
2087,30,2042,87261,Teacher
2088,43,2050,113490,Software Engineer
2089,64,2060,110000,Marketing Specialist
2090,55,2200,111412,Financial Analyst
2091,40,2217,93168,Marketing Specialist
2092,43,2155,85734,Marketing Specialist
2093,27,2015,63577,Marketing Specialist
2094,34,2150,74584,Marketing Specialist
2095,58,2000,128582,Cyber Security Analyst
2096,65,2010,110000,Data Analyst
2097,61,2031,108708,Data Analyst
2098,56,2020,105346,Teacher
2099,57,2015,93145,Sales Representative
2100,60,2150,138887,Project Manager
2101,30,2217,85358,Financial Analyst
2102,49,2060,127348,Project Manager
2103,39,2160,97388,Project Manager
2104,20,2015,74698,Nurse
2105,46,2122,99288,Teacher
2106,47,2007,88561,Data Analyst
2107,53,2220,101335,Financial Analyst
2108,49,2020,103217,Nurse
2109,63,2150,111456,Nurse
2110,54,2217,106444,Marketing Specialist
2111,61,2170,140000,Project Manager
2112,48,2031,124901,Project Manager
2113,21,2060,79401,Nurse
2114,55,2190,110921,Nurse
2115,36,2007,75071,Teacher
2116,55,2020,102432,Data Analyst
2117,40,2000,81927,Sales Representative
2118,42,2134,109500,Software Engineer
2119,40,2112,85253,Nurse
2120,60,2050,102369,Accountant
2121,59,2170,105762,Financial Analyst
2122,62,2077,129601,Software Engineer
2123,39,2000,116685,Cyber Security Analyst
2124,38,2145,87992,Data Analyst
2125,54,2134,124693,Project Manager
2126,19,2170,60000,Marketing Specialist
2127,38,2170,94066,Nurse
2128,38,2015,84406,Sales Representative
2129,24,2095,72659,Accountant
2130,50,2031,98857,Teacher
2131,41,2042,100752,Nurse
2132,58,2160,127333,Software Engineer
2133,36,2007,85806,Financial Analyst
2134,54,2050,101311,Nurse
2135,63,2015,110000,Sales Representative
2136,39,2010,98134,Financial Analyst
2137,51,2134,91978,Marketing Specialist
2138,40,2200,105316,Software Engineer
2139,50,2134,110140,Financial Analyst
2140,38,2134,84459,Accountant
2141,34,2155,78574,Sales Representative
2142,60,2031,124226,Project Manager
2143,58,2031,139966,Project Manager
2144,49,2217,98291,Accountant
2145,35,2190,105914,Project Manager
2146,54,2155,96042,Data Analyst
2147,41,2020,82344,Marketing Specialist
2148,27,2134,78975,Financial Analyst
2149,38,2200,99330,Software Engineer
2150,44,2077,90688,Financial Analyst
2151,34,2050,77022,Sales Representative
2152,33,2020,92033,Software Engineer
2153,19,2077,66273,Accountant
2154,49,2134,123402,Project Manager
2155,59,2042,99476,Data Analyst
2156,35,2000,101978,Cyber Security Analyst
2157,35,2031,93085,Project Manager
2158,64,2000,100748,Marketing Specialist
2159,23,2190,70083,Teacher
2160,22,2112,70000,Nurse
2161,43,2050,108241,Cyber Security Analyst
2162,54,2015,133060,Project Manager
2163,60,2155,102400,Sales Representative
2164,49,2050,127526,Software Engineer
2165,25,2095,81594,Teacher
2166,65,2230,117731,Nurse
2167,45,2020,82223,Accountant
2168,29,2060,76102,Accountant
2169,44,2170,87258,Financial Analyst
2170,49,2112,113275,Project Manager
2171,38,2134,111092,Project Manager
2172,61,2060,100493,Accountant
2173,41,2220,86518,Marketing Specialist
2174,37,2200,93042,Data Analyst
2175,20,2220,65000,Data Analyst
2176,34,2122,100560,Project Manager
2177,58,2217,101552,Teacher
2178,52,2145,98899,Accountant
2179,18,2060,70000,Nurse
2180,23,2077,62212,Accountant
2181,28,2200,71031,Marketing Specialist
2182,59,2007,112596,Nurse
2183,23,2150,68850,Marketing Specialist
2184,39,2015,87594,Nurse
2185,62,2155,108663,Financial Analyst
2186,40,2190,101351,Nurse
2187,65,2145,105896,Teacher
2188,21,2200,88678,Cyber Security Analyst
2189,59,2000,139830,Cyber Security Analyst
2190,30,2095,87911,Financial Analyst
2191,23,2031,80094,Software Engineer
2192,51,2190,129083,Cyber Security Analyst
2193,38,2150,75651,Marketing Specialist
2194,34,2217,111560,Cyber Security Analyst
2195,38,2042,81169,Financial Analyst
2196,44,2031,95554,Teacher
2197,42,2050,73764,Sales Representative
2198,19,2200,80000,Project Manager
2199,23,2042,63897,Marketing Specialist
2200,62,2007,143992,Cyber Security Analyst
2201,57,2190,110013,Nurse
2202,27,2112,83021,Software Engineer
2203,54,2000,132017,Software Engineer
2204,45,2217,94915,Marketing Specialist
2205,25,2220,64103,Accountant
2206,30,2077,85235,Financial Analyst
2207,42,2134,109961,Cyber Security Analyst
2208,56,2077,96631,Accountant
2209,44,2134,110739,Cyber Security Analyst
2210,19,2060,65000,Financial Analyst
2211,57,2050,103601,Marketing Specialist
2212,55,2010,89700,Marketing Specialist
2213,48,2095,124516,Cyber Security Analyst
2214,61,2220,108311,Accountant
2215,63,2230,120000,Nurse
2216,34,2015,105379,Software Engineer
2217,21,2095,65567,Data Analyst
2218,48,2190,106517,Teacher
2219,63,2000,106396,Data Analyst
2220,50,2122,92359,Sales Representative
2221,43,2020,99931,Teacher
2222,20,2031,55869,Sales Representative
2223,28,2150,93880,Project Manager
2224,47,2010,120503,Cyber Security Analyst
2225,63,2134,132093,Project Manager
2226,34,2095,88575,Software Engineer
2227,26,2060,70326,Marketing Specialist
2228,45,2060,95238,Financial Analyst
2229,51,2134,95512,Teacher
2230,38,2020,89485,Marketing Specialist
2231,60,2007,100871,Marketing Specialist
2232,27,2050,69618,Data Analyst
2233,20,2060,60000,Marketing Specialist
2234,63,2134,101673,Marketing Specialist
2235,49,2145,96363,Data Analyst
2236,63,2150,140000,Project Manager
2237,49,2230,112723,Software Engineer
2238,25,2010,69122,Teacher
2239,36,2031,111564,Cyber Security Analyst
2240,35,2217,84085,Sales Representative
2241,31,2000,77449,Sales Representative
2242,54,2134,122304,Cyber Security Analyst
2243,33,2217,69047,Marketing Specialist
2244,39,2077,79103,Data Analyst
2245,43,2170,85071,Teacher
2246,38,2000,100316,Cyber Security Analyst
2247,47,2145,89676,Marketing Specialist
2248,56,2095,92819,Data Analyst
2249,59,2145,103625,Sales Representative
2250,64,2020,105756,Sales Representative
2251,21,2095,65000,Financial Analyst
2252,65,2160,140000,Software Engineer
2253,42,2122,106552,Software Engineer
2254,29,2122,64624,Accountant
2255,19,2031,63794,Accountant
2256,43,2200,89305,Financial Analyst
2257,25,2150,77358,Financial Analyst
2258,65,2217,120000,Financial Analyst
2259,26,2217,66660,Teacher
2260,41,2042,115405,Project Manager
2261,46,2150,98584,Nurse
2262,54,2134,90084,Sales Representative
2263,45,2190,89829,Teacher
2264,45,2010,90048,Nurse
2265,50,2145,96390,Teacher
2266,59,2150,143979,Cyber Security Analyst
2267,58,2010,130589,Project Manager
2268,47,2010,106501,Nurse
2269,37,2020,106120,Cyber Security Analyst
2270,33,2134,98831,Project Manager
2271,54,2160,91975,Data Analyst
2272,20,2015,89286,Project Manager
2273,45,2015,103948,Nurse
2274,60,2060,105796,Sales Representative
2275,34,2010,80219,Sales Representative
2276,19,2230,81550,Software Engineer
2277,29,2122,86696,Cyber Security Analyst
2278,23,2220,75072,Nurse
2279,38,2230,83313,Sales Representative
2280,60,2190,103366,Marketing Specialist
2281,39,2042,105107,Cyber Security Analyst
2282,23,2060,55000,Sales Representative
2283,45,2000,104659,Project Manager
2284,43,2000,105201,Software Engineer
2285,59,2145,106891,Marketing Specialist
2286,60,2230,110000,Sales Representative
2287,37,2190,79054,Sales Representative
2288,62,2077,109680,Nurse
2289,26,2000,87316,Cyber Security Analyst
2290,25,2220,67869,Data Analyst
2291,19,2150,60000,Accountant
2292,59,2134,110000,Accountant
2293,30,2077,96781,Software Engineer
2294,27,2134,60288,Marketing Specialist
2295,25,2020,94271,Cyber Security Analyst
2296,49,2000,97708,Marketing Specialist
2297,55,2042,99023,Accountant
2298,54,2007,109237,Nurse
2299,18,2200,79148,Software Engineer
2300,44,2230,96621,Marketing Specialist
2301,56,2077,119723,Project Manager
2302,49,2150,109800,Nurse
2303,55,2217,104285,Sales Representative
2304,32,2155,69027,Data Analyst
2305,45,2095,94725,Sales Representative
2306,22,2200,73349,Financial Analyst
2307,48,2150,117851,Software Engineer
2308,46,2000,95073,Nurse
2309,36,2150,80416,Accountant
2310,46,2155,86986,Accountant
2311,55,2190,109712,Teacher
2312,26,2230,77153,Financial Analyst
2313,44,2150,87969,Teacher
2314,57,2077,94313,Accountant
2315,60,2020,100359,Marketing Specialist
2316,30,2190,102723,Cyber Security Analyst
2317,24,2150,76333,Nurse
2318,33,2160,67498,Accountant
2319,19,2060,67763,Teacher
2320,61,2031,145000,Cyber Security Analyst
2321,20,2095,81876,Software Engineer
2322,25,2050,57145,Sales Representative
2323,53,2150,95682,Accountant
2324,39,2007,95592,Teacher
2325,35,2220,110399,Cyber Security Analyst
2326,56,2220,119205,Software Engineer
2327,46,2015,83256,Marketing Specialist
2328,57,2015,109069,Sales Representative
2329,20,2015,80000,Project Manager
2330,58,2042,132169,Software Engineer
2331,28,2220,81169,Financial Analyst
2332,50,2230,87296,Marketing Specialist
2333,27,2095,69088,Teacher
2334,25,2145,71070,Accountant
2335,18,2150,61184,Accountant
2336,36,2031,95771,Project Manager
2337,35,2220,86684,Teacher
2338,41,2020,91823,Accountant
2339,44,2020,91711,Accountant
2340,44,2145,104573,Nurse
2341,61,2000,115000,Teacher
2342,27,2220,80569,Data Analyst
2343,22,2095,80847,Software Engineer
2344,43,2134,106588,Cyber Security Analyst
2345,43,2217,83882,Data Analyst
2346,54,2200,106500,Data Analyst
2347,36,2122,97289,Nurse
2348,37,2112,75471,Teacher
2349,35,2190,96514,Project Manager
2350,62,2145,113530,Nurse
2351,52,2190,99275,Sales Representative
2352,62,2200,115000,Teacher
2353,30,2010,70254,Financial Analyst
2354,52,2122,95298,Teacher
2355,51,2077,119131,Project Manager
2356,23,2160,86614,Project Manager
2357,51,2200,95349,Teacher
2358,19,2160,75372,Data Analyst
2359,34,2077,80873,Accountant
2360,50,2230,111219,Software Engineer
2361,41,2200,98544,Financial Analyst
2362,40,2007,99513,Software Engineer
2363,46,2170,87936,Financial Analyst
2364,47,2050,104908,Teacher
2365,54,2190,123619,Project Manager
2366,40,2077,99513,Financial Analyst
2367,61,2220,141843,Cyber Security Analyst
2368,51,2015,95848,Accountant
2369,51,2042,95455,Sales Representative
2370,47,2020,119055,Software Engineer
2371,44,2010,102994,Software Engineer
2372,45,2150,114378,Cyber Security Analyst
2373,46,2112,120967,Software Engineer
2374,43,2160,91259,Sales Representative
2375,43,2170,100600,Financial Analyst
2376,58,2145,118594,Nurse
2377,64,2031,113665,Nurse
2378,50,2150,129253,Cyber Security Analyst
2379,26,2155,84081,Project Manager
2380,62,2145,110000,Accountant
2381,20,2160,84868,Cyber Security Analyst
2382,25,2134,56806,Sales Representative
2383,25,2170,71936,Teacher
2384,20,2020,80000,Project Manager
2385,41,2112,91852,Financial Analyst
2386,36,2000,73830,Marketing Specialist
2387,27,2134,57126,Sales Representative
2388,37,2042,83233,Financial Analyst
2389,65,2000,104008,Marketing Specialist
2390,53,2010,93698,Teacher
2391,44,2170,87808,Marketing Specialist
2392,54,2095,100661,Marketing Specialist
2393,48,2020,84645,Sales Representative
2394,50,2145,98758,Marketing Specialist
2395,27,2010,77996,Teacher
2396,42,2122,86640,Accountant
2397,52,2217,102072,Data Analyst
2398,65,2200,112900,Financial Analyst
2399,28,2170,74694,Data Analyst
2400,53,2200,131732,Software Engineer
2401,23,2190,73073,Accountant
2402,54,2170,106564,Data Analyst
2403,30,2155,63377,Marketing Specialist
2404,25,2031,80000,Project Manager
2405,35,2050,87075,Accountant
2406,46,2160,123608,Software Engineer
2407,38,2170,82751,Nurse
2408,49,2095,99001,Data Analyst
2409,29,2000,89000,Nurse
2410,38,2060,84259,Nurse
2411,25,2160,80191,Software Engineer
2412,36,2031,103268,Cyber Security Analyst
2413,23,2077,90260,Cyber Security Analyst
2414,61,2007,140127,Cyber Security Analyst
2415,29,2220,67448,Data Analyst
2416,37,2015,90700,Nurse
2417,27,2095,78025,Nurse
2418,42,2007,104828,Software Engineer
2419,33,2170,70302,Sales Representative
2420,49,2155,122191,Project Manager
2421,25,2007,73622,Financial Analyst
2422,47,2134,109165,Project Manager
2423,48,2134,91382,Data Analyst
2424,19,2160,75377,Financial Analyst
2425,61,2050,140000,Software Engineer
2426,59,2077,145000,Cyber Security Analyst
2427,44,2010,94058,Marketing Specialist
2428,31,2112,105688,Cyber Security Analyst
2429,28,2160,74523,Accountant
2430,53,2007,87266,Marketing Specialist
2431,47,2077,84420,Sales Representative
2432,18,2150,65000,Data Analyst
2433,56,2217,111924,Financial Analyst
2434,40,2170,90126,Accountant
2435,36,2031,89735,Data Analyst
2436,54,2077,117726,Software Engineer
2437,43,2020,117808,Software Engineer
2438,35,2042,94626,Nurse
2439,38,2200,84841,Teacher
2440,63,2060,105930,Marketing Specialist
2441,60,2095,106582,Teacher
2442,47,2095,79456,Sales Representative
2443,62,2200,130918,Cyber Security Analyst
2444,56,2000,90739,Marketing Specialist
2445,61,2134,145000,Cyber Security Analyst
2446,62,2122,110000,Marketing Specialist
2447,23,2160,75000,Software Engineer
2448,60,2217,98725,Marketing Specialist
2449,40,2190,95133,Nurse
2450,42,2220,103467,Cyber Security Analyst
2451,25,2112,63770,Marketing Specialist
2452,46,2050,82457,Data Analyst
2453,35,2042,76033,Teacher
2454,57,2220,107884,Financial Analyst
2455,32,2112,66099,Marketing Specialist
2456,35,2220,87943,Marketing Specialist
2457,31,2042,80425,Data Analyst
2458,25,2170,79585,Financial Analyst
2459,49,2160,119221,Cyber Security Analyst
2460,60,2217,110000,Sales Representative
2461,54,2010,139059,Cyber Security Analyst
2462,26,2020,84571,Software Engineer
2463,54,2155,97287,Accountant
2464,30,2220,83952,Data Analyst
2465,57,2217,118991,Financial Analyst
2466,47,2134,84465,Data Analyst
2467,38,2134,90256,Nurse
2468,25,2145,95174,Project Manager
2469,41,2007,106719,Project Manager
2470,21,2134,75957,Financial Analyst
2471,46,2000,97627,Teacher
2472,30,2010,86503,Teacher
2473,19,2220,64951,Accountant
2474,22,2042,60000,Accountant
2475,39,2010,82743,Financial Analyst
2476,19,2134,60000,Marketing Specialist
2477,55,2060,102460,Teacher
2478,24,2050,67550,Marketing Specialist
2479,21,2155,65948,Teacher
2480,22,2190,64050,Sales Representative
2481,24,2170,60473,Marketing Specialist
2482,23,2007,72153,Data Analyst
2483,38,2020,94691,Software Engineer
2484,46,2077,95959,Data Analyst
2485,22,2217,75000,Software Engineer
2486,53,2077,101010,Data Analyst
2487,43,2190,113045,Software Engineer
2488,32,2217,61730,Sales Representative
2489,47,2145,104879,Nurse
2490,57,2015,101766,Sales Representative
2491,59,2145,110000,Data Analyst
2492,39,2042,73113,Sales Representative
2493,24,2190,65000,Data Analyst
2494,55,2170,93490,Accountant
2495,58,2060,132709,Project Manager
2496,44,2230,92229,Marketing Specialist
2497,29,2020,63146,Accountant
2498,21,2077,93302,Cyber Security Analyst
2499,45,2200,116190,Project Manager
2500,37,2160,72005,Sales Representative
2501,27,2077,79343,Marketing Specialist
2502,39,2112,79838,Financial Analyst
2503,51,2217,88355,Sales Representative
2504,21,2155,71523,Accountant
2505,21,2112,70000,Nurse
2506,30,2010,73957,Accountant
2507,30,2220,78081,Marketing Specialist
2508,56,2170,113975,Teacher
2509,39,2077,83293,Sales Representative
2510,39,2015,113929,Cyber Security Analyst
2511,20,2050,60000,Marketing Specialist
2512,58,2220,100098,Accountant
2513,47,2042,86768,Sales Representative
2514,48,2230,99232,Teacher
2515,31,2031,74050,Nurse
2516,41,2010,88748,Data Analyst
2517,19,2015,80000,Project Manager
2518,36,2042,88340,Marketing Specialist
2519,41,2000,83545,Data Analyst
2520,30,2031,76217,Financial Analyst
2521,34,2095,110298,Cyber Security Analyst
2522,33,2042,91449,Cyber Security Analyst
2523,29,2015,68559,Financial Analyst
2524,61,2122,133104,Cyber Security Analyst
2525,39,2077,87288,Accountant
2526,33,2112,76572,Teacher
2527,51,2134,85759,Sales Representative
2528,25,2020,85895,Cyber Security Analyst
2529,30,2122,97582,Project Manager
2530,38,2134,76417,Sales Representative
2531,20,2170,55000,Sales Representative
2532,52,2020,105524,Financial Analyst
2533,33,2200,78539,Data Analyst
2534,26,2170,96236,Project Manager
2535,31,2150,85104,Software Engineer
2536,28,2122,99450,Project Manager
2537,41,2155,89681,Marketing Specialist
2538,29,2220,78953,Teacher
2539,51,2220,101319,Marketing Specialist
2540,48,2170,103244,Financial Analyst
2541,58,2200,93008,Sales Representative
2542,31,2042,78643,Accountant
2543,33,2042,85983,Nurse
2544,45,2170,93874,Nurse
2545,41,2160,84692,Financial Analyst
2546,26,2077,90629,Software Engineer
2547,51,2050,109241,Teacher
2548,20,2155,63150,Marketing Specialist
2549,45,2145,92895,Marketing Specialist
2550,44,2150,93048,Teacher
2551,35,2000,83969,Nurse
2552,46,2060,82273,Accountant
2553,40,2077,111867,Software Engineer
2554,50,2200,113412,Project Manager
2555,35,2015,71970,Accountant
2556,22,2007,77147,Teacher
2557,30,2042,78554,Teacher
2558,34,2230,82716,Financial Analyst
2559,30,2020,76840,Sales Representative
2560,34,2077,79554,Data Analyst
2561,40,2122,102407,Nurse
2562,59,2150,110000,Data Analyst
2563,27,2050,77009,Nurse
2564,64,2150,106594,Accountant
2565,51,2160,98976,Sales Representative
2566,64,2095,101749,Marketing Specialist
2567,38,2134,84963,Accountant
2568,31,2145,82129,Marketing Specialist
2569,19,2020,74987,Teacher
2570,26,2230,65000,Financial Analyst
2571,49,2095,95367,Teacher
2572,44,2217,100877,Nurse
2573,62,2077,136854,Project Manager
2574,55,2170,91481,Data Analyst
2575,26,2095,99682,Cyber Security Analyst
2576,58,2190,110000,Sales Representative
2577,43,2042,99396,Nurse
2578,22,2122,81277,Project Manager
2579,48,2095,125150,Software Engineer
2580,46,2010,93383,Financial Analyst
2581,24,2031,80000,Project Manager
2582,62,2150,97368,Sales Representative
2583,29,2010,74346,Accountant
2584,36,2050,78687,Accountant
2585,60,2010,138515,Project Manager
2586,21,2155,65000,Teacher
2587,28,2134,78453,Teacher
2588,28,2020,96408,Software Engineer
2589,44,2230,79913,Marketing Specialist
2590,42,2020,82271,Accountant
2591,37,2220,95770,Nurse
2592,28,2170,66870,Sales Representative
2593,55,2155,104401,Accountant
2594,35,2000,72760,Accountant
2595,46,2122,123542,Software Engineer
2596,33,2095,107801,Project Manager
2597,49,2145,101857,Marketing Specialist
2598,20,2077,82718,Software Engineer
2599,40,2122,86483,Financial Analyst
2600,44,2031,91818,Accountant
2601,47,2217,96862,Nurse
2602,62,2015,109384,Sales Representative
2603,62,2050,102303,Data Analyst
2604,35,2077,93889,Project Manager
2605,62,2150,110000,Accountant
2606,53,2112,115911,Software Engineer
2607,24,2095,91098,Project Manager
2608,46,2060,115518,Cyber Security Analyst
2609,50,2145,86513,Data Analyst
2610,22,2122,65515,Marketing Specialist
2611,65,2042,120000,Nurse
2612,20,2060,65000,Data Analyst
2613,63,2095,145000,Cyber Security Analyst
2614,49,2010,85683,Marketing Specialist
2615,53,2220,101577,Accountant
2616,26,2060,63798,Marketing Specialist
2617,28,2190,67867,Data Analyst
2618,29,2015,85391,Financial Analyst
2619,65,2031,112542,Nurse
2620,60,2217,104166,Data Analyst
2621,27,2112,65404,Marketing Specialist
2622,31,2217,84889,Data Analyst
2623,31,2220,65394,Marketing Specialist
2624,58,2200,124432,Project Manager
2625,42,2145,84802,Financial Analyst
2626,56,2007,103749,Data Analyst
2627,30,2112,70582,Accountant
2628,30,2000,95413,Software Engineer
2629,19,2095,65000,Data Analyst
2630,61,2050,127633,Software Engineer
2631,60,2230,133558,Cyber Security Analyst
2632,20,2155,70000,Nurse
2633,38,2160,82488,Teacher
2634,57,2160,104434,Accountant
2635,45,2050,109345,Software Engineer
2636,24,2095,67072,Teacher
2637,18,2200,70362,Nurse
2638,18,2042,75033,Nurse
2639,32,2217,93486,Software Engineer
2640,59,2112,94418,Sales Representative
2641,22,2134,64135,Accountant
2642,56,2015,107995,Marketing Specialist
2643,54,2060,122891,Cyber Security Analyst
2644,56,2200,108158,Teacher
2645,61,2095,135213,Cyber Security Analyst
2646,58,2217,113351,Teacher
2647,22,2000,79195,Teacher
2648,55,2122,106107,Marketing Specialist
2649,58,2155,110000,Accountant
2650,63,2050,98780,Data Analyst
2651,57,2077,126682,Software Engineer
2652,65,2050,112601,Nurse
2653,21,2112,90491,Cyber Security Analyst
2654,36,2020,81461,Accountant
2655,31,2050,87044,Data Analyst
2656,46,2020,93900,Teacher
2657,38,2155,87744,Data Analyst
2658,59,2000,110483,Financial Analyst
2659,64,2095,111874,Teacher
2660,31,2007,94733,Project Manager
2661,61,2190,108245,Accountant
2662,51,2031,104601,Teacher
2663,58,2010,109408,Data Analyst
2664,22,2007,60000,Accountant
2665,31,2010,93670,Cyber Security Analyst
2666,55,2042,124977,Project Manager
2667,50,2134,124560,Software Engineer
2668,37,2230,102749,Cyber Security Analyst
2669,33,2031,95809,Nurse
2670,33,2077,91441,Financial Analyst
2671,46,2060,95554,Accountant
2672,23,2122,72696,Teacher
2673,28,2145,74488,Marketing Specialist
2674,50,2230,96649,Sales Representative
2675,27,2000,72072,Marketing Specialist
2676,45,2077,121842,Software Engineer
2677,52,2160,122778,Cyber Security Analyst
2678,34,2145,87043,Nurse
2679,47,2122,107356,Financial Analyst
2680,56,2010,101345,Marketing Specialist
2681,26,2042,63581,Marketing Specialist
2682,30,2000,82895,Data Analyst
2683,64,2150,115000,Teacher
2684,44,2230,99887,Nurse
2685,42,2077,94809,Marketing Specialist
2686,22,2007,70000,Nurse
2687,42,2031,79449,Sales Representative
2688,45,2230,98018,Financial Analyst
2689,50,2200,96107,Marketing Specialist
2690,62,2200,109754,Data Analyst
2691,45,2050,94377,Accountant
2692,20,2200,65000,Teacher
2693,62,2060,145000,Cyber Security Analyst
2694,47,2060,118213,Cyber Security Analyst
2695,56,2217,94757,Sales Representative
2696,18,2010,77594,Software Engineer
2697,43,2010,91246,Sales Representative
2698,30,2031,86753,Nurse
2699,34,2155,91194,Financial Analyst
2700,60,2170,114772,Nurse
2701,64,2230,111848,Nurse
2702,24,2112,56697,Sales Representative
2703,35,2230,81125,Accountant
2704,62,2000,112007,Financial Analyst
2705,49,2015,86969,Data Analyst
2706,62,2155,120000,Nurse
2707,59,2230,117100,Financial Analyst
2708,28,2112,89937,Cyber Security Analyst
2709,63,2042,145000,Cyber Security Analyst
2710,29,2015,98810,Project Manager
2711,54,2031,94882,Accountant
2712,21,2042,82647,Cyber Security Analyst
2713,44,2200,81238,Marketing Specialist
2714,58,2010,134924,Cyber Security Analyst
2715,23,2015,74387,Nurse
2716,22,2000,78445,Teacher
2717,33,2150,69260,Marketing Specialist
2718,18,2060,65000,Data Analyst
2719,60,2007,97322,Sales Representative
2720,31,2000,98905,Project Manager
2721,56,2060,134433,Project Manager
2722,48,2190,100987,Teacher
2723,39,2217,88581,Teacher
2724,38,2112,84334,Accountant
2725,42,2007,84751,Sales Representative
2726,39,2000,109015,Software Engineer
2727,62,2230,111359,Nurse
2728,19,2015,63557,Sales Representative
2729,35,2112,82893,Accountant
2730,57,2155,105026,Marketing Specialist
2731,60,2000,105238,Accountant
2732,19,2007,66730,Teacher
2733,61,2050,110000,Marketing Specialist
2734,49,2230,95645,Nurse
2735,40,2150,86695,Nurse
2736,64,2077,120000,Nurse
2737,30,2155,105335,Cyber Security Analyst
2738,63,2007,131636,Project Manager
2739,49,2077,125853,Software Engineer
2740,47,2145,113896,Cyber Security Analyst
2741,48,2050,116272,Project Manager
2742,31,2217,90909,Cyber Security Analyst
2743,24,2220,70000,Nurse
2744,28,2122,74824,Teacher
2745,32,2217,86990,Financial Analyst
2746,60,2217,127533,Software Engineer
2747,52,2010,97075,Marketing Specialist
2748,32,2190,63502,Sales Representative
2749,59,2122,111122,Teacher
2750,59,2134,129986,Project Manager
2751,32,2015,80917,Financial Analyst
2752,23,2010,83063,Software Engineer
2753,65,2042,103804,Sales Representative
2754,54,2020,103566,Teacher
2755,42,2230,73140,Sales Representative
2756,37,2170,90741,Data Analyst
2757,30,2134,83240,Nurse
2758,41,2155,121522,Cyber Security Analyst
2759,55,2015,102315,Accountant
2760,18,2145,80352,Project Manager
2761,27,2050,81910,Financial Analyst
2762,61,2020,110000,Marketing Specialist
2763,36,2230,96019,Cyber Security Analyst
2764,56,2077,111887,Teacher
2765,62,2060,140000,Software Engineer
2766,48,2150,91466,Accountant
2767,63,2007,118788,Nurse
2768,27,2230,66949,Accountant
2769,62,2031,110000,Data Analyst
2770,64,2077,114152,Nurse
2771,19,2122,82333,Project Manager
2772,45,2112,91547,Marketing Specialist
2773,43,2155,108848,Software Engineer
2774,36,2220,87106,Accountant
2775,43,2020,110171,Software Engineer
2776,55,2220,100389,Data Analyst
2777,47,2170,114613,Cyber Security Analyst
2778,46,2077,84532,Marketing Specialist
2779,31,2230,70241,Accountant
2780,65,2112,110000,Data Analyst
2781,24,2122,92293,Cyber Security Analyst
2782,61,2007,132615,Cyber Security Analyst
2783,40,2031,75123,Marketing Specialist
2784,25,2200,90027,Project Manager
2785,55,2020,112600,Nurse
2786,33,2015,77254,Data Analyst
2787,43,2077,96130,Marketing Specialist
2788,29,2220,74638,Nurse
2789,47,2060,105436,Nurse
2790,41,2015,80842,Data Analyst
2791,23,2150,88618,Software Engineer
2792,32,2170,87179,Data Analyst
2793,54,2060,91396,Marketing Specialist
2794,55,2122,137035,Cyber Security Analyst
2795,59,2077,120000,Nurse
2796,26,2095,78144,Software Engineer
2797,63,2031,140000,Project Manager
2798,62,2122,110000,Data Analyst
2799,52,2150,115498,Project Manager
2800,51,2160,87683,Sales Representative
2801,31,2031,102610,Software Engineer
2802,62,2000,145000,Cyber Security Analyst
2803,46,2015,86069,Teacher
2804,26,2042,59644,Sales Representative
2805,23,2060,80000,Project Manager
2806,23,2155,81698,Software Engineer
2807,41,2031,113224,Project Manager
2808,60,2050,105063,Data Analyst
2809,20,2077,90054,Project Manager
2810,46,2170,124793,Cyber Security Analyst
2811,62,2155,113347,Teacher
2812,56,2155,125387,Project Manager
2813,62,2217,127316,Software Engineer
2814,33,2042,74004,Data Analyst
2815,37,2020,89944,Accountant
2816,53,2170,98999,Accountant
2817,35,2230,107339,Cyber Security Analyst
2818,22,2060,83647,Project Manager
2819,42,2122,118135,Cyber Security Analyst
2820,23,2217,74788,Financial Analyst
2821,62,2160,137527,Cyber Security Analyst
2822,22,2200,65993,Financial Analyst
2823,63,2170,115000,Teacher
2824,56,2134,127582,Cyber Security Analyst
2825,38,2122,82126,Nurse
2826,56,2010,99277,Accountant
2827,25,2015,96904,Project Manager
2828,44,2095,103872,Software Engineer
2829,41,2060,84262,Teacher
2830,32,2000,74592,Financial Analyst
2831,42,2122,78972,Accountant
2832,25,2155,89726,Cyber Security Analyst
2833,55,2015,106694,Marketing Specialist
2834,40,2077,88817,Sales Representative
2835,35,2015,66465,Sales Representative
2836,28,2122,71558,Teacher
2837,40,2160,117569,Project Manager
2838,43,2170,80776,Marketing Specialist
2839,34,2217,87147,Data Analyst
2840,63,2217,136374,Cyber Security Analyst
2841,27,2170,78335,Nurse
2842,21,2220,66353,Teacher
2843,61,2134,110000,Sales Representative
2844,29,2112,77059,Marketing Specialist
2845,50,2060,106464,Financial Analyst
2846,51,2077,87954,Accountant
2847,37,2095,83166,Nurse
2848,58,2010,128184,Software Engineer
2849,23,2170,80000,Cyber Security Analyst
2850,23,2160,77000,Financial Analyst
2851,18,2217,76668,Nurse
2852,64,2150,145000,Cyber Security Analyst
2853,50,2220,114936,Project Manager
2854,43,2190,85167,Data Analyst
2855,65,2220,110000,Data Analyst
2856,62,2230,137476,Project Manager
2857,33,2217,109111,Project Manager
2858,20,2145,55000,Sales Representative
2859,61,2050,130622,Project Manager
2860,22,2020,76087,Teacher
2861,40,2134,92300,Data Analyst
2862,42,2112,106901,Cyber Security Analyst
2863,39,2160,76202,Accountant
2864,36,2150,85682,Financial Analyst
2865,34,2000,85660,Accountant
2866,43,2077,93488,Accountant
2867,20,2190,68127,Marketing Specialist
2868,21,2000,73275,Teacher
2869,39,2112,83085,Financial Analyst
2870,18,2230,65000,Teacher
2871,43,2000,84916,Teacher
2872,45,2042,81499,Marketing Specialist
2873,51,2020,125586,Project Manager
2874,25,2000,62546,Marketing Specialist
2875,60,2050,119572,Financial Analyst
2876,43,2077,93539,Teacher
2877,45,2160,116170,Cyber Security Analyst
2878,24,2217,70779,Marketing Specialist
2879,28,2112,98050,Cyber Security Analyst
2880,18,2220,65000,Teacher
2881,25,2077,60000,Accountant
2882,26,2134,79364,Nurse
2883,20,2217,80000,Cyber Security Analyst
2884,48,2015,103904,Financial Analyst
2885,49,2150,113749,Project Manager
2886,38,2155,94018,Nurse
2887,26,2015,76757,Software Engineer
2888,26,2112,97448,Cyber Security Analyst
2889,18,2007,61211,Accountant
2890,45,2230,76859,Sales Representative
2891,45,2077,87970,Marketing Specialist
2892,49,2134,115990,Software Engineer
2893,57,2230,140688,Cyber Security Analyst
2894,29,2060,65470,Accountant
2895,34,2217,81083,Accountant
2896,30,2220,66143,Marketing Specialist
2897,62,2190,132107,Project Manager
2898,30,2200,63916,Sales Representative
2899,32,2020,97511,Software Engineer
2900,20,2042,65000,Financial Analyst
2901,45,2190,87392,Data Analyst
2902,23,2122,73133,Data Analyst
2903,51,2220,101200,Financial Analyst
2904,32,2134,85596,Teacher
2905,21,2134,80000,Project Manager
2906,37,2060,103190,Software Engineer
2907,35,2220,86784,Teacher
2908,33,2007,76912,Teacher
2909,20,2007,67454,Data Analyst
2910,31,2150,79393,Financial Analyst
2911,56,2134,123609,Software Engineer
2912,34,2112,77974,Marketing Specialist
2913,37,2015,91724,Software Engineer
2914,61,2020,135747,Project Manager
2915,41,2230,98765,Teacher
2916,51,2112,91424,Sales Representative
2917,59,2042,120000,Financial Analyst
2918,42,2015,102466,Software Engineer
2919,58,2015,93153,Sales Representative
2920,55,2042,103968,Accountant
2921,24,2160,84534,Software Engineer
2922,37,2042,87696,Marketing Specialist
2923,64,2007,137805,Cyber Security Analyst
2924,30,2160,81040,Nurse
2925,53,2112,106929,Teacher
2926,58,2134,122537,Software Engineer
2927,48,2155,108425,Nurse
2928,19,2190,80366,Cyber Security Analyst
2929,62,2077,132340,Cyber Security Analyst
2930,54,2220,95700,Data Analyst
2931,65,2150,120000,Nurse
2932,50,2031,123599,Software Engineer
2933,50,2160,106830,Nurse
2934,43,2060,81035,Sales Representative
2935,29,2031,84271,Data Analyst
2936,31,2220,60503,Sales Representative
2937,50,2155,101248,Marketing Specialist
2938,34,2050,83434,Financial Analyst
2939,63,2160,111562,Financial Analyst
2940,28,2007,78121,Accountant
2941,33,2007,77407,Financial Analyst
2942,35,2060,95199,Cyber Security Analyst
2943,59,2042,110000,Accountant
2944,25,2200,73087,Data Analyst
2945,58,2112,102444,Sales Representative
2946,23,2060,80761,Project Manager
2947,44,2077,86063,Sales Representative
2948,21,2112,65057,Data Analyst
2949,64,2031,117218,Financial Analyst
2950,19,2217,90389,Project Manager
2951,24,2200,74815,Nurse
2952,58,2160,98564,Sales Representative
2953,46,2095,88594,Accountant
2954,31,2200,73171,Sales Representative
2955,27,2050,73792,Marketing Specialist
2956,41,2150,104879,Cyber Security Analyst
2957,49,2145,118934,Cyber Security Analyst
2958,29,2170,77775,Accountant
2959,64,2200,142859,Cyber Security Analyst
2960,19,2031,65000,Financial Analyst
2961,43,2042,76530,Sales Representative
2962,27,2134,85483,Software Engineer
2963,47,2015,108112,Nurse
2964,26,2190,65927,Data Analyst
2965,42,2000,89137,Nurse
2966,18,2020,65000,Data Analyst
2967,23,2020,80499,Financial Analyst
2968,18,2015,72772,Data Analyst
2969,65,2220,107784,Teacher
2970,30,2150,105039,Cyber Security Analyst
2971,46,2077,119593,Cyber Security Analyst
2972,48,2050,113319,Cyber Security Analyst
2973,52,2200,112600,Financial Analyst
2974,25,2007,65071,Data Analyst
2975,52,2015,111549,Financial Analyst
2976,44,2000,113307,Cyber Security Analyst
2977,19,2134,63692,Accountant
2978,27,2200,73973,Teacher
2979,32,2217,78577,Nurse
2980,49,2015,120229,Cyber Security Analyst
2981,24,2112,65000,Financial Analyst
2982,57,2015,108301,Teacher
2983,23,2190,65000,Data Analyst
2984,29,2155,82674,Nurse
2985,56,2217,136487,Cyber Security Analyst
2986,27,2190,74936,Financial Analyst
2987,40,2060,111785,Software Engineer
2988,60,2060,102183,Teacher
2989,18,2200,80000,Cyber Security Analyst
2990,38,2122,112297,Cyber Security Analyst
2991,64,2010,102644,Marketing Specialist
2992,54,2230,107423,Nurse
2993,27,2095,81626,Software Engineer
2994,29,2112,82165,Nurse
2995,49,2150,106543,Nurse
2996,56,2020,103483,Teacher
2997,42,2160,101821,Nurse
2998,52,2150,130852,Project Manager
2999,52,2122,88909,Accountant
3000,55,2155,118297,Nurse
3001,62,2220,99668,Accountant
3002,33,2000,77618,Teacher
3003,19,2160,71593,Teacher
3004,26,2007,87511,Software Engineer
3005,41,2077,116895,Cyber Security Analyst
3006,27,2134,89435,Project Manager
3007,31,2007,68345,Accountant
3008,25,2122,80544,Cyber Security Analyst
3009,62,2112,108581,Nurse
3010,62,2217,140000,Software Engineer
3011,22,2190,60000,Marketing Specialist
3012,19,2112,80000,Cyber Security Analyst
3013,23,2010,60000,Accountant
3014,54,2020,104275,Nurse
3015,48,2230,128772,Cyber Security Analyst
3016,62,2150,119973,Financial Analyst
3017,64,2145,104368,Teacher
3018,36,2020,91860,Software Engineer
3019,59,2190,99942,Data Analyst
3020,50,2000,127243,Cyber Security Analyst
3021,45,2160,87178,Marketing Specialist
3022,54,2077,123405,Project Manager
3023,45,2060,110352,Cyber Security Analyst
3024,51,2020,102048,Nurse
3025,43,2007,81428,Sales Representative
3026,43,2230,122900,Cyber Security Analyst
3027,56,2220,132902,Software Engineer
3028,48,2200,100189,Teacher
3029,42,2007,115363,Cyber Security Analyst
3030,59,2042,112461,Nurse
3031,24,2010,85183,Software Engineer
3032,56,2000,103274,Teacher
3033,36,2160,98382,Cyber Security Analyst
3034,22,2190,60000,Accountant
3035,37,2160,76823,Accountant
3036,58,2050,102118,Data Analyst
3037,23,2170,55000,Sales Representative
3038,54,2007,89872,Marketing Specialist
3039,38,2077,92937,Software Engineer
3040,40,2122,97136,Financial Analyst
3041,30,2122,79426,Teacher
3042,26,2095,89409,Software Engineer
3043,65,2015,140000,Project Manager
3044,27,2170,76138,Data Analyst
3045,48,2007,89612,Sales Representative
3046,28,2217,99005,Cyber Security Analyst
3047,23,2220,79503,Software Engineer
3048,31,2220,93256,Cyber Security Analyst
3049,50,2230,130798,Project Manager
3050,59,2095,137003,Project Manager
3051,26,2077,75317,Teacher
3052,57,2007,114190,Nurse
3053,33,2190,85843,Accountant
3054,22,2170,91834,Cyber Security Analyst
3055,24,2020,70888,Data Analyst
3056,53,2150,116487,Software Engineer
3057,47,2031,95537,Teacher
3058,28,2060,97721,Software Engineer
3059,41,2010,81798,Teacher
3060,29,2060,77209,Marketing Specialist
3061,34,2200,71623,Marketing Specialist
3062,25,2150,55000,Sales Representative
3063,41,2122,95318,Financial Analyst
3064,57,2145,135953,Cyber Security Analyst
3065,50,2095,94691,Sales Representative
3066,23,2155,80067,Nurse
3067,34,2190,72188,Data Analyst
3068,65,2220,110000,Accountant
3069,18,2015,80000,Cyber Security Analyst
3070,42,2170,116274,Cyber Security Analyst
3071,22,2122,69402,Accountant
3072,60,2112,138350,Software Engineer
3073,47,2145,110596,Project Manager
3074,23,2230,80465,Cyber Security Analyst
3075,43,2042,99753,Nurse
3076,39,2095,105263,Software Engineer
3077,56,2042,106030,Marketing Specialist
3078,25,2145,65000,Financial Analyst
3079,52,2150,121789,Cyber Security Analyst
3080,58,2095,110000,Accountant
3081,20,2122,55000,Sales Representative
3082,41,2150,91461,Nurse
3083,21,2000,67049,Accountant
3084,35,2200,80664,Financial Analyst
3085,23,2010,85890,Cyber Security Analyst
3086,43,2077,114366,Software Engineer
3087,44,2042,111692,Project Manager
3088,29,2010,79574,Data Analyst
3089,39,2031,86081,Financial Analyst
3090,40,2150,98985,Nurse
3091,52,2220,131333,Cyber Security Analyst
3092,40,2122,71070,Sales Representative
3093,53,2042,88506,Sales Representative
3094,64,2190,103568,Sales Representative
3095,38,2000,81208,Teacher
3096,47,2150,120474,Cyber Security Analyst
3097,25,2060,84509,Nurse
3098,64,2145,103162,Data Analyst
3099,58,2200,110000,Marketing Specialist
3100,24,2042,66894,Data Analyst
3101,44,2031,122882,Project Manager
3102,42,2112,82405,Accountant
3103,30,2000,71175,Sales Representative
3104,41,2077,87079,Data Analyst
3105,50,2220,125610,Software Engineer
3106,59,2134,107064,Marketing Specialist
3107,40,2160,92358,Teacher
3108,51,2015,95867,Teacher
3109,47,2112,96647,Nurse
3110,53,2031,103742,Sales Representative
3111,45,2077,103058,Nurse
3112,58,2220,105060,Financial Analyst
3113,23,2010,75000,Software Engineer
3114,57,2015,117755,Nurse
3115,65,2160,103267,Sales Representative
3116,58,2155,110000,Marketing Specialist
3117,20,2134,65000,Financial Analyst
3118,32,2160,77381,Marketing Specialist
3119,25,2150,61524,Accountant
3120,40,2134,86373,Marketing Specialist
3121,18,2050,71631,Teacher
3122,36,2217,84731,Financial Analyst
3123,37,2217,88128,Nurse
3124,18,2007,70000,Nurse
3125,19,2112,88388,Cyber Security Analyst
3126,65,2095,110000,Sales Representative
3127,28,2134,64626,Sales Representative
3128,53,2042,110122,Nurse
3129,21,2134,55000,Sales Representative
3130,58,2230,108245,Nurse
3131,43,2155,86787,Teacher
3132,45,2015,82862,Accountant
3133,50,2200,128159,Software Engineer
3134,43,2160,89466,Financial Analyst
3135,38,2010,74333,Accountant
3136,19,2000,80504,Nurse
3137,27,2190,81432,Data Analyst
3138,23,2122,55000,Sales Representative
3139,65,2145,145000,Cyber Security Analyst
3140,29,2200,68968,Accountant
3141,37,2160,78249,Accountant
3142,64,2060,110631,Nurse
3143,35,2020,89269,Software Engineer
3144,58,2015,95444,Sales Representative
3145,47,2015,82444,Sales Representative
3146,27,2060,71450,Financial Analyst
3147,23,2150,83757,Software Engineer
3148,31,2015,89920,Nurse
3149,19,2010,77006,Nurse
3150,58,2042,134078,Software Engineer
3151,42,2200,95306,Teacher
3152,28,2077,84162,Cyber Security Analyst
3153,29,2200,77750,Sales Representative
3154,20,2095,79129,Software Engineer
3155,48,2190,98013,Sales Representative
3156,18,2155,80000,Cyber Security Analyst
3157,25,2190,60000,Accountant
3158,52,2155,104321,Data Analyst
3159,27,2112,63335,Accountant
3160,31,2095,71987,Data Analyst
3161,32,2230,88509,Software Engineer
3162,35,2150,81422,Financial Analyst
3163,23,2220,78390,Teacher
3164,59,2145,119225,Financial Analyst
3165,45,2122,110794,Project Manager
3166,34,2042,101338,Cyber Security Analyst
3167,43,2170,118827,Software Engineer
3168,37,2042,112262,Cyber Security Analyst
3169,45,2134,98263,Marketing Specialist
3170,65,2095,113524,Financial Analyst
3171,56,2134,106970,Nurse
3172,54,2112,95403,Teacher
3173,46,2007,125479,Cyber Security Analyst
3174,34,2134,73339,Sales Representative
3175,56,2112,131562,Project Manager
3176,19,2031,76956,Software Engineer
3177,45,2112,115378,Cyber Security Analyst
3178,22,2217,66433,Accountant
3179,41,2095,105816,Cyber Security Analyst
3180,18,2220,65000,Teacher
3181,63,2042,115000,Teacher
3182,54,2050,111701,Teacher
3183,22,2077,83974,Nurse
3184,31,2042,89968,Project Manager
3185,53,2220,115876,Financial Analyst
3186,60,2170,136904,Software Engineer
3187,61,2095,116234,Nurse
3188,30,2007,78951,Accountant
3189,49,2060,98484,Data Analyst
3190,25,2145,80288,Software Engineer
3191,56,2170,107971,Teacher
3192,33,2000,71893,Sales Representative
3193,19,2000,61301,Sales Representative
3194,36,2122,96106,Cyber Security Analyst
3195,52,2007,124459,Project Manager
3196,59,2010,109652,Data Analyst
3197,24,2230,76246,Nurse
3198,35,2112,86203,Teacher
3199,23,2095,92564,Project Manager
3200,57,2122,102119,Data Analyst
3201,62,2150,100787,Marketing Specialist
3202,41,2015,72874,Sales Representative
3203,32,2000,72950,Data Analyst
3204,24,2220,75659,Teacher
3205,32,2010,95625,Cyber Security Analyst
3206,64,2160,104097,Teacher
3207,62,2060,98539,Data Analyst
3208,25,2077,65000,Data Analyst
3209,34,2220,84458,Teacher
3210,35,2020,112629,Cyber Security Analyst
3211,47,2020,115569,Software Engineer
3212,27,2134,70172,Sales Representative
3213,60,2155,140000,Software Engineer
3214,33,2150,78612,Sales Representative
3215,35,2230,88902,Teacher
3216,32,2060,94069,Software Engineer
3217,63,2112,140000,Software Engineer
3218,33,2220,68513,Accountant
3219,22,2007,61217,Marketing Specialist
3220,18,2145,62617,Accountant
3221,30,2015,73921,Marketing Specialist
3222,31,2155,77053,Sales Representative
3223,38,2220,93281,Financial Analyst
3224,59,2155,130164,Cyber Security Analyst
3225,26,2112,71145,Accountant
3226,46,2155,84418,Sales Representative
3227,43,2010,85700,Accountant
3228,45,2217,117404,Cyber Security Analyst
3229,54,2020,129891,Software Engineer
3230,24,2050,75000,Software Engineer
3231,47,2060,111042,Cyber Security Analyst
3232,48,2145,119830,Project Manager
3233,34,2160,89882,Software Engineer
3234,40,2042,88339,Nurse
3235,43,2134,118558,Project Manager
3236,39,2145,84038,Data Analyst
3237,41,2007,109343,Software Engineer
3238,64,2042,118569,Nurse
3239,30,2031,92231,Nurse
3240,35,2190,107876,Project Manager
3241,51,2015,96740,Nurse
3242,59,2015,100812,Accountant
3243,25,2007,80551,Data Analyst
3244,35,2010,85521,Accountant
3245,24,2050,75277,Financial Analyst
3246,43,2015,93801,Nurse
3247,64,2150,115570,Financial Analyst
3248,28,2112,70074,Accountant
3249,63,2077,97761,Sales Representative
3250,24,2155,93920,Cyber Security Analyst
3251,65,2220,117819,Financial Analyst
3252,28,2217,67913,Teacher
3253,28,2095,98746,Cyber Security Analyst
3254,27,2217,79168,Data Analyst
3255,45,2000,89539,Teacher
3256,34,2031,87446,Software Engineer
3257,56,2150,114534,Teacher
3258,18,2050,65485,Marketing Specialist
3259,25,2000,80290,Data Analyst
3260,61,2050,120000,Financial Analyst
3261,50,2020,117332,Cyber Security Analyst
3262,24,2230,73020,Financial Analyst
3263,46,2230,91281,Marketing Specialist
3264,52,2217,110728,Financial Analyst
3265,34,2145,72465,Teacher
3266,40,2220,91680,Financial Analyst
3267,51,2150,87311,Sales Representative
3268,35,2230,92381,Project Manager
3269,27,2050,74215,Nurse
3270,40,2000,81411,Marketing Specialist
3271,54,2112,105058,Nurse
3272,65,2042,140000,Software Engineer
3273,58,2060,138174,Software Engineer
3274,46,2031,114438,Project Manager
3275,61,2095,113558,Teacher
3276,55,2060,109497,Nurse
3277,30,2170,83530,Data Analyst
3278,62,2190,105838,Teacher
3279,45,2170,90093,Marketing Specialist
3280,36,2000,106242,Software Engineer
3281,61,2145,134390,Cyber Security Analyst
3282,51,2190,111906,Financial Analyst
3283,60,2077,144037,Cyber Security Analyst
3284,36,2077,90404,Software Engineer
3285,47,2042,92039,Data Analyst
3286,55,2007,132172,Software Engineer
3287,37,2134,84733,Data Analyst
3288,60,2007,103451,Data Analyst
3289,26,2077,79960,Teacher
3290,60,2020,126435,Project Manager
3291,63,2020,114106,Financial Analyst
3292,45,2010,86125,Sales Representative
3293,32,2150,80024,Data Analyst
3294,33,2134,89035,Nurse
3295,24,2077,81584,Financial Analyst
3296,37,2170,110557,Cyber Security Analyst
3297,61,2170,105305,Teacher
3298,61,2060,100191,Accountant
3299,44,2042,113056,Project Manager
3300,37,2077,109845,Software Engineer
3301,58,2160,98561,Marketing Specialist
3302,42,2015,90073,Nurse
3303,51,2220,95370,Marketing Specialist
3304,50,2145,100649,Teacher
3305,45,2134,92166,Marketing Specialist
3306,47,2160,83631,Data Analyst
3307,44,2020,110865,Software Engineer
3308,33,2155,74779,Sales Representative
3309,26,2160,72894,Sales Representative
3310,36,2122,76360,Data Analyst
3311,43,2145,95910,Data Analyst
3312,47,2010,84558,Data Analyst
3313,35,2095,107986,Software Engineer
3314,24,2170,77797,Financial Analyst
3315,62,2007,105788,Teacher
3316,65,2217,110000,Sales Representative
3317,65,2220,106719,Data Analyst
3318,51,2160,131868,Cyber Security Analyst
3319,26,2217,63582,Accountant
3320,37,2230,77445,Financial Analyst
3321,49,2220,87853,Sales Representative
3322,25,2000,79695,Software Engineer
3323,56,2155,120727,Software Engineer
3324,33,2015,81480,Accountant
3325,19,2145,84079,Project Manager
3326,21,2077,82405,Software Engineer
3327,48,2050,129403,Cyber Security Analyst
3328,34,2217,78112,Sales Representative
3329,60,2015,108316,Sales Representative
3330,27,2031,68259,Data Analyst
3331,65,2031,110000,Accountant
3332,65,2042,140000,Project Manager
3333,48,2077,93383,Financial Analyst
3334,55,2112,98379,Marketing Specialist
3335,43,2220,90113,Nurse
3336,47,2134,95706,Nurse
3337,19,2145,65000,Financial Analyst
3338,54,2000,117321,Nurse
3339,37,2200,87755,Data Analyst
3340,20,2020,72460,Teacher
3341,64,2060,99234,Marketing Specialist
3342,28,2155,82127,Teacher
3343,31,2220,86035,Teacher
3344,42,2010,106355,Project Manager
3345,59,2112,145000,Cyber Security Analyst
3346,39,2220,76928,Marketing Specialist
3347,35,2122,77129,Financial Analyst
3348,59,2122,109075,Marketing Specialist
3349,56,2170,139165,Cyber Security Analyst
3350,60,2060,127857,Project Manager
3351,62,2170,115000,Teacher
3352,40,2190,83975,Sales Representative
3353,22,2000,65000,Data Analyst
3354,32,2217,87842,Software Engineer
3355,49,2095,90565,Marketing Specialist
3356,64,2015,104637,Accountant
3357,64,2134,111045,Nurse
3358,21,2060,55000,Sales Representative
3359,20,2145,80031,Software Engineer
3360,56,2031,101906,Data Analyst
3361,24,2122,60748,Marketing Specialist
3362,58,2160,98353,Sales Representative
3363,30,2150,83379,Financial Analyst
3364,61,2050,111911,Financial Analyst
3365,65,2134,145000,Cyber Security Analyst
3366,30,2170,82390,Software Engineer
3367,58,2042,121408,Software Engineer
3368,26,2112,76030,Data Analyst
3369,54,2010,127121,Project Manager
3370,29,2150,90273,Project Manager
3371,31,2150,76624,Sales Representative
3372,40,2190,96711,Teacher
3373,26,2145,90072,Software Engineer
3374,58,2010,120000,Nurse
3375,23,2155,86687,Cyber Security Analyst
3376,24,2150,80853,Software Engineer
3377,21,2160,59354,Sales Representative
3378,19,2077,60000,Accountant
3379,42,2010,85704,Teacher
3380,36,2160,108747,Software Engineer
3381,33,2190,105534,Project Manager
3382,37,2190,82069,Nurse
3383,52,2170,127454,Software Engineer
3384,34,2007,81396,Data Analyst
3385,44,2042,96388,Financial Analyst
3386,21,2042,92075,Cyber Security Analyst
3387,64,2217,105978,Teacher
3388,33,2010,84433,Marketing Specialist
3389,57,2112,94658,Data Analyst
3390,44,2230,78066,Sales Representative
3391,53,2020,96098,Marketing Specialist
3392,64,2015,100209,Data Analyst
3393,49,2050,121051,Project Manager
3394,45,2077,86186,Marketing Specialist
3395,19,2000,65000,Data Analyst
3396,52,2122,85379,Sales Representative
3397,53,2007,99919,Marketing Specialist
3398,42,2134,117177,Cyber Security Analyst
3399,53,2015,132754,Cyber Security Analyst
3400,25,2112,64718,Sales Representative
3401,30,2134,69664,Teacher
3402,33,2010,85244,Accountant
3403,18,2134,67570,Accountant
3404,54,2000,97657,Data Analyst
3405,21,2007,75000,Software Engineer
3406,46,2077,110155,Cyber Security Analyst
3407,38,2190,84280,Teacher
3408,36,2190,107929,Cyber Security Analyst
3409,48,2217,109005,Software Engineer
3410,22,2160,66426,Financial Analyst
3411,49,2050,102512,Teacher
3412,63,2112,120000,Financial Analyst
3413,36,2155,77915,Accountant
3414,38,2155,98952,Project Manager
3415,21,2134,74123,Teacher
3416,35,2042,93004,Software Engineer
3417,51,2077,103225,Accountant
3418,31,2112,87630,Software Engineer
3419,20,2220,66555,Accountant
3420,59,2015,94314,Marketing Specialist
3421,49,2060,93789,Data Analyst
3422,55,2077,102130,Nurse
3423,21,2190,71091,Financial Analyst
3424,49,2122,97285,Data Analyst
3425,46,2050,88550,Data Analyst
3426,42,2217,117316,Cyber Security Analyst
3427,52,2217,97552,Data Analyst
3428,20,2112,80000,Project Manager
3429,56,2060,114790,Teacher
3430,31,2095,81670,Data Analyst
3431,45,2015,98981,Data Analyst
3432,42,2160,98273,Financial Analyst
3433,45,2230,95218,Sales Representative
3434,51,2031,106111,Financial Analyst
3435,47,2020,81348,Accountant
3436,35,2010,83083,Financial Analyst
3437,52,2095,113500,Financial Analyst
3438,43,2190,87923,Data Analyst
3439,41,2217,90123,Financial Analyst
3440,59,2000,97052,Sales Representative
3441,37,2217,77752,Sales Representative
3442,34,2145,107290,Cyber Security Analyst
3443,19,2000,66348,Marketing Specialist
3444,20,2150,75366,Teacher
3445,31,2007,92821,Nurse
3446,23,2190,78920,Financial Analyst
3447,38,2145,98551,Software Engineer
3448,34,2060,89940,Financial Analyst
3449,26,2200,64228,Accountant
3450,27,2200,57156,Sales Representative
3451,32,2200,85623,Software Engineer
3452,29,2145,103044,Project Manager
3453,38,2160,81618,Data Analyst
3454,21,2060,65000,Financial Analyst
3455,61,2160,102210,Teacher
3456,56,2112,94003,Accountant
3457,22,2145,80000,Project Manager
3458,50,2050,115941,Software Engineer
3459,38,2112,82034,Sales Representative
3460,22,2077,70000,Nurse
3461,19,2190,67869,Teacher
3462,39,2200,94618,Nurse
3463,48,2190,91126,Financial Analyst
3464,28,2007,75169,Teacher
3465,27,2000,59013,Sales Representative
3466,56,2095,107163,Accountant
3467,63,2170,138720,Project Manager
3468,31,2170,74898,Nurse
3469,60,2122,130655,Cyber Security Analyst
3470,22,2170,70753,Accountant
3471,54,2230,129656,Project Manager
3472,52,2155,113706,Software Engineer
3473,56,2217,107611,Marketing Specialist
3474,51,2095,93926,Marketing Specialist
3475,30,2077,67039,Sales Representative
3476,39,2112,79905,Accountant
3477,47,2230,89632,Teacher
3478,62,2145,110000,Accountant
3479,41,2112,115174,Software Engineer
3480,50,2112,125119,Software Engineer
3481,56,2145,104150,Accountant
3482,32,2020,78999,Sales Representative
3483,33,2217,95118,Nurse
3484,60,2190,136613,Cyber Security Analyst
3485,36,2095,78014,Teacher
3486,23,2134,81867,Nurse
3487,27,2150,62023,Sales Representative
3488,29,2000,67166,Marketing Specialist
3489,25,2060,85619,Nurse
3490,63,2230,101181,Marketing Specialist
3491,26,2134,65000,Data Analyst
3492,62,2010,135188,Cyber Security Analyst
3493,50,2122,124690,Project Manager
3494,40,2122,118675,Cyber Security Analyst
3495,33,2015,83589,Financial Analyst
3496,39,2190,73105,Sales Representative
3497,64,2010,110000,Data Analyst
3498,46,2200,104524,Nurse
3499,65,2077,120000,Nurse
3500,62,2230,136862,Cyber Security Analyst
3501,64,2155,101575,Sales Representative
3502,27,2170,83050,Data Analyst
3503,41,2122,84968,Marketing Specialist
3504,46,2155,127993,Cyber Security Analyst
3505,35,2050,98254,Software Engineer
3506,49,2007,106464,Teacher
3507,51,2170,128781,Project Manager
3508,45,2095,99181,Financial Analyst
3509,38,2020,99034,Cyber Security Analyst
3510,65,2134,110000,Accountant
3511,35,2190,75195,Sales Representative
3512,24,2077,66809,Teacher
3513,25,2060,79137,Financial Analyst
3514,46,2031,89239,Accountant
3515,34,2015,71314,Sales Representative
3516,60,2020,107293,Financial Analyst
3517,31,2155,92128,Project Manager
3518,19,2007,63859,Sales Representative
3519,52,2000,102172,Accountant
3520,19,2042,65299,Teacher
3521,54,2230,112874,Nurse
3522,51,2145,125302,Cyber Security Analyst
3523,25,2145,88845,Software Engineer
3524,49,2010,95760,Financial Analyst
3525,35,2112,91101,Software Engineer
3526,65,2230,102436,Accountant
3527,38,2155,108648,Cyber Security Analyst
3528,35,2200,84889,Marketing Specialist
3529,61,2220,134783,Software Engineer
3530,20,2015,79209,Nurse
3531,38,2160,72444,Accountant
3532,58,2050,97783,Data Analyst
3533,55,2050,105773,Nurse
3534,34,2020,82897,Marketing Specialist
3535,29,2077,66020,Marketing Specialist
3536,30,2155,88614,Software Engineer
3537,18,2010,76078,Nurse
3538,53,2042,91793,Sales Representative
3539,20,2220,70748,Nurse
3540,57,2200,120000,Nurse
3541,33,2150,88339,Teacher
3542,60,2077,135683,Cyber Security Analyst
3543,36,2150,82000,Marketing Specialist
3544,56,2160,111186,Teacher
3545,36,2050,93576,Software Engineer
3546,36,2145,89811,Nurse
3547,33,2015,81730,Nurse
3548,47,2217,89571,Teacher
3549,40,2220,87600,Nurse
3550,48,2190,95415,Marketing Specialist
3551,61,2000,105278,Accountant
3552,35,2042,105104,Project Manager
3553,21,2095,82402,Project Manager
3554,61,2134,113569,Teacher
3555,46,2122,98329,Nurse
3556,21,2150,65685,Financial Analyst
3557,39,2077,89774,Data Analyst
3558,44,2170,83117,Accountant
3559,52,2200,89784,Accountant
3560,57,2095,94872,Sales Representative
3561,56,2000,119202,Project Manager
3562,42,2220,109112,Software Engineer
3563,40,2010,99697,Project Manager
3564,51,2112,102652,Accountant
3565,30,2160,99556,Cyber Security Analyst
3566,63,2077,103160,Accountant
3567,41,2134,86533,Teacher
3568,53,2000,88416,Accountant
3569,19,2015,87710,Project Manager
3570,43,2007,81738,Marketing Specialist
3571,36,2000,83600,Financial Analyst
3572,58,2007,101480,Accountant
3573,65,2122,140000,Software Engineer
3574,26,2010,66869,Financial Analyst
3575,22,2230,88717,Project Manager
3576,19,2230,73707,Data Analyst
3577,56,2015,141826,Cyber Security Analyst
3578,43,2190,86825,Accountant
3579,38,2155,82044,Nurse
3580,37,2145,83874,Financial Analyst
3581,24,2200,80901,Financial Analyst
3582,48,2077,105989,Nurse
3583,23,2134,73701,Accountant
3584,35,2077,85557,Marketing Specialist
3585,50,2122,84607,Accountant
3586,49,2112,110889,Nurse
3587,63,2145,134576,Software Engineer
3588,54,2122,97073,Data Analyst
3589,46,2150,103240,Teacher
3590,24,2095,66732,Financial Analyst
3591,58,2015,138698,Software Engineer
3592,28,2150,80082,Accountant
3593,33,2020,98956,Software Engineer
3594,57,2155,110000,Marketing Specialist
3595,32,2150,76662,Data Analyst
3596,44,2230,96497,Financial Analyst
3597,27,2095,82141,Data Analyst
3598,56,2000,109212,Nurse
3599,62,2160,110000,Accountant
3600,52,2095,93894,Marketing Specialist
3601,38,2220,87103,Marketing Specialist
3602,50,2230,113519,Project Manager
3603,24,2220,70000,Nurse
3604,42,2000,108502,Cyber Security Analyst
3605,51,2031,117105,Software Engineer
3606,46,2007,117622,Software Engineer
3607,49,2200,130061,Cyber Security Analyst
3608,49,2230,130798,Cyber Security Analyst
3609,44,2000,97383,Nurse
3610,25,2077,76330,Nurse
3611,51,2190,102283,Teacher
3612,54,2020,129296,Cyber Security Analyst
3613,51,2190,97271,Accountant
3614,51,2060,99087,Sales Representative
3615,47,2095,85285,Accountant
3616,28,2220,98293,Project Manager
3617,18,2134,65000,Teacher
3618,27,2010,60000,Marketing Specialist
3619,37,2042,73288,Accountant
3620,52,2095,89273,Marketing Specialist
3621,21,2145,67990,Sales Representative
3622,28,2112,97152,Software Engineer
3623,32,2200,70356,Teacher
3624,30,2077,83007,Financial Analyst
3625,55,2112,111512,Financial Analyst
3626,34,2160,97064,Project Manager
3627,22,2020,55000,Sales Representative
3628,64,2060,104779,Accountant
3629,34,2015,67874,Sales Representative
3630,51,2200,96165,Sales Representative
3631,39,2170,89391,Sales Representative
3632,35,2217,80406,Sales Representative
3633,31,2000,95575,Cyber Security Analyst
3634,31,2190,87779,Software Engineer
3635,27,2150,82455,Cyber Security Analyst
3636,38,2007,97148,Software Engineer
3637,50,2134,99499,Marketing Specialist
3638,38,2155,82247,Financial Analyst
3639,33,2122,101512,Project Manager
3640,42,2112,85747,Marketing Specialist
3641,51,2155,92668,Teacher
3642,56,2031,99526,Accountant
3643,63,2134,145000,Cyber Security Analyst
3644,46,2220,87996,Marketing Specialist
3645,61,2160,138735,Software Engineer
3646,59,2031,99445,Teacher
3647,41,2217,85805,Marketing Specialist
3648,64,2042,120000,Nurse
3649,30,2112,78631,Nurse
3650,65,2042,110000,Data Analyst
3651,41,2042,99545,Project Manager
3652,55,2095,101381,Financial Analyst
3653,41,2155,82340,Financial Analyst
3654,56,2007,108477,Financial Analyst
3655,59,2122,95056,Marketing Specialist
3656,62,2060,108364,Financial Analyst
3657,54,2220,104895,Data Analyst
3658,56,2150,96120,Marketing Specialist
3659,48,2015,109549,Project Manager
3660,41,2190,82040,Data Analyst
3661,63,2020,134947,Cyber Security Analyst
3662,44,2007,115485,Software Engineer
3663,58,2095,96492,Data Analyst
3664,52,2042,95333,Financial Analyst
3665,39,2220,82884,Teacher
3666,55,2155,94826,Teacher
3667,60,2134,106695,Nurse
3668,22,2155,60000,Accountant
3669,64,2010,114485,Financial Analyst
3670,46,2060,101749,Data Analyst
3671,30,2134,90986,Project Manager
3672,58,2077,102268,Data Analyst
3673,53,2015,103422,Teacher
3674,47,2220,81757,Sales Representative
3675,54,2010,92107,Marketing Specialist
3676,23,2230,80000,Cyber Security Analyst
3677,29,2170,67360,Teacher
3678,28,2042,76846,Data Analyst
3679,47,2230,113190,Software Engineer
3680,37,2230,74562,Accountant
3681,37,2122,82597,Data Analyst
3682,29,2020,86387,Financial Analyst
3683,38,2050,87445,Nurse
3684,35,2031,77749,Accountant
3685,34,2060,70049,Marketing Specialist
3686,49,2170,99893,Teacher
3687,40,2145,103671,Project Manager
3688,20,2122,55000,Sales Representative
3689,52,2042,99003,Sales Representative
3690,40,2042,91957,Financial Analyst
3691,62,2160,134982,Project Manager
3692,23,2042,84844,Project Manager
3693,31,2060,64860,Marketing Specialist
3694,25,2217,85044,Project Manager
3695,48,2145,130717,Cyber Security Analyst
3696,38,2170,88660,Teacher
3697,60,2007,104712,Sales Representative
3698,62,2200,137610,Software Engineer
3699,18,2134,85581,Cyber Security Analyst
3700,39,2200,80623,Teacher
3701,29,2077,72034,Teacher
3702,47,2031,107733,Project Manager
3703,46,2145,97216,Sales Representative
3704,54,2230,111383,Nurse
3705,48,2060,94144,Accountant
3706,56,2150,108570,Teacher
3707,37,2050,89803,Data Analyst
3708,24,2134,75209,Nurse
3709,54,2170,99233,Nurse
3710,28,2031,92615,Project Manager
3711,56,2042,137122,Project Manager
3712,26,2217,91980,Cyber Security Analyst
3713,21,2077,75000,Software Engineer
3714,40,2122,78821,Marketing Specialist
3715,47,2217,87598,Data Analyst
3716,30,2077,96673,Cyber Security Analyst
3717,23,2050,83577,Cyber Security Analyst
3718,45,2230,110359,Software Engineer
3719,27,2112,81651,Project Manager
3720,48,2112,114762,Cyber Security Analyst
3721,48,2217,121210,Project Manager
3722,62,2150,109139,Accountant
3723,47,2015,93551,Accountant
3724,26,2020,76614,Teacher
3725,38,2217,92317,Financial Analyst
3726,56,2160,102774,Nurse
3727,40,2217,92620,Marketing Specialist
3728,19,2190,60000,Accountant
3729,33,2112,82093,Teacher
3730,50,2190,105271,Data Analyst
3731,43,2200,107113,Software Engineer
3732,26,2042,60000,Marketing Specialist
3733,31,2134,73255,Financial Analyst
3734,39,2200,88234,Nurse
3735,45,2077,117533,Cyber Security Analyst
3736,42,2007,84085,Marketing Specialist
3737,44,2031,119005,Cyber Security Analyst
3738,61,2015,140000,Project Manager
3739,23,2217,65000,Teacher
3740,59,2000,108888,Nurse
3741,38,2170,114272,Cyber Security Analyst
3742,42,2000,91461,Marketing Specialist
3743,59,2134,105403,Nurse
3744,37,2060,84012,Nurse
3745,56,2155,102642,Marketing Specialist
3746,48,2160,98870,Teacher
3747,25,2134,97104,Cyber Security Analyst
3748,42,2020,98418,Software Engineer
3749,39,2060,76049,Sales Representative
3750,50,2230,97356,Sales Representative
3751,45,2145,90082,Data Analyst
3752,20,2150,82847,Software Engineer
3753,41,2190,89122,Data Analyst
3754,34,2095,86725,Nurse
3755,19,2060,80000,Project Manager
3756,36,2134,74723,Teacher
3757,46,2077,85954,Teacher
3758,56,2112,118752,Software Engineer
3759,52,2050,101912,Nurse
3760,23,2015,80513,Project Manager
3761,64,2200,145000,Cyber Security Analyst
3762,45,2112,101604,Financial Analyst
3763,62,2050,110000,Sales Representative
3764,54,2007,90805,Marketing Specialist
3765,38,2007,81085,Teacher
3766,56,2122,134350,Software Engineer
3767,64,2095,138512,Software Engineer
3768,45,2000,94750,Nurse
3769,65,2230,112597,Financial Analyst
3770,45,2042,121047,Software Engineer
3771,34,2190,90567,Financial Analyst
3772,52,2220,87770,Accountant
3773,41,2150,78966,Sales Representative
3774,45,2230,92681,Financial Analyst
3775,35,2217,93200,Project Manager
3776,56,2031,109762,Nurse
3777,35,2134,78064,Data Analyst
3778,19,2217,70000,Nurse
3779,35,2145,94524,Financial Analyst
3780,58,2015,104805,Teacher
3781,32,2220,79040,Data Analyst
3782,32,2190,93793,Software Engineer
3783,64,2145,110000,Sales Representative
3784,44,2095,93168,Sales Representative
3785,42,2160,75943,Marketing Specialist
3786,39,2095,88689,Teacher
3787,46,2145,125073,Cyber Security Analyst
3788,31,2220,92166,Project Manager
3789,61,2060,118948,Nurse
3790,20,2010,63282,Sales Representative
3791,53,2010,99035,Teacher
3792,65,2112,139962,Project Manager
3793,36,2145,89464,Teacher
3794,19,2190,90550,Cyber Security Analyst
3795,28,2112,75212,Sales Representative
3796,45,2000,98025,Nurse
3797,53,2050,99531,Marketing Specialist
3798,52,2122,136915,Cyber Security Analyst
3799,25,2122,81834,Software Engineer
3800,31,2170,92460,Software Engineer
3801,29,2230,98356,Cyber Security Analyst
3802,53,2112,104369,Nurse
3803,44,2060,85892,Sales Representative
3804,41,2217,107221,Software Engineer
3805,50,2160,123701,Project Manager
3806,32,2150,90095,Nurse
3807,36,2031,74969,Marketing Specialist
3808,43,2000,101709,Financial Analyst
3809,39,2200,77984,Marketing Specialist
3810,61,2122,140000,Software Engineer
3811,59,2134,117061,Nurse
3812,30,2190,73835,Data Analyst
3813,26,2190,70856,Sales Representative
3814,23,2170,64245,Sales Representative
3815,19,2190,65000,Teacher
3816,28,2200,72165,Sales Representative
3817,61,2112,125212,Software Engineer
3818,65,2200,110000,Sales Representative
3819,53,2042,119969,Project Manager
3820,47,2230,93692,Teacher
3821,29,2220,68248,Marketing Specialist
3822,38,2077,99783,Cyber Security Analyst
3823,19,2170,66175,Accountant
3824,47,2217,100618,Accountant
3825,46,2031,94906,Accountant
3826,50,2190,120109,Software Engineer
3827,28,2145,62926,Accountant
3828,18,2217,68315,Data Analyst
3829,51,2122,87411,Marketing Specialist
3830,44,2220,103033,Financial Analyst
3831,25,2200,70694,Sales Representative
3832,63,2145,110000,Data Analyst
3833,64,2077,110000,Data Analyst
3834,64,2112,110000,Data Analyst
3835,63,2200,140000,Project Manager
3836,45,2015,107123,Software Engineer
3837,34,2015,69259,Sales Representative
3838,41,2217,95603,Nurse
3839,27,2150,66458,Accountant
3840,34,2095,89555,Software Engineer
3841,47,2050,89370,Marketing Specialist
3842,39,2220,94145,Financial Analyst
3843,39,2220,80791,Marketing Specialist
3844,54,2190,98299,Financial Analyst
3845,26,2155,90515,Cyber Security Analyst
3846,19,2112,69530,Accountant
3847,41,2077,87102,Financial Analyst
3848,54,2150,111541,Financial Analyst
3849,61,2020,109531,Financial Analyst
3850,27,2077,68122,Sales Representative
3851,34,2000,73956,Accountant
3852,55,2020,117442,Financial Analyst
3853,18,2112,71665,Financial Analyst
3854,65,2122,140000,Project Manager
3855,57,2112,129043,Cyber Security Analyst
3856,55,2095,134382,Project Manager
3857,41,2150,90009,Nurse
3858,51,2031,100965,Marketing Specialist
3859,42,2217,80100,Data Analyst
3860,39,2077,79104,Accountant
3861,32,2060,109305,Cyber Security Analyst
3862,64,2200,135070,Software Engineer
3863,40,2145,92062,Marketing Specialist
3864,58,2230,110000,Data Analyst
3865,32,2112,65970,Accountant
3866,43,2095,116201,Software Engineer
3867,22,2160,77203,Financial Analyst
3868,65,2010,131834,Project Manager
3869,46,2155,85891,Sales Representative
3870,33,2230,78539,Financial Analyst
3871,62,2050,110000,Accountant
3872,29,2190,74240,Data Analyst
3873,53,2010,102183,Financial Analyst
3874,64,2020,140000,Software Engineer
3875,37,2042,80648,Data Analyst
3876,33,2170,78192,Sales Representative
3877,47,2160,106779,Software Engineer
3878,38,2042,108332,Software Engineer
3879,25,2010,73045,Marketing Specialist
3880,30,2160,100908,Software Engineer
3881,31,2150,70042,Sales Representative
3882,54,2170,103550,Data Analyst
3883,25,2200,63830,Marketing Specialist
3884,55,2145,88314,Sales Representative
3885,34,2190,85892,Nurse
3886,49,2095,129494,Cyber Security Analyst
3887,48,2077,118116,Project Manager
3888,34,2050,101604,Project Manager
3889,35,2155,101820,Project Manager
3890,58,2015,98522,Marketing Specialist
3891,49,2095,101377,Data Analyst
3892,48,2031,87773,Marketing Specialist
3893,22,2217,74237,Nurse
3894,24,2095,74031,Marketing Specialist
3895,29,2015,69297,Accountant
3896,31,2155,80219,Financial Analyst
3897,38,2150,98904,Project Manager
3898,61,2190,112209,Financial Analyst
3899,54,2095,124911,Cyber Security Analyst
3900,30,2031,77941,Nurse
3901,57,2095,140859,Cyber Security Analyst
3902,48,2134,88933,Sales Representative
3903,32,2150,81331,Financial Analyst
3904,41,2077,112744,Cyber Security Analyst
3905,64,2230,114269,Teacher
3906,46,2134,106223,Financial Analyst
3907,43,2000,99836,Nurse
3908,21,2112,70000,Nurse
3909,47,2000,95562,Financial Analyst
3910,31,2077,82451,Financial Analyst
3911,19,2134,68594,Teacher
3912,38,2160,102067,Project Manager
3913,31,2155,74634,Sales Representative
3914,35,2010,96478,Software Engineer
3915,28,2230,81356,Teacher
3916,64,2150,100337,Sales Representative
3917,60,2220,120000,Nurse
3918,33,2190,91758,Financial Analyst
3919,42,2015,79817,Data Analyst
3920,58,2060,115000,Teacher
3921,41,2077,78106,Marketing Specialist
3922,48,2230,113913,Cyber Security Analyst
3923,38,2020,86205,Nurse
3924,55,2170,104851,Financial Analyst
3925,53,2145,121439,Software Engineer
3926,38,2160,76947,Sales Representative
3927,53,2077,115397,Project Manager
3928,26,2220,86351,Software Engineer
3929,41,2230,81506,Marketing Specialist
3930,29,2145,74162,Teacher
3931,47,2095,92371,Teacher
3932,61,2060,120000,Financial Analyst
3933,65,2020,103905,Data Analyst
3934,59,2134,116603,Nurse
3935,49,2155,86656,Data Analyst
3936,50,2000,107580,Teacher
3937,45,2155,91568,Data Analyst
3938,52,2077,105005,Marketing Specialist
3939,39,2230,96518,Software Engineer
3940,54,2160,118467,Software Engineer
3941,52,2155,119895,Cyber Security Analyst
3942,54,2190,94553,Marketing Specialist
3943,22,2060,79515,Nurse
3944,46,2200,119550,Cyber Security Analyst
3945,22,2200,94380,Cyber Security Analyst
3946,39,2155,86508,Marketing Specialist
3947,19,2170,70691,Nurse
3948,18,2122,55000,Sales Representative
3949,18,2095,63996,Accountant
3950,27,2050,84680,Financial Analyst
3951,61,2160,115000,Teacher
3952,59,2170,105238,Accountant
3953,63,2020,103848,Sales Representative
3954,27,2077,65524,Accountant
3955,24,2160,80468,Data Analyst
3956,20,2160,84186,Cyber Security Analyst
3957,22,2095,66795,Teacher
3958,60,2042,104607,Accountant
3959,28,2060,78272,Nurse
3960,31,2000,73329,Teacher
3961,46,2122,104556,Software Engineer
3962,46,2122,81399,Accountant
3963,46,2122,86295,Marketing Specialist
3964,31,2170,77914,Nurse
3965,23,2155,95864,Cyber Security Analyst
3966,64,2015,134060,Project Manager
3967,31,2150,102798,Software Engineer
3968,40,2134,84662,Teacher
3969,31,2155,94770,Software Engineer
3970,48,2155,93775,Financial Analyst
3971,47,2000,95218,Data Analyst
3972,44,2015,99282,Nurse
3973,41,2010,96141,Financial Analyst
3974,59,2050,105746,Financial Analyst
3975,59,2150,104136,Nurse
3976,35,2007,77696,Teacher
3977,33,2170,91048,Cyber Security Analyst
3978,26,2020,84807,Project Manager
3979,62,2007,98813,Marketing Specialist
3980,56,2230,100029,Accountant
3981,41,2134,77075,Sales Representative
3982,44,2031,122950,Cyber Security Analyst
3983,27,2112,86031,Cyber Security Analyst
3984,28,2150,71261,Data Analyst
3985,37,2200,92441,Nurse
3986,34,2095,64656,Sales Representative
3987,19,2000,71481,Teacher
3988,20,2134,80000,Cyber Security Analyst
3989,52,2190,113379,Nurse
3990,28,2015,84319,Cyber Security Analyst
3991,40,2010,87162,Accountant
3992,22,2150,85750,Software Engineer
3993,44,2145,107595,Project Manager
3994,56,2077,106988,Data Analyst
3995,48,2020,100686,Financial Analyst
3996,60,2112,126775,Project Manager
3997,48,2230,100633,Marketing Specialist
3998,30,2050,103462,Cyber Security Analyst
3999,26,2050,83757,Cyber Security Analyst
4000,65,2220,140000,Software Engineer
4001,36,2015,74248,Sales Representative
4002,32,2031,81249,Financial Analyst
4003,39,2217,91698,Marketing Specialist
4004,51,2170,120868,Project Manager
4005,26,2134,75791,Teacher
4006,60,2170,129206,Cyber Security Analyst
4007,65,2200,111573,Nurse
4008,30,2000,91280,Cyber Security Analyst
4009,58,2050,98602,Data Analyst
4010,43,2000,100342,Teacher
4011,48,2112,88067,Marketing Specialist
4012,58,2122,106623,Sales Representative
4013,31,2190,72441,Marketing Specialist
4014,52,2015,95322,Marketing Specialist
4015,59,2095,133391,Project Manager
4016,29,2095,83841,Financial Analyst
4017,53,2217,90396,Marketing Specialist
4018,60,2155,108294,Teacher
4019,22,2134,65000,Teacher
4020,52,2015,124463,Cyber Security Analyst
4021,47,2015,123143,Software Engineer
4022,63,2020,119050,Financial Analyst
4023,37,2134,88343,Marketing Specialist
4024,23,2031,89410,Project Manager
4025,50,2020,91312,Accountant
4026,19,2230,62661,Accountant
4027,51,2020,102061,Sales Representative
4028,51,2007,129598,Project Manager
4029,41,2050,116757,Project Manager
4030,28,2031,68919,Teacher
4031,61,2200,136882,Cyber Security Analyst
4032,63,2160,145000,Cyber Security Analyst
4033,45,2060,80325,Accountant
4034,43,2122,101351,Financial Analyst
4035,44,2145,88208,Marketing Specialist
4036,26,2000,66815,Financial Analyst
4037,34,2217,100636,Project Manager
4038,31,2190,62402,Sales Representative
4039,21,2020,70000,Nurse
4040,48,2050,124309,Cyber Security Analyst
4041,28,2122,90017,Nurse
4042,30,2112,65077,Accountant
4043,32,2020,84537,Financial Analyst
4044,25,2217,58166,Sales Representative
4045,31,2020,72856,Marketing Specialist
4046,38,2200,77992,Data Analyst
4047,51,2155,96979,Financial Analyst
4048,58,2150,99417,Sales Representative
4049,60,2077,98772,Marketing Specialist
4050,52,2145,89822,Sales Representative
4051,22,2060,65000,Teacher
4052,42,2015,98372,Financial Analyst
4053,45,2031,92563,Sales Representative
4054,36,2155,72525,Accountant
4055,23,2190,62731,Sales Representative
4056,33,2220,80128,Marketing Specialist
4057,44,2200,83340,Data Analyst
4058,35,2060,91534,Financial Analyst
4059,39,2217,90572,Nurse
4060,40,2000,98739,Software Engineer
4061,63,2050,110000,Marketing Specialist
4062,49,2170,97192,Accountant
4063,60,2015,120000,Financial Analyst
4064,53,2170,98271,Sales Representative
4065,56,2217,131047,Project Manager
4066,20,2015,66684,Sales Representative
4067,59,2170,124812,Software Engineer
4068,25,2112,76456,Accountant
4069,61,2134,108221,Sales Representative
4070,63,2112,110000,Data Analyst
4071,47,2155,80157,Sales Representative
4072,43,2217,87436,Nurse
4073,31,2031,61004,Sales Representative
4074,58,2015,107130,Teacher
4075,44,2230,94856,Data Analyst
4076,34,2217,83294,Teacher
4077,40,2060,88018,Accountant
4078,21,2145,66814,Teacher
4079,28,2160,78571,Accountant
4080,59,2230,111767,Teacher
4081,40,2150,103338,Cyber Security Analyst
4082,39,2190,94976,Teacher
4083,65,2095,110000,Accountant
4084,24,2200,86603,Software Engineer
4085,38,2150,74505,Sales Representative
4086,42,2060,91438,Accountant
4087,40,2145,90248,Teacher
4088,28,2095,84351,Cyber Security Analyst
4089,25,2170,67622,Accountant
4090,50,2077,129198,Project Manager
4091,52,2122,119509,Cyber Security Analyst
4092,30,2010,101190,Software Engineer
4093,60,2060,109457,Nurse
4094,63,2160,114465,Teacher
4095,43,2122,107969,Cyber Security Analyst
4096,65,2190,120000,Financial Analyst
4097,23,2050,74820,Teacher
4098,20,2160,60000,Accountant
4099,60,2000,120000,Financial Analyst
4100,32,2050,72294,Accountant
4101,46,2020,80193,Accountant
4102,36,2000,84984,Accountant
4103,46,2160,107849,Nurse
4104,54,2134,94394,Accountant
4105,51,2122,102473,Sales Representative
4106,42,2220,95011,Financial Analyst
4107,34,2112,88965,Nurse
4108,33,2160,82657,Teacher
4109,22,2095,83622,Cyber Security Analyst
4110,52,2020,87953,Sales Representative
4111,50,2160,94315,Marketing Specialist
4112,24,2050,63435,Sales Representative
4113,63,2050,140000,Project Manager
4114,35,2007,79975,Sales Representative
4115,57,2150,110000,Marketing Specialist
4116,45,2031,103064,Software Engineer
4117,53,2160,89119,Marketing Specialist
4118,40,2220,78249,Marketing Specialist
4119,22,2010,68301,Teacher
4120,54,2230,98031,Financial Analyst
4121,63,2150,110000,Sales Representative
4122,63,2122,139285,Cyber Security Analyst
4123,60,2077,110000,Marketing Specialist
4124,62,2095,114109,Financial Analyst
4125,54,2134,120683,Project Manager
4126,52,2095,85009,Sales Representative
4127,57,2220,104082,Data Analyst
4128,55,2010,118254,Software Engineer
4129,51,2230,100388,Nurse
4130,64,2050,110000,Accountant
4131,29,2000,101432,Cyber Security Analyst
4132,64,2095,131536,Software Engineer
4133,24,2170,79078,Nurse
4134,44,2220,103205,Nurse
4135,26,2031,66652,Teacher
4136,37,2031,89315,Teacher
4137,34,2010,73068,Marketing Specialist
4138,34,2042,84447,Nurse
4139,40,2095,110228,Software Engineer
4140,24,2060,80000,Project Manager
4141,56,2160,93321,Data Analyst
4142,61,2015,106266,Teacher
4143,18,2000,80000,Project Manager
4144,38,2077,82183,Nurse
4145,54,2112,89401,Sales Representative
4146,29,2200,78027,Accountant
4147,29,2042,95356,Project Manager
4148,24,2190,90558,Cyber Security Analyst
4149,54,2145,125603,Cyber Security Analyst
4150,50,2145,115249,Cyber Security Analyst
4151,57,2160,96281,Data Analyst
4152,37,2015,88671,Financial Analyst
4153,61,2170,145000,Cyber Security Analyst
4154,28,2150,85159,Software Engineer
4155,56,2190,133608,Cyber Security Analyst
4156,47,2122,121698,Project Manager
4157,25,2010,90022,Project Manager
4158,33,2020,78803,Teacher
4159,49,2122,84341,Accountant
4160,40,2150,95434,Data Analyst
4161,24,2010,88163,Project Manager
4162,51,2170,101047,Sales Representative
4163,51,2160,101690,Nurse
4164,36,2020,88825,Teacher
4165,30,2200,83012,Financial Analyst
4166,43,2122,89295,Nurse
4167,49,2150,88099,Data Analyst
4168,38,2150,115509,Project Manager
4169,42,2150,92495,Financial Analyst
4170,61,2155,97534,Data Analyst
4171,30,2077,100846,Software Engineer
4172,65,2160,105680,Sales Representative
4173,59,2230,100188,Teacher
4174,52,2007,97479,Data Analyst
4175,42,2112,93153,Accountant
4176,21,2230,79849,Nurse
4177,51,2155,127789,Cyber Security Analyst
4178,61,2042,99402,Data Analyst
4179,47,2050,120601,Cyber Security Analyst
4180,22,2150,61029,Accountant
4181,54,2000,88610,Sales Representative
4182,42,2220,79343,Accountant
4183,36,2050,83072,Data Analyst
4184,29,2050,83884,Nurse
4185,43,2020,83578,Data Analyst
4186,56,2190,98886,Accountant
4187,45,2220,86745,Sales Representative
4188,31,2134,70548,Financial Analyst
4189,44,2122,96772,Nurse
4190,30,2060,82431,Marketing Specialist
4191,18,2007,74717,Nurse
4192,26,2010,62259,Accountant
4193,25,2150,81860,Cyber Security Analyst
4194,29,2095,89527,Project Manager
4195,65,2217,120000,Financial Analyst
4196,36,2077,102308,Project Manager
4197,54,2015,101040,Financial Analyst
4198,43,2010,94774,Accountant
4199,49,2020,99960,Accountant
4200,20,2150,60000,Marketing Specialist
4201,25,2007,70163,Accountant
4202,29,2220,82421,Software Engineer
4203,33,2190,88110,Nurse
4204,46,2145,128285,Cyber Security Analyst
4205,20,2042,80000,Project Manager
4206,64,2007,115000,Teacher
4207,18,2095,80000,Cyber Security Analyst
4208,29,2145,73276,Teacher
4209,59,2122,106707,Data Analyst
4210,27,2155,67617,Financial Analyst
4211,32,2200,95730,Cyber Security Analyst
4212,39,2000,86775,Marketing Specialist
4213,22,2190,71574,Accountant
4214,36,2031,97676,Project Manager
4215,53,2007,95883,Teacher
4216,61,2134,140000,Software Engineer
4217,52,2190,93120,Data Analyst
4218,64,2112,105195,Teacher
4219,27,2217,85103,Software Engineer
4220,18,2000,78438,Nurse
4221,21,2170,70000,Nurse
4222,32,2170,86281,Data Analyst
4223,22,2200,74441,Data Analyst
4224,54,2077,110971,Nurse
4225,46,2217,95861,Accountant
4226,57,2112,115546,Financial Analyst
4227,48,2145,129067,Cyber Security Analyst
4228,41,2020,83867,Accountant
4229,58,2122,133747,Cyber Security Analyst
4230,28,2230,66324,Teacher
4231,45,2020,87990,Financial Analyst
4232,47,2220,108594,Nurse
4233,32,2020,86459,Nurse
4234,31,2134,87518,Nurse
4235,47,2145,93579,Marketing Specialist
4236,47,2095,96533,Teacher
4237,60,2020,120000,Nurse
4238,31,2042,70087,Accountant
4239,54,2230,100206,Accountant
4240,47,2134,119302,Project Manager
4241,59,2042,115851,Financial Analyst
4242,27,2015,77361,Marketing Specialist
4243,59,2077,107121,Marketing Specialist
4244,21,2042,64256,Accountant
4245,53,2217,130996,Cyber Security Analyst
4246,51,2031,109621,Nurse
4247,19,2122,69656,Accountant
4248,60,2060,145000,Cyber Security Analyst
4249,27,2170,76055,Nurse
4250,27,2095,84928,Nurse
4251,33,2150,101106,Cyber Security Analyst
4252,57,2155,91794,Sales Representative
4253,61,2010,127277,Software Engineer
4254,19,2007,66819,Data Analyst
4255,23,2112,66971,Teacher
4256,65,2042,145000,Cyber Security Analyst
4257,22,2190,69593,Teacher
4258,55,2150,100457,Marketing Specialist
4259,63,2077,142170,Cyber Security Analyst
4260,24,2031,82641,Project Manager
4261,28,2015,88080,Nurse
4262,57,2031,119893,Nurse
4263,53,2220,96449,Marketing Specialist
4264,62,2015,101614,Accountant
4265,46,2007,108166,Software Engineer
4266,42,2122,91158,Marketing Specialist
4267,28,2170,76448,Data Analyst
4268,46,2170,83724,Sales Representative
4269,46,2150,100381,Data Analyst
4270,40,2010,90527,Teacher
4271,22,2020,85365,Cyber Security Analyst
4272,61,2020,109381,Nurse
4273,60,2200,105189,Accountant
4274,36,2112,109646,Software Engineer
4275,49,2190,104024,Data Analyst
4276,44,2112,114237,Cyber Security Analyst
4277,30,2060,102372,Project Manager
4278,19,2095,60000,Marketing Specialist
4279,21,2220,63238,Accountant
4280,34,2134,78080,Marketing Specialist
4281,20,2230,72350,Financial Analyst
4282,60,2095,140000,Software Engineer
4283,20,2190,80000,Cyber Security Analyst
4284,65,2000,109919,Sales Representative
4285,42,2150,87984,Accountant
4286,42,2220,86835,Data Analyst
4287,62,2095,118828,Nurse
4288,50,2134,105253,Nurse
4289,26,2230,72082,Teacher
4290,53,2150,96462,Accountant
4291,35,2145,91289,Software Engineer
4292,60,2155,103400,Teacher
4293,19,2015,80000,Cyber Security Analyst
4294,22,2112,80000,Cyber Security Analyst
4295,27,2050,58395,Sales Representative
4296,22,2230,65000,Data Analyst
4297,65,2190,107306,Teacher
4298,27,2200,70630,Sales Representative
4299,58,2217,101020,Teacher
4300,57,2007,123481,Software Engineer
4301,30,2031,84600,Software Engineer
4302,63,2000,140000,Software Engineer
4303,61,2042,97383,Accountant
4304,63,2122,137733,Software Engineer
4305,58,2042,136663,Project Manager
4306,30,2190,68862,Marketing Specialist
4307,48,2230,109498,Financial Analyst
4308,21,2031,69823,Marketing Specialist
4309,18,2031,75000,Software Engineer
4310,34,2160,110983,Cyber Security Analyst
4311,30,2220,84079,Software Engineer
4312,30,2095,94057,Cyber Security Analyst
4313,28,2200,90046,Nurse
4314,36,2134,82666,Sales Representative
4315,58,2042,115785,Financial Analyst
4316,34,2230,79910,Teacher
4317,51,2200,94842,Data Analyst
4318,36,2010,96913,Cyber Security Analyst
4319,22,2112,60000,Marketing Specialist
4320,57,2010,116101,Nurse
4321,18,2095,84272,Software Engineer
4322,41,2217,74073,Sales Representative
4323,54,2230,107583,Financial Analyst
4324,46,2230,100530,Teacher
4325,41,2077,90494,Marketing Specialist
4326,38,2230,101767,Project Manager
4327,32,2031,62782,Sales Representative
4328,62,2134,115000,Teacher
4329,47,2122,101043,Teacher
4330,47,2020,85506,Marketing Specialist
4331,65,2134,110802,Nurse
4332,26,2122,68406,Teacher
4333,43,2000,95829,Teacher
4334,60,2020,145000,Cyber Security Analyst
4335,29,2015,62239,Accountant
4336,43,2020,85472,Marketing Specialist
4337,39,2000,88636,Accountant
4338,43,2077,122574,Cyber Security Analyst
4339,35,2042,84027,Accountant
4340,56,2134,104683,Marketing Specialist
4341,28,2217,62596,Marketing Specialist
4342,40,2010,106019,Software Engineer
4343,63,2190,107352,Marketing Specialist
4344,27,2155,75768,Accountant
4345,31,2150,74254,Nurse
4346,37,2095,106455,Cyber Security Analyst
4347,61,2134,99311,Sales Representative
4348,56,2155,131790,Cyber Security Analyst
4349,39,2220,81538,Teacher
4350,41,2150,73983,Sales Representative
4351,19,2112,64728,Marketing Specialist
4352,33,2095,73606,Accountant
4353,38,2060,89463,Marketing Specialist
4354,39,2095,75943,Sales Representative
4355,26,2200,82263,Teacher
4356,32,2190,69149,Sales Representative
4357,33,2170,81349,Marketing Specialist
4358,19,2155,65000,Teacher
4359,42,2190,113730,Cyber Security Analyst
4360,23,2150,91544,Project Manager
4361,56,2010,114196,Financial Analyst
4362,42,2060,80220,Accountant
4363,41,2150,85101,Data Analyst
4364,32,2095,80074,Data Analyst
4365,57,2160,96277,Marketing Specialist
4366,35,2150,83379,Teacher
4367,56,2042,124677,Project Manager
4368,56,2015,99154,Sales Representative
4369,64,2230,105430,Data Analyst
4370,51,2077,120261,Project Manager
4371,42,2220,85889,Nurse
4372,37,2042,81954,Financial Analyst
4373,36,2000,86043,Data Analyst
4374,23,2145,65156,Teacher
4375,46,2160,94930,Nurse
4376,56,2095,93956,Marketing Specialist
4377,35,2060,74565,Marketing Specialist
4378,63,2145,106991,Sales Representative
4379,28,2020,67279,Sales Representative
4380,19,2007,77082,Software Engineer
4381,53,2112,91878,Marketing Specialist
4382,38,2160,82111,Nurse
4383,58,2200,113166,Nurse
4384,43,2095,105705,Cyber Security Analyst
4385,59,2095,120000,Financial Analyst
4386,54,2155,91298,Data Analyst
4387,64,2150,135710,Cyber Security Analyst
4388,22,2020,80000,Cyber Security Analyst
4389,51,2220,123338,Cyber Security Analyst
4390,23,2112,71399,Teacher
4391,23,2095,70000,Nurse
4392,49,2160,95015,Nurse
4393,51,2200,108081,Nurse
4394,62,2160,133782,Cyber Security Analyst
4395,31,2031,67606,Marketing Specialist
4396,34,2050,68872,Accountant
4397,59,2000,124059,Project Manager
4398,59,2150,95006,Accountant
4399,20,2050,60000,Accountant
4400,26,2095,90795,Project Manager
4401,42,2000,102251,Nurse
4402,36,2000,82745,Marketing Specialist
4403,53,2007,119961,Software Engineer
4404,55,2042,97946,Data Analyst
4405,55,2000,100810,Marketing Specialist
4406,62,2170,137913,Software Engineer
4407,50,2122,121227,Cyber Security Analyst
4408,27,2000,90710,Project Manager
4409,35,2112,108442,Project Manager
4410,42,2042,123101,Cyber Security Analyst
4411,34,2042,82738,Teacher
4412,34,2015,86372,Nurse
4413,46,2145,101580,Data Analyst
4414,59,2122,129044,Project Manager
4415,29,2007,92909,Software Engineer
4416,24,2042,75067,Accountant
4417,65,2220,117023,Financial Analyst
4418,55,2112,113495,Financial Analyst
4419,21,2170,61459,Accountant
4420,31,2000,96750,Project Manager
4421,18,2031,60942,Accountant
4422,31,2230,76562,Marketing Specialist
4423,64,2145,115000,Teacher
4424,56,2150,138287,Cyber Security Analyst
4425,53,2077,94100,Sales Representative
4426,22,2015,55000,Sales Representative
4427,19,2007,55000,Sales Representative
4428,35,2077,85860,Data Analyst
4429,42,2031,76271,Sales Representative
4430,21,2042,65000,Teacher
4431,45,2010,92897,Teacher
4432,44,2077,81040,Data Analyst
4433,25,2020,71799,Financial Analyst
4434,47,2015,81846,Accountant
4435,48,2000,115178,Cyber Security Analyst
4436,23,2145,74317,Accountant
4437,62,2060,135019,Project Manager
4438,19,2150,55000,Sales Representative
4439,64,2042,135752,Cyber Security Analyst
4440,43,2000,87813,Nurse
4441,49,2145,106493,Nurse
4442,29,2170,66974,Data Analyst
4443,60,2060,132311,Software Engineer
4444,64,2042,107694,Marketing Specialist
4445,19,2042,65000,Financial Analyst
4446,62,2000,98254,Marketing Specialist
4447,54,2160,114306,Nurse
4448,32,2077,80332,Data Analyst
4449,23,2112,65801,Sales Representative
4450,48,2031,120529,Project Manager
4451,60,2230,115000,Teacher
4452,52,2095,128384,Cyber Security Analyst
4453,44,2170,119122,Cyber Security Analyst
4454,41,2112,84050,Marketing Specialist
4455,27,2217,77343,Marketing Specialist
4456,44,2134,85492,Teacher
4457,56,2020,110373,Financial Analyst
4458,40,2145,91072,Marketing Specialist
4459,61,2007,140722,Cyber Security Analyst
4460,50,2190,125450,Cyber Security Analyst
4461,52,2170,121592,Cyber Security Analyst
4462,31,2010,87559,Nurse
4463,25,2160,80311,Project Manager
4464,51,2170,110770,Software Engineer
4465,34,2217,95822,Project Manager
4466,65,2217,110000,Accountant
4467,49,2095,120105,Software Engineer
4468,53,2155,110105,Nurse
4469,32,2112,74752,Sales Representative
4470,62,2050,140000,Software Engineer
4471,27,2220,60000,Accountant
4472,50,2150,113985,Software Engineer
4473,22,2050,72988,Financial Analyst
4474,37,2160,73377,Accountant
4475,30,2000,67508,Data Analyst
4476,36,2042,95979,Software Engineer
4477,61,2010,132772,Software Engineer
4478,46,2134,115438,Software Engineer
4479,60,2000,120000,Nurse
4480,37,2122,87498,Teacher
4481,31,2134,89535,Financial Analyst
4482,48,2170,81478,Sales Representative
4483,61,2007,110000,Marketing Specialist
4484,38,2000,84658,Teacher
4485,62,2122,110000,Marketing Specialist
4486,24,2220,85621,Nurse
4487,57,2217,112555,Teacher
4488,19,2007,77036,Nurse
4489,23,2060,73136,Marketing Specialist
4490,23,2050,75000,Software Engineer
4491,47,2230,101906,Nurse
4492,33,2150,63678,Sales Representative
4493,38,2160,93188,Financial Analyst
4494,31,2134,63324,Sales Representative
4495,18,2170,80000,Cyber Security Analyst
4496,50,2010,100494,Marketing Specialist
4497,29,2060,80217,Marketing Specialist
4498,42,2200,102234,Project Manager
4499,34,2015,80655,Sales Representative
4500,49,2145,122485,Cyber Security Analyst
4501,28,2077,84271,Data Analyst
4502,39,2015,87412,Nurse
4503,22,2150,70188,Accountant
4504,33,2122,75149,Data Analyst
4505,42,2077,83964,Data Analyst
4506,32,2217,89016,Teacher
4507,49,2220,97549,Accountant
4508,62,2015,131239,Software Engineer
4509,26,2230,100895,Cyber Security Analyst
4510,54,2145,105725,Data Analyst
4511,41,2000,101676,Nurse
4512,62,2200,115000,Teacher
4513,24,2150,70000,Nurse
4514,35,2160,91921,Nurse
4515,22,2010,79142,Software Engineer
4516,60,2150,112831,Teacher
4517,50,2020,88008,Accountant
4518,19,2010,90074,Cyber Security Analyst
4519,29,2145,79590,Accountant
4520,41,2060,115021,Project Manager
4521,22,2170,89073,Cyber Security Analyst
4522,25,2007,86546,Project Manager
4523,30,2077,90961,Cyber Security Analyst
4524,65,2000,120000,Nurse
4525,21,2000,80000,Project Manager
4526,51,2170,111001,Financial Analyst
4527,18,2020,65470,Financial Analyst
4528,33,2042,72139,Marketing Specialist
4529,60,2150,110000,Marketing Specialist
4530,31,2031,95688,Software Engineer
4531,53,2010,119468,Project Manager
4532,60,2155,132849,Cyber Security Analyst
4533,22,2155,60000,Marketing Specialist
4534,54,2050,133336,Cyber Security Analyst
4535,58,2050,106153,Teacher
4536,44,2134,81300,Data Analyst
4537,38,2000,87588,Nurse
4538,60,2122,114420,Teacher
4539,56,2230,94598,Accountant
4540,48,2155,93427,Sales Representative
4541,59,2050,145000,Cyber Security Analyst
4542,51,2150,96076,Financial Analyst
4543,45,2000,90270,Sales Representative
4544,22,2010,80000,Project Manager
4545,59,2112,103344,Data Analyst
4546,43,2145,95444,Financial Analyst
4547,37,2190,104973,Project Manager
4548,37,2155,86196,Marketing Specialist
4549,42,2220,91441,Sales Representative
4550,61,2190,110000,Sales Representative
4551,26,2095,61492,Marketing Specialist
4552,62,2095,110000,Marketing Specialist
4553,51,2200,85679,Sales Representative
4554,34,2060,83191,Financial Analyst
4555,56,2050,128769,Project Manager
4556,38,2170,77544,Accountant
4557,40,2042,91722,Financial Analyst
4558,51,2060,103753,Nurse
4559,56,2217,106597,Nurse
4560,57,2220,133603,Cyber Security Analyst
4561,30,2220,85551,Teacher
4562,53,2042,107395,Teacher
4563,55,2031,121074,Project Manager
4564,64,2200,116924,Financial Analyst
4565,31,2200,71268,Sales Representative
4566,29,2112,69750,Marketing Specialist
4567,43,2220,85467,Marketing Specialist
4568,54,2160,99484,Marketing Specialist
4569,27,2190,67892,Financial Analyst
4570,34,2122,105172,Software Engineer
4571,43,2010,85126,Data Analyst
4572,34,2145,85064,Marketing Specialist
4573,55,2155,116892,Financial Analyst
4574,44,2060,79330,Accountant
4575,45,2190,82264,Marketing Specialist
4576,48,2122,102176,Nurse
4577,25,2031,83708,Cyber Security Analyst
4578,41,2007,79323,Data Analyst
4579,35,2160,106049,Software Engineer
4580,35,2015,107380,Cyber Security Analyst
4581,31,2217,86012,Data Analyst
4582,21,2015,68934,Data Analyst
4583,57,2077,114721,Financial Analyst
4584,33,2050,85737,Accountant
4585,54,2160,108713,Financial Analyst
4586,33,2000,108888,Cyber Security Analyst
4587,55,2050,99992,Teacher
4588,42,2160,76103,Accountant
4589,28,2170,87668,Software Engineer
4590,49,2015,115939,Software Engineer
4591,44,2050,92717,Accountant
4592,57,2031,131156,Cyber Security Analyst
4593,35,2000,96335,Software Engineer
4594,60,2134,120000,Financial Analyst
4595,56,2145,107418,Nurse
4596,32,2010,97748,Software Engineer
4597,63,2145,102799,Marketing Specialist
4598,65,2190,120000,Nurse
4599,19,2060,80000,Project Manager
4600,61,2134,110000,Marketing Specialist
4601,39,2000,93692,Teacher
4602,50,2122,96936,Sales Representative
4603,56,2112,95161,Accountant
4604,63,2190,139609,Software Engineer
4605,28,2042,77779,Nurse
4606,38,2122,85260,Teacher
4607,33,2050,84986,Financial Analyst
4608,56,2000,108884,Marketing Specialist
4609,33,2145,86461,Software Engineer
4610,42,2112,84865,Sales Representative
4611,42,2150,92275,Data Analyst
4612,64,2134,101867,Marketing Specialist
4613,45,2112,94085,Financial Analyst
4614,35,2060,88765,Teacher
4615,28,2050,103015,Cyber Security Analyst
4616,59,2190,139737,Project Manager
4617,30,2122,78435,Data Analyst
4618,21,2010,60000,Accountant
4619,23,2220,68965,Sales Representative
4620,21,2010,75722,Financial Analyst
4621,34,2020,76627,Marketing Specialist
4622,27,2060,75669,Nurse
4623,32,2077,80354,Nurse
4624,51,2050,113661,Software Engineer
4625,57,2170,98105,Data Analyst
4626,36,2150,106848,Project Manager
4627,28,2000,67040,Accountant
4628,56,2010,120879,Software Engineer
4629,35,2160,97578,Cyber Security Analyst
4630,47,2112,112883,Project Manager
4631,27,2031,89538,Project Manager
4632,18,2031,65000,Teacher
4633,50,2155,102169,Data Analyst
4634,21,2020,70000,Nurse
4635,21,2020,60000,Marketing Specialist
4636,33,2112,81357,Sales Representative
4637,35,2050,82992,Marketing Specialist
4638,29,2220,88346,Software Engineer
4639,28,2007,58899,Sales Representative
4640,42,2000,112602,Cyber Security Analyst
4641,47,2150,119964,Project Manager
4642,53,2230,127915,Project Manager
4643,51,2200,102134,Marketing Specialist
4644,40,2170,84022,Sales Representative
4645,34,2134,95894,Project Manager
4646,50,2020,85236,Marketing Specialist
4647,31,2190,95021,Software Engineer
4648,37,2190,104790,Software Engineer
4649,42,2077,97774,Nurse
4650,19,2150,65000,Teacher
4651,19,2134,60000,Accountant
4652,46,2230,82348,Sales Representative
4653,59,2122,110990,Financial Analyst
4654,27,2050,78003,Data Analyst
4655,34,2122,82302,Marketing Specialist
4656,63,2112,104579,Marketing Specialist
4657,47,2134,111788,Cyber Security Analyst
4658,33,2200,94063,Cyber Security Analyst
4659,36,2007,85635,Teacher
4660,47,2200,105052,Nurse
4661,22,2077,61306,Sales Representative
4662,50,2150,112178,Project Manager
4663,48,2112,117350,Software Engineer
4664,30,2155,74480,Financial Analyst
4665,18,2020,83402,Software Engineer
4666,35,2000,87972,Data Analyst
4667,31,2112,87387,Project Manager
4668,46,2095,104869,Nurse
4669,40,2095,80081,Sales Representative
4670,41,2155,96210,Data Analyst
4671,25,2150,71648,Marketing Specialist
4672,50,2217,103594,Data Analyst
4673,64,2155,101034,Sales Representative
4674,27,2095,83987,Nurse
4675,64,2020,113489,Financial Analyst
4676,30,2190,94175,Software Engineer
4677,35,2050,79457,Nurse
4678,20,2000,65000,Financial Analyst
4679,30,2170,79111,Nurse
4680,44,2134,123882,Cyber Security Analyst
4681,54,2042,97146,Financial Analyst
4682,22,2007,84232,Cyber Security Analyst
4683,64,2010,106115,Marketing Specialist
4684,47,2217,126276,Cyber Security Analyst
4685,25,2217,89741,Software Engineer
4686,39,2230,81767,Sales Representative
4687,48,2170,108409,Financial Analyst
4688,53,2200,102933,Teacher
4689,51,2217,134963,Cyber Security Analyst
4690,51,2190,101654,Financial Analyst
4691,32,2134,84243,Data Analyst
4692,35,2155,82934,Teacher
4693,49,2007,112367,Nurse
4694,37,2015,82082,Financial Analyst
4695,53,2050,95384,Accountant
4696,47,2015,127873,Cyber Security Analyst
4697,50,2134,102145,Teacher
4698,44,2095,85226,Sales Representative
4699,23,2031,71086,Accountant
4700,60,2095,124949,Software Engineer
4701,45,2134,93770,Nurse
4702,44,2000,88597,Marketing Specialist
4703,41,2077,104531,Software Engineer
4704,49,2122,102260,Marketing Specialist
4705,31,2134,81534,Nurse
4706,36,2190,74552,Accountant
4707,39,2190,109762,Cyber Security Analyst
4708,55,2010,102660,Nurse
4709,23,2230,75000,Software Engineer
4710,27,2134,97632,Project Manager
4711,23,2007,80000,Cyber Security Analyst
4712,48,2007,115862,Cyber Security Analyst
4713,36,2217,85855,Teacher
4714,60,2010,95473,Sales Representative
4715,28,2095,69977,Financial Analyst
4716,20,2010,55000,Sales Representative
4717,57,2042,97908,Data Analyst
4718,43,2015,85355,Marketing Specialist
4719,55,2190,115536,Financial Analyst
4720,22,2077,55000,Sales Representative
4721,22,2190,62774,Marketing Specialist
4722,28,2015,99032,Project Manager
4723,56,2220,99722,Accountant
4724,20,2095,70000,Nurse
4725,62,2145,108564,Marketing Specialist
4726,50,2077,105590,Financial Analyst
4727,44,2077,88362,Accountant
4728,31,2145,68703,Accountant
4729,63,2007,134837,Cyber Security Analyst
4730,21,2015,55000,Sales Representative
4731,24,2020,61276,Marketing Specialist
4732,64,2077,139519,Software Engineer
4733,62,2170,109648,Teacher
4734,63,2134,110000,Marketing Specialist
4735,25,2230,98192,Project Manager
4736,37,2150,71321,Accountant
4737,41,2122,108083,Cyber Security Analyst
4738,40,2007,96454,Software Engineer
4739,34,2031,93326,Nurse
4740,47,2220,101454,Nurse
4741,46,2095,122562,Cyber Security Analyst
4742,60,2170,105709,Teacher
4743,18,2060,83624,Cyber Security Analyst
4744,23,2095,60174,Marketing Specialist
4745,20,2050,89568,Cyber Security Analyst
4746,56,2060,97053,Marketing Specialist
4747,64,2134,134876,Cyber Security Analyst
4748,18,2220,66238,Teacher
4749,57,2095,96578,Teacher
4750,24,2155,62992,Marketing Specialist
4751,31,2095,104526,Cyber Security Analyst
4752,35,2122,109027,Project Manager
4753,55,2190,94742,Sales Representative
4754,45,2145,100216,Data Analyst
4755,53,2160,110913,Financial Analyst
4756,20,2095,65000,Financial Analyst
4757,44,2200,77483,Sales Representative
4758,48,2145,111862,Nurse
4759,54,2095,107660,Accountant
4760,32,2060,74733,Marketing Specialist
4761,59,2050,110000,Data Analyst
4762,34,2060,77161,Nurse
4763,51,2007,92373,Accountant
4764,46,2122,79860,Accountant
4765,45,2010,89817,Data Analyst
4766,52,2134,113939,Project Manager
4767,50,2190,94124,Financial Analyst
4768,49,2042,98778,Sales Representative
4769,60,2077,127413,Project Manager
4770,33,2160,86724,Nurse
4771,29,2200,90605,Project Manager
4772,18,2010,70773,Nurse
4773,59,2150,94294,Accountant
4774,24,2230,86758,Cyber Security Analyst
4775,28,2217,75126,Financial Analyst
4776,44,2134,112644,Cyber Security Analyst
4777,64,2112,136815,Cyber Security Analyst
4778,36,2160,94043,Financial Analyst
4779,58,2010,125416,Software Engineer
4780,25,2050,65000,Data Analyst
4781,35,2015,108298,Cyber Security Analyst
4782,39,2155,111560,Software Engineer
4783,47,2015,122790,Project Manager
4784,60,2060,96877,Sales Representative
4785,40,2112,101206,Software Engineer
4786,42,2160,83733,Accountant
4787,64,2190,101874,Data Analyst
4788,22,2020,86741,Cyber Security Analyst
4789,28,2220,100290,Project Manager
4790,30,2200,74280,Marketing Specialist
4791,19,2122,70232,Teacher
4792,24,2122,84618,Project Manager
4793,28,2190,76478,Accountant
4794,55,2230,123600,Software Engineer
4795,60,2160,109683,Marketing Specialist
4796,42,2200,92619,Teacher
4797,30,2007,81329,Data Analyst
4798,30,2170,78135,Data Analyst
4799,19,2200,67163,Teacher
4800,44,2095,95081,Data Analyst
4801,23,2015,96400,Cyber Security Analyst
4802,51,2015,131555,Project Manager
4803,26,2150,76650,Marketing Specialist
4804,53,2015,93298,Teacher
4805,58,2050,107778,Teacher
4806,52,2077,97445,Nurse
4807,24,2077,65231,Data Analyst
4808,62,2122,111503,Financial Analyst
4809,35,2134,75522,Teacher
4810,51,2010,106433,Teacher
4811,37,2134,77978,Financial Analyst
4812,19,2095,65000,Financial Analyst
4813,63,2020,140000,Software Engineer
4814,56,2015,101347,Sales Representative
4815,25,2060,85618,Software Engineer
4816,38,2031,111547,Software Engineer
4817,31,2010,67799,Sales Representative
4818,21,2077,76540,Financial Analyst
4819,52,2220,130008,Software Engineer
4820,54,2077,134056,Project Manager
4821,60,2015,117375,Financial Analyst
4822,20,2134,65000,Financial Analyst
4823,60,2060,101386,Teacher
4824,26,2015,95341,Software Engineer
4825,18,2150,75000,Software Engineer
4826,48,2122,104674,Teacher
4827,24,2031,81382,Financial Analyst
4828,53,2010,98180,Accountant
4829,28,2200,102475,Cyber Security Analyst
4830,62,2200,126402,Software Engineer
4831,48,2230,86065,Accountant
4832,28,2050,96132,Project Manager
4833,18,2060,88897,Project Manager
4834,64,2150,110000,Accountant
4835,33,2134,76276,Data Analyst
4836,57,2042,118783,Nurse
4837,36,2020,87404,Teacher
4838,55,2170,108788,Nurse
4839,35,2190,72169,Accountant
4840,63,2060,120000,Nurse
4841,49,2015,97969,Data Analyst
4842,55,2230,97650,Accountant
4843,62,2170,136892,Cyber Security Analyst
4844,59,2015,101131,Sales Representative
4845,26,2050,70851,Data Analyst
4846,65,2230,102365,Data Analyst
4847,61,2020,112892,Nurse
4848,35,2170,88603,Software Engineer
4849,59,2220,97246,Accountant
4850,62,2134,100632,Data Analyst
4851,39,2145,77071,Accountant
4852,27,2112,88100,Software Engineer
4853,44,2217,104662,Nurse
4854,61,2145,111923,Financial Analyst
4855,58,2042,138072,Cyber Security Analyst
4856,40,2217,81359,Accountant
4857,49,2060,97313,Marketing Specialist
4858,21,2000,72709,Financial Analyst
4859,47,2007,112058,Cyber Security Analyst
4860,65,2155,109472,Marketing Specialist
4861,31,2015,83241,Nurse
4862,27,2060,71333,Financial Analyst
4863,45,2150,98204,Data Analyst
4864,22,2145,61079,Sales Representative
4865,37,2145,76796,Accountant
4866,62,2150,119288,Financial Analyst
4867,35,2150,100738,Cyber Security Analyst
4868,46,2000,116404,Cyber Security Analyst
4869,59,2122,100789,Marketing Specialist
4870,53,2200,119422,Project Manager
4871,25,2230,75342,Financial Analyst
4872,51,2220,96855,Financial Analyst
4873,35,2077,104930,Project Manager
4874,19,2170,75000,Software Engineer
4875,33,2060,80558,Financial Analyst
4876,60,2190,140000,Project Manager
4877,51,2200,131924,Cyber Security Analyst
4878,51,2020,87237,Data Analyst
4879,38,2134,114142,Project Manager
4880,39,2150,81443,Data Analyst
4881,29,2230,90251,Software Engineer
4882,64,2060,117846,Nurse
4883,55,2200,102533,Accountant
4884,60,2170,110000,Sales Representative
4885,40,2122,110887,Software Engineer
4886,57,2050,102129,Accountant
4887,20,2112,72574,Teacher
4888,33,2095,105308,Project Manager
4889,32,2160,75432,Nurse
4890,62,2015,140000,Software Engineer
4891,26,2134,60000,Accountant
4892,31,2134,81360,Marketing Specialist
4893,65,2015,140000,Software Engineer
4894,46,2050,115752,Cyber Security Analyst
4895,31,2015,70029,Teacher
4896,34,2170,83725,Data Analyst
4897,25,2200,82479,Financial Analyst
4898,46,2010,90954,Accountant
4899,33,2015,65617,Sales Representative
4900,34,2160,71626,Sales Representative
4901,20,2220,61207,Marketing Specialist
4902,52,2217,117229,Cyber Security Analyst
4903,49,2134,93816,Accountant
4904,24,2155,92397,Software Engineer
4905,32,2060,61386,Sales Representative
4906,45,2112,98545,Teacher
4907,53,2000,121599,Cyber Security Analyst
4908,58,2000,100828,Sales Representative
4909,30,2031,94270,Cyber Security Analyst
4910,65,2230,105878,Data Analyst
4911,30,2042,67111,Accountant
4912,36,2007,83877,Marketing Specialist
4913,32,2020,62414,Sales Representative
4914,25,2112,67264,Accountant
4915,61,2020,107818,Nurse
4916,28,2122,60887,Marketing Specialist
4917,28,2007,83104,Teacher
4918,29,2015,74481,Nurse
4919,28,2010,65675,Accountant
4920,44,2134,108469,Software Engineer
4921,62,2060,145000,Cyber Security Analyst
4922,63,2217,140000,Project Manager
4923,55,2095,103143,Sales Representative
4924,28,2160,75291,Sales Representative
4925,31,2134,69470,Marketing Specialist
4926,57,2060,101834,Marketing Specialist
4927,34,2042,64379,Sales Representative
4928,30,2077,85071,Nurse
4929,52,2010,105221,Marketing Specialist
4930,25,2007,87209,Cyber Security Analyst
4931,65,2015,140000,Project Manager
4932,48,2200,110942,Nurse
4933,63,2007,145000,Cyber Security Analyst
4934,29,2050,88185,Project Manager
4935,33,2155,89248,Data Analyst
4936,52,2050,129683,Software Engineer
4937,53,2095,130609,Software Engineer
4938,52,2060,120578,Software Engineer
4939,39,2020,102651,Project Manager
4940,20,2150,70000,Nurse
4941,26,2220,61439,Accountant
4942,51,2190,130132,Cyber Security Analyst
4943,22,2230,82170,Nurse
4944,23,2145,65713,Teacher
4945,61,2095,106300,Financial Analyst
4946,20,2000,65000,Data Analyst
4947,64,2010,109610,Data Analyst
4948,28,2010,59409,Sales Representative
4949,62,2150,100028,Accountant
4950,46,2200,117919,Project Manager
4951,21,2000,55000,Sales Representative
4952,40,2122,82177,Teacher
4953,50,2077,100993,Financial Analyst
4954,28,2160,83677,Software Engineer
4955,56,2160,105091,Sales Representative
4956,36,2155,71659,Marketing Specialist
4957,27,2077,98877,Cyber Security Analyst
4958,57,2095,104773,Data Analyst
4959,48,2155,97966,Data Analyst
4960,47,2007,102400,Data Analyst
4961,21,2217,66433,Data Analyst
4962,33,2112,87146,Nurse
4963,23,2230,77223,Teacher
4964,35,2020,104979,Project Manager
4965,42,2015,80811,Sales Representative
4966,44,2060,122723,Cyber Security Analyst
4967,32,2112,71499,Teacher
4968,41,2031,100816,Financial Analyst
4969,42,2160,79269,Data Analyst
4970,58,2007,105880,Marketing Specialist
4971,31,2134,83559,Accountant
4972,57,2145,131422,Project Manager
4973,19,2200,63400,Sales Representative
4974,29,2010,87202,Cyber Security Analyst
4975,35,2015,84111,Data Analyst
4976,34,2015,108638,Project Manager
4977,51,2060,95071,Data Analyst
4978,59,2160,142222,Cyber Security Analyst
4979,49,2155,89331,Accountant
4980,42,2155,77634,Accountant
4981,43,2050,89329,Financial Analyst
4982,61,2020,137577,Software Engineer
4983,57,2230,106237,Financial Analyst
4984,51,2200,93693,Sales Representative
4985,44,2031,86104,Financial Analyst
4986,33,2220,80233,Nurse
4987,41,2134,106370,Project Manager
4988,24,2060,65000,Financial Analyst
4989,47,2122,92321,Data Analyst
4990,58,2031,114175,Nurse
4991,41,2007,88029,Financial Analyst
4992,43,2230,88688,Accountant
4993,39,2217,102935,Project Manager
4994,36,2230,69911,Accountant
4995,60,2150,135447,Software Engineer
4996,37,2060,89735,Nurse
4997,50,2155,99001,Sales Representative
4998,19,2230,60000,Accountant
4999,41,2160,90883,Accountant
5000,51,2060,126502,Cyber Security Analyst
